id,source_id,language,language_name,script,word,word_ascii,word_accept,letters,letter_sequence,char_length,multichar_letters,special_letters,clue_native,clue_en,difficulty,category,category_en,unique_letters,has_repeated_letters,decoy_letters,total_tiles
WB-0001,EN-0001,EN,English,Latin,BUILD,BUILD,BUILD,5,B|U|I|L|D,5,No,,To make something from parts,To make something from parts,Easy,Action,Actions,5,No,2,7
WB-0002,EN-0002,EN,English,Latin,DANCE,DANCE,DANCE,5,D|A|N|C|E,5,No,,To move your body to music,To move your body to music,Easy,Action,Actions,5,No,2,7
WB-0003,EN-0003,EN,English,Latin,DREAM,DREAM,DREAM,5,D|R|E|A|M,5,No,,Pictures in your mind while you sleep,Pictures in your mind while you sleep,Easy,Action,Actions,5,No,2,7
WB-0004,EN-0004,EN,English,Latin,DRINK,DRINK,DRINK,5,D|R|I|N|K,5,No,,To take liquid into your mouth,To take liquid into your mouth,Easy,Action,Actions,5,No,2,7
WB-0005,EN-0005,EN,English,Latin,JUMP,JUMP,JUMP,4,J|U|M|P,4,No,,To push yourself up into the air,To push yourself up into the air,Easy,Action,Actions,4,No,2,6
WB-0006,EN-0006,EN,English,Latin,LAUGH,LAUGH,LAUGH,5,L|A|U|G|H,5,No,,To make a happy sound at something funny,To make a happy sound at something funny,Easy,Action,Actions,5,No,2,7
WB-0007,EN-0007,EN,English,Latin,LEARN,LEARN,LEARN,5,L|E|A|R|N,5,No,,To get new knowledge,To get new knowledge,Easy,Action,Actions,5,No,2,7
WB-0008,EN-0008,EN,English,Latin,READ,READ,READ,4,R|E|A|D,4,No,,To look at words and understand them,To look at words and understand them,Easy,Action,Actions,4,No,2,6
WB-0009,EN-0009,EN,English,Latin,SHARE,SHARE,SHARE,5,S|H|A|R|E,5,No,,To give part of something to others,To give part of something to others,Easy,Action,Actions,5,No,2,7
WB-0010,EN-0010,EN,English,Latin,SLEEP,SLEEP,SLEEP,5,S|L|E|E|P,5,No,,To rest with your eyes closed,To rest with your eyes closed,Easy,Action,Actions,4,Yes,2,7
WB-0011,EN-0011,EN,English,Latin,SMILE,SMILE,SMILE,5,S|M|I|L|E,5,No,,To turn your mouth up when pleased,To turn your mouth up when pleased,Easy,Action,Actions,5,No,2,7
WB-0012,EN-0012,EN,English,Latin,SPEAK,SPEAK,SPEAK,5,S|P|E|A|K,5,No,,To say words aloud,To say words aloud,Easy,Action,Actions,5,No,2,7
WB-0013,EN-0013,EN,English,Latin,THINK,THINK,THINK,5,T|H|I|N|K,5,No,,To use your mind,To use your mind,Easy,Action,Actions,5,No,2,7
WB-0014,EN-0014,EN,English,Latin,WALK,WALK,WALK,4,W|A|L|K,4,No,,To move on foot,To move on foot,Easy,Action,Actions,4,No,2,6
WB-0015,EN-0015,EN,English,Latin,WRITE,WRITE,WRITE,5,W|R|I|T|E,5,No,,To put words on paper,To put words on paper,Easy,Action,Actions,5,No,2,7
WB-0016,EN-0016,EN,English,Latin,BEAR,BEAR,BEAR,4,B|E|A|R,4,No,,A large wild animal with thick fur,A large wild animal with thick fur,Easy,Animals,Animals,4,No,2,6
WB-0017,EN-0017,EN,English,Latin,BIRD,BIRD,BIRD,4,B|I|R|D,4,No,,An animal with feathers that can fly,An animal with feathers that can fly,Easy,Animals,Animals,4,No,2,6
WB-0018,EN-0018,EN,English,Latin,CAMEL,CAMEL,CAMEL,5,C|A|M|E|L,5,No,,A desert animal with a hump on its back,A desert animal with a hump on its back,Easy,Animals,Animals,5,No,2,7
WB-0019,EN-0019,EN,English,Latin,CRAB,CRAB,CRAB,4,C|R|A|B,4,No,,A sea animal with claws and a hard shell,A sea animal with claws and a hard shell,Easy,Animals,Animals,4,No,2,6
WB-0020,EN-0020,EN,English,Latin,DUCK,DUCK,DUCK,4,D|U|C|K,4,No,,A water bird with a flat beak,A water bird with a flat beak,Easy,Animals,Animals,4,No,2,6
WB-0021,EN-0021,EN,English,Latin,EAGLE,EAGLE,EAGLE,5,E|A|G|L|E,5,No,,A large bird that hunts,A large bird that hunts,Easy,Animals,Animals,4,Yes,2,7
WB-0022,EN-0022,EN,English,Latin,FISH,FISH,FISH,4,F|I|S|H,4,No,,An animal that lives in water and swims,An animal that lives in water and swims,Easy,Animals,Animals,4,No,2,6
WB-0023,EN-0023,EN,English,Latin,FROG,FROG,FROG,4,F|R|O|G,4,No,,A small green animal that jumps,A small green animal that jumps,Easy,Animals,Animals,4,No,2,6
WB-0024,EN-0024,EN,English,Latin,GOAT,GOAT,GOAT,4,G|O|A|T,4,No,,A farm animal with horns that likes to climb,A farm animal with horns that likes to climb,Easy,Animals,Animals,4,No,2,6
WB-0025,EN-0025,EN,English,Latin,HORSE,HORSE,HORSE,5,H|O|R|S|E,5,No,,A large animal that people ride,A large animal that people ride,Easy,Animals,Animals,5,No,2,7
WB-0026,EN-0026,EN,English,Latin,LAMB,LAMB,LAMB,4,L|A|M|B,4,No,,A young sheep,A young sheep,Easy,Animals,Animals,4,No,2,6
WB-0027,EN-0027,EN,English,Latin,MOUSE,MOUSE,MOUSE,5,M|O|U|S|E,5,No,,A very small animal with a long thin tail,A very small animal with a long thin tail,Easy,Animals,Animals,5,No,2,7
WB-0028,EN-0028,EN,English,Latin,SHARK,SHARK,SHARK,5,S|H|A|R|K,5,No,,A dangerous fish with sharp teeth,A dangerous fish with sharp teeth,Easy,Animals,Animals,5,No,2,7
WB-0029,EN-0029,EN,English,Latin,SHEEP,SHEEP,SHEEP,5,S|H|E|E|P,5,No,,A farm animal that gives wool,A farm animal that gives wool,Easy,Animals,Animals,4,Yes,2,7
WB-0030,EN-0030,EN,English,Latin,SNAKE,SNAKE,SNAKE,5,S|N|A|K|E,5,No,,A long animal with no legs,A long animal with no legs,Easy,Animals,Animals,5,No,2,7
WB-0031,EN-0031,EN,English,Latin,TIGER,TIGER,TIGER,5,T|I|G|E|R,5,No,,A big wild cat with orange and black stripes,A big wild cat with orange and black stripes,Easy,Animals,Animals,5,No,2,7
WB-0032,EN-0032,EN,English,Latin,WHALE,WHALE,WHALE,5,W|H|A|L|E,5,No,,The largest animal in the sea,The largest animal in the sea,Easy,Animals,Animals,5,No,2,7
WB-0033,EN-0033,EN,English,Latin,WOLF,WOLF,WOLF,4,W|O|L|F,4,No,,A wild animal like a large grey dog,A wild animal like a large grey dog,Easy,Animals,Animals,4,No,2,6
WB-0034,EN-0034,EN,English,Latin,ZEBRA,ZEBRA,ZEBRA,5,Z|E|B|R|A,5,No,,An African animal with black and white stripes,An African animal with black and white stripes,Easy,Animals,Animals,5,No,2,7
WB-0035,EN-0035,EN,English,Latin,BRAIN,BRAIN,BRAIN,5,B|R|A|I|N,5,No,,The organ you think with,The organ you think with,Easy,Body,Body,5,No,2,7
WB-0036,EN-0036,EN,English,Latin,CHEST,CHEST,CHEST,5,C|H|E|S|T,5,No,,The front of the body above the stomach,The front of the body above the stomach,Easy,Body,Body,5,No,2,7
WB-0037,EN-0037,EN,English,Latin,FACE,FACE,FACE,4,F|A|C|E,4,No,,The front of your head,The front of your head,Easy,Body,Body,4,No,2,6
WB-0038,EN-0038,EN,English,Latin,FOOT,FOOT,FOOT,4,F|O|O|T,4,No,,The part of the body you stand on,The part of the body you stand on,Easy,Body,Body,3,Yes,2,6
WB-0039,EN-0039,EN,English,Latin,HAIR,HAIR,HAIR,4,H|A|I|R,4,No,,It grows on your head,It grows on your head,Easy,Body,Body,4,No,2,6
WB-0040,EN-0040,EN,English,Latin,HAND,HAND,HAND,4,H|A|N|D,4,No,,The part of the body with five fingers,The part of the body with five fingers,Easy,Body,Body,4,No,2,6
WB-0041,EN-0041,EN,English,Latin,HEAD,HEAD,HEAD,4,H|E|A|D,4,No,,The top part of the body,The top part of the body,Easy,Body,Body,4,No,2,6
WB-0042,EN-0042,EN,English,Latin,HEART,HEART,HEART,5,H|E|A|R|T,5,No,,It beats inside your chest,It beats inside your chest,Easy,Body,Body,5,No,2,7
WB-0043,EN-0043,EN,English,Latin,KNEE,KNEE,KNEE,4,K|N|E|E,4,No,,The joint in the middle of your leg,The joint in the middle of your leg,Easy,Body,Body,3,Yes,2,6
WB-0044,EN-0044,EN,English,Latin,MOUTH,MOUTH,MOUTH,5,M|O|U|T|H,5,No,,You eat and speak with it,You eat and speak with it,Easy,Body,Body,5,No,2,7
WB-0045,EN-0045,EN,English,Latin,NOSE,NOSE,NOSE,4,N|O|S|E,4,No,,You breathe and smell through it,You breathe and smell through it,Easy,Body,Body,4,No,2,6
WB-0046,EN-0046,EN,English,Latin,THUMB,THUMB,THUMB,5,T|H|U|M|B,5,No,,The short thick finger on your hand,The short thick finger on your hand,Easy,Body,Body,5,No,2,7
WB-0047,EN-0047,EN,English,Latin,TOOTH,TOOTH,TOOTH,5,T|O|O|T|H,5,No,,One hard white part in your mouth,One hard white part in your mouth,Easy,Body,Body,3,Yes,2,7
WB-0048,EN-0048,EN,English,Latin,BANK,BANK,BANK,4,B|A|N|K,4,No,,A place that keeps your money safe,A place that keeps your money safe,Easy,City,City,4,No,2,6
WB-0049,EN-0049,EN,English,Latin,CAFE,CAFE,CAFE,4,C|A|F|E,4,No,,A small place to drink coffee,A small place to drink coffee,Easy,City,City,4,No,2,6
WB-0050,EN-0050,EN,English,Latin,CITY,CITY,CITY,4,C|I|T|Y,4,No,,A large place where many people live,A large place where many people live,Easy,City,City,4,No,2,6
WB-0051,EN-0051,EN,English,Latin,HOTEL,HOTEL,HOTEL,5,H|O|T|E|L,5,No,,A building where travellers sleep,A building where travellers sleep,Easy,City,City,5,No,2,7
WB-0052,EN-0052,EN,English,Latin,PARK,PARK,PARK,4,P|A|R|K,4,No,,Green public space in a city,Green public space in a city,Easy,City,City,4,No,2,6
WB-0053,EN-0053,EN,English,Latin,PLANE,PLANE,PLANE,5,P|L|A|N|E,5,No,,It carries people through the air,It carries people through the air,Easy,City,City,5,No,2,7
WB-0054,EN-0054,EN,English,Latin,ROAD,ROAD,ROAD,4,R|O|A|D,4,No,,A hard surface that cars drive on,A hard surface that cars drive on,Easy,City,City,4,No,2,6
WB-0055,EN-0055,EN,English,Latin,SHOP,SHOP,SHOP,4,S|H|O|P,4,No,,A place where you buy things,A place where you buy things,Easy,City,City,4,No,2,6
WB-0056,EN-0056,EN,English,Latin,STORE,STORE,STORE,5,S|T|O|R|E,5,No,,Another word for a shop,Another word for a shop,Easy,City,City,5,No,2,7
WB-0057,EN-0057,EN,English,Latin,TOWN,TOWN,TOWN,4,T|O|W|N,4,No,,A place smaller than a city,A place smaller than a city,Easy,City,City,4,No,2,6
WB-0058,EN-0058,EN,English,Latin,TRAIN,TRAIN,TRAIN,5,T|R|A|I|N,5,No,,It carries people along rails,It carries people along rails,Easy,City,City,5,No,2,7
WB-0059,EN-0059,EN,English,Latin,BELT,BELT,BELT,4,B|E|L|T,4,No,,A strip worn around the waist,A strip worn around the waist,Easy,Clothing,Clothing,4,No,2,6
WB-0060,EN-0060,EN,English,Latin,BOOTS,BOOTS,BOOTS,5,B|O|O|T|S,5,No,,Strong shoes that cover the ankle,Strong shoes that cover the ankle,Easy,Clothing,Clothing,4,Yes,2,7
WB-0061,EN-0061,EN,English,Latin,COAT,COAT,COAT,4,C|O|A|T,4,No,,Warm clothing worn outside,Warm clothing worn outside,Easy,Clothing,Clothing,4,No,2,6
WB-0062,EN-0062,EN,English,Latin,DRESS,DRESS,DRESS,5,D|R|E|S|S,5,No,,One piece of clothing worn by women,One piece of clothing worn by women,Easy,Clothing,Clothing,4,Yes,2,7
WB-0063,EN-0063,EN,English,Latin,GLOVE,GLOVE,GLOVE,5,G|L|O|V|E,5,No,,Clothing that covers your hand,Clothing that covers your hand,Easy,Clothing,Clothing,5,No,2,7
WB-0064,EN-0064,EN,English,Latin,JEANS,JEANS,JEANS,5,J|E|A|N|S,5,No,,Trousers made of strong blue cotton,Trousers made of strong blue cotton,Easy,Clothing,Clothing,5,No,2,7
WB-0065,EN-0065,EN,English,Latin,SCARF,SCARF,SCARF,5,S|C|A|R|F,5,No,,Cloth worn around the neck in winter,Cloth worn around the neck in winter,Easy,Clothing,Clothing,5,No,2,7
WB-0066,EN-0066,EN,English,Latin,SHIRT,SHIRT,SHIRT,5,S|H|I|R|T,5,No,,Clothing for the upper body with buttons,Clothing for the upper body with buttons,Easy,Clothing,Clothing,5,No,2,7
WB-0067,EN-0067,EN,English,Latin,SHOE,SHOE,SHOE,4,S|H|O|E,4,No,,You wear it on your foot,You wear it on your foot,Easy,Clothing,Clothing,4,No,2,6
WB-0068,EN-0068,EN,English,Latin,SKIRT,SKIRT,SKIRT,5,S|K|I|R|T,5,No,,Clothing that hangs from the waist,Clothing that hangs from the waist,Easy,Clothing,Clothing,5,No,2,7
WB-0069,EN-0069,EN,English,Latin,SOCK,SOCK,SOCK,4,S|O|C|K,4,No,,Soft clothing worn inside a shoe,Soft clothing worn inside a shoe,Easy,Clothing,Clothing,4,No,2,6
WB-0070,EN-0070,EN,English,Latin,BLACK,BLACK,BLACK,5,B|L|A|C|K,5,No,,The darkest colour,The darkest colour,Easy,Colour,Colours,5,No,2,7
WB-0071,EN-0071,EN,English,Latin,BLUE,BLUE,BLUE,4,B|L|U|E,4,No,,The colour of a clear sky,The colour of a clear sky,Easy,Colour,Colours,4,No,2,6
WB-0072,EN-0072,EN,English,Latin,BROWN,BROWN,BROWN,5,B|R|O|W|N,5,No,,The colour of soil and wood,The colour of soil and wood,Easy,Colour,Colours,5,No,2,7
WB-0073,EN-0073,EN,English,Latin,GOLD,GOLD,GOLD,4,G|O|L|D,4,No,,A shiny yellow precious metal,A shiny yellow precious metal,Easy,Colour,Colours,4,No,2,6
WB-0074,EN-0074,EN,English,Latin,GREEN,GREEN,GREEN,5,G|R|E|E|N,5,No,,The colour of grass,The colour of grass,Easy,Colour,Colours,4,Yes,2,7
WB-0075,EN-0075,EN,English,Latin,GREY,GREY,GREY,4,G|R|E|Y,4,No,,A colour between black and white,A colour between black and white,Easy,Colour,Colours,4,No,2,6
WB-0076,EN-0076,EN,English,Latin,PINK,PINK,PINK,4,P|I|N|K,4,No,,A pale red colour,A pale red colour,Easy,Colour,Colours,4,No,2,6
WB-0077,EN-0077,EN,English,Latin,WHITE,WHITE,WHITE,5,W|H|I|T|E,5,No,,The colour of fresh snow,The colour of fresh snow,Easy,Colour,Colours,5,No,2,7
WB-0078,EN-0078,EN,English,Latin,BRAVE,BRAVE,BRAVE,5,B|R|A|V|E,5,No,,Showing no fear,Showing no fear,Easy,Describe,Qualities,5,No,2,7
WB-0079,EN-0079,EN,English,Latin,CLEAN,CLEAN,CLEAN,5,C|L|E|A|N,5,No,,Free from dirt,Free from dirt,Easy,Describe,Qualities,5,No,2,7
WB-0080,EN-0080,EN,English,Latin,COLD,COLD,COLD,4,C|O|L|D,4,No,,Low in temperature,Low in temperature,Easy,Describe,Qualities,4,No,2,6
WB-0081,EN-0081,EN,English,Latin,DARK,DARK,DARK,4,D|A|R|K,4,No,,With little or no light,With little or no light,Easy,Describe,Qualities,4,No,2,6
WB-0082,EN-0082,EN,English,Latin,EARLY,EARLY,EARLY,5,E|A|R|L|Y,5,No,,Before the usual time,Before the usual time,Easy,Describe,Qualities,5,No,2,7
WB-0083,EN-0083,EN,English,Latin,FAST,FAST,FAST,4,F|A|S|T,4,No,,Moving at high speed,Moving at high speed,Easy,Describe,Qualities,4,No,2,6
WB-0084,EN-0084,EN,English,Latin,FRESH,FRESH,FRESH,5,F|R|E|S|H,5,No,,New and not old,New and not old,Easy,Describe,Qualities,5,No,2,7
WB-0085,EN-0085,EN,English,Latin,HAPPY,HAPPY,HAPPY,5,H|A|P|P|Y,5,No,,Feeling pleased and cheerful,Feeling pleased and cheerful,Easy,Describe,Qualities,4,Yes,2,7
WB-0086,EN-0086,EN,English,Latin,HARD,HARD,HARD,4,H|A|R|D,4,No,,Firm and solid to touch,Firm and solid to touch,Easy,Describe,Qualities,4,No,2,6
WB-0087,EN-0087,EN,English,Latin,HEAVY,HEAVY,HEAVY,5,H|E|A|V|Y,5,No,,Weighing a lot,Weighing a lot,Easy,Describe,Qualities,5,No,2,7
WB-0088,EN-0088,EN,English,Latin,LARGE,LARGE,LARGE,5,L|A|R|G|E,5,No,,Big in size,Big in size,Easy,Describe,Qualities,5,No,2,7
WB-0089,EN-0089,EN,English,Latin,LOUD,LOUD,LOUD,4,L|O|U|D,4,No,,Making a lot of noise,Making a lot of noise,Easy,Describe,Qualities,4,No,2,6
WB-0090,EN-0090,EN,English,Latin,QUIET,QUIET,QUIET,5,Q|U|I|E|T,5,No,,Making very little noise,Making very little noise,Easy,Describe,Qualities,5,No,2,7
WB-0091,EN-0091,EN,English,Latin,SLOW,SLOW,SLOW,4,S|L|O|W,4,No,,Not moving quickly,Not moving quickly,Easy,Describe,Qualities,4,No,2,6
WB-0092,EN-0092,EN,English,Latin,SMALL,SMALL,SMALL,5,S|M|A|L|L,5,No,,Little in size,Little in size,Easy,Describe,Qualities,4,Yes,2,7
WB-0093,EN-0093,EN,English,Latin,SOFT,SOFT,SOFT,4,S|O|F|T,4,No,,"Easy to press, not hard","Easy to press, not hard",Easy,Describe,Qualities,4,No,2,6
WB-0094,EN-0094,EN,English,Latin,SWEET,SWEET,SWEET,5,S|W|E|E|T,5,No,,Tasting like sugar,Tasting like sugar,Easy,Describe,Qualities,4,Yes,2,7
WB-0095,EN-0095,EN,English,Latin,WARM,WARM,WARM,4,W|A|R|M,4,No,,Pleasantly hot,Pleasantly hot,Easy,Describe,Qualities,4,No,2,6
WB-0096,EN-0096,EN,English,Latin,YOUNG,YOUNG,YOUNG,5,Y|O|U|N|G,5,No,,"Not old, early in life","Not old, early in life",Easy,Describe,Qualities,5,No,2,7
WB-0097,EN-0097,EN,English,Latin,APPLE,APPLE,APPLE,5,A|P|P|L|E,5,No,,"A round fruit, often red or green","A round fruit, often red or green",Easy,Food,Food,4,Yes,2,7
WB-0098,EN-0098,EN,English,Latin,BEAN,BEAN,BEAN,4,B|E|A|N,4,No,,A small seed eaten as a vegetable,A small seed eaten as a vegetable,Easy,Food,Food,4,No,2,6
WB-0099,EN-0099,EN,English,Latin,BREAD,BREAD,BREAD,5,B|R|E|A|D,5,No,,Baked food made from flour,Baked food made from flour,Easy,Food,Food,5,No,2,7
WB-0100,EN-0100,EN,English,Latin,CAKE,CAKE,CAKE,4,C|A|K|E,4,No,,A sweet food baked for birthdays,A sweet food baked for birthdays,Easy,Food,Food,4,No,2,6
WB-0101,EN-0101,EN,English,Latin,CORN,CORN,CORN,4,C|O|R|N,4,No,,Yellow grains that grow on a cob,Yellow grains that grow on a cob,Easy,Food,Food,4,No,2,6
WB-0102,EN-0102,EN,English,Latin,CREAM,CREAM,CREAM,5,C|R|E|A|M,5,No,,The thick rich part of milk,The thick rich part of milk,Easy,Food,Food,5,No,2,7
WB-0103,EN-0103,EN,English,Latin,HONEY,HONEY,HONEY,5,H|O|N|E|Y,5,No,,A sweet golden food made by bees,A sweet golden food made by bees,Easy,Food,Food,5,No,2,7
WB-0104,EN-0104,EN,English,Latin,JUICE,JUICE,JUICE,5,J|U|I|C|E,5,No,,A drink made from fruit,A drink made from fruit,Easy,Food,Food,5,No,2,7
WB-0105,EN-0105,EN,English,Latin,LEMON,LEMON,LEMON,5,L|E|M|O|N,5,No,,A sour yellow fruit,A sour yellow fruit,Easy,Food,Food,5,No,2,7
WB-0106,EN-0106,EN,English,Latin,MEAT,MEAT,MEAT,4,M|E|A|T,4,No,,Food that comes from animals,Food that comes from animals,Easy,Food,Food,4,No,2,6
WB-0107,EN-0107,EN,English,Latin,MILK,MILK,MILK,4,M|I|L|K,4,No,,A white drink that comes from cows,A white drink that comes from cows,Easy,Food,Food,4,No,2,6
WB-0108,EN-0108,EN,English,Latin,OLIVE,OLIVE,OLIVE,5,O|L|I|V|E,5,No,,A small salty fruit used for oil,A small salty fruit used for oil,Easy,Food,Food,5,No,2,7
WB-0109,EN-0109,EN,English,Latin,ONION,ONION,ONION,5,O|N|I|O|N,5,No,,A round vegetable that makes you cry,A round vegetable that makes you cry,Easy,Food,Food,3,Yes,2,7
WB-0110,EN-0110,EN,English,Latin,PASTA,PASTA,PASTA,5,P|A|S|T|A,5,No,,Italian food made from flour and water,Italian food made from flour and water,Easy,Food,Food,4,Yes,2,7
WB-0111,EN-0111,EN,English,Latin,PEAR,PEAR,PEAR,4,P|E|A|R,4,No,,"A sweet fruit, wide at the bottom","A sweet fruit, wide at the bottom",Easy,Food,Food,4,No,2,6
WB-0112,EN-0112,EN,English,Latin,PLUM,PLUM,PLUM,4,P|L|U|M,4,No,,A small purple fruit with a stone inside,A small purple fruit with a stone inside,Easy,Food,Food,4,No,2,6
WB-0113,EN-0113,EN,English,Latin,RICE,RICE,RICE,4,R|I|C|E,4,No,,Small white grains cooked in water,Small white grains cooked in water,Easy,Food,Food,4,No,2,6
WB-0114,EN-0114,EN,English,Latin,SALT,SALT,SALT,4,S|A|L|T,4,No,,White grains that add flavour,White grains that add flavour,Easy,Food,Food,4,No,2,6
WB-0115,EN-0115,EN,English,Latin,SOUP,SOUP,SOUP,4,S|O|U|P,4,No,,A hot liquid food eaten with a spoon,A hot liquid food eaten with a spoon,Easy,Food,Food,4,No,2,6
WB-0116,EN-0116,EN,English,Latin,SUGAR,SUGAR,SUGAR,5,S|U|G|A|R,5,No,,Sweet white grains added to tea,Sweet white grains added to tea,Easy,Food,Food,5,No,2,7
WB-0117,EN-0117,EN,English,Latin,BRUSH,BRUSH,BRUSH,5,B|R|U|S|H,5,No,,A tool with bristles for cleaning or hair,A tool with bristles for cleaning or hair,Easy,Home,Home,5,No,2,7
WB-0118,EN-0118,EN,English,Latin,CHAIR,CHAIR,CHAIR,5,C|H|A|I|R,5,No,,Furniture you sit on,Furniture you sit on,Easy,Home,Home,5,No,2,7
WB-0119,EN-0119,EN,English,Latin,CLOCK,CLOCK,CLOCK,5,C|L|O|C|K,5,No,,It shows you the time,It shows you the time,Easy,Home,Home,4,Yes,2,7
WB-0120,EN-0120,EN,English,Latin,DESK,DESK,DESK,4,D|E|S|K,4,No,,A table you work at,A table you work at,Easy,Home,Home,4,No,2,6
WB-0121,EN-0121,EN,English,Latin,DOOR,DOOR,DOOR,4,D|O|O|R,4,No,,You open it to enter a room,You open it to enter a room,Easy,Home,Home,3,Yes,2,6
WB-0122,EN-0122,EN,English,Latin,FLOOR,FLOOR,FLOOR,5,F|L|O|O|R,5,No,,The surface you walk on indoors,The surface you walk on indoors,Easy,Home,Home,4,Yes,2,7
WB-0123,EN-0123,EN,English,Latin,GLASS,GLASS,GLASS,5,G|L|A|S|S,5,No,,A clear container for drinking,A clear container for drinking,Easy,Home,Home,4,Yes,2,7
WB-0124,EN-0124,EN,English,Latin,HOUSE,HOUSE,HOUSE,5,H|O|U|S|E,5,No,,A building where a family lives,A building where a family lives,Easy,Home,Home,5,No,2,7
WB-0125,EN-0125,EN,English,Latin,KNIFE,KNIFE,KNIFE,5,K|N|I|F|E,5,No,,A tool with a blade for cutting,A tool with a blade for cutting,Easy,Home,Home,5,No,2,7
WB-0126,EN-0126,EN,English,Latin,LAMP,LAMP,LAMP,4,L|A|M|P,4,No,,It gives light in a room,It gives light in a room,Easy,Home,Home,4,No,2,6
WB-0127,EN-0127,EN,English,Latin,PLATE,PLATE,PLATE,5,P|L|A|T|E,5,No,,A flat dish for food,A flat dish for food,Easy,Home,Home,5,No,2,7
WB-0128,EN-0128,EN,English,Latin,ROOF,ROOF,ROOF,4,R|O|O|F,4,No,,The cover on top of a building,The cover on top of a building,Easy,Home,Home,3,Yes,2,6
WB-0129,EN-0129,EN,English,Latin,SHELF,SHELF,SHELF,5,S|H|E|L|F,5,No,,A flat board for keeping books,A flat board for keeping books,Easy,Home,Home,5,No,2,7
WB-0130,EN-0130,EN,English,Latin,SOFA,SOFA,SOFA,4,S|O|F|A,4,No,,A long soft seat for several people,A long soft seat for several people,Easy,Home,Home,4,No,2,6
WB-0131,EN-0131,EN,English,Latin,SPOON,SPOON,SPOON,5,S|P|O|O|N,5,No,,A tool for eating soup,A tool for eating soup,Easy,Home,Home,4,Yes,2,7
WB-0132,EN-0132,EN,English,Latin,TABLE,TABLE,TABLE,5,T|A|B|L|E,5,No,,Furniture with a flat top and legs,Furniture with a flat top and legs,Easy,Home,Home,5,No,2,7
WB-0133,EN-0133,EN,English,Latin,TOWEL,TOWEL,TOWEL,5,T|O|W|E|L,5,No,,Cloth for drying yourself,Cloth for drying yourself,Easy,Home,Home,5,No,2,7
WB-0134,EN-0134,EN,English,Latin,WALL,WALL,WALL,4,W|A|L|L,4,No,,The flat side of a room,The flat side of a room,Easy,Home,Home,3,Yes,2,6
WB-0135,EN-0135,EN,English,Latin,BEACH,BEACH,BEACH,5,B|E|A|C|H,5,No,,Sandy ground beside the sea,Sandy ground beside the sea,Easy,Nature,Nature,5,No,2,7
WB-0136,EN-0136,EN,English,Latin,CLOUD,CLOUD,CLOUD,5,C|L|O|U|D,5,No,,White or grey shape floating in the sky,White or grey shape floating in the sky,Easy,Nature,Nature,5,No,2,7
WB-0137,EN-0137,EN,English,Latin,FIELD,FIELD,FIELD,5,F|I|E|L|D,5,No,,Open land where crops grow,Open land where crops grow,Easy,Nature,Nature,5,No,2,7
WB-0138,EN-0138,EN,English,Latin,FIRE,FIRE,FIRE,4,F|I|R|E,4,No,,Hot flames that burn,Hot flames that burn,Easy,Nature,Nature,4,No,2,6
WB-0139,EN-0139,EN,English,Latin,GRASS,GRASS,GRASS,5,G|R|A|S|S,5,No,,Green plants that cover a lawn,Green plants that cover a lawn,Easy,Nature,Nature,4,Yes,2,7
WB-0140,EN-0140,EN,English,Latin,HILL,HILL,HILL,4,H|I|L|L,4,No,,"Ground that rises, smaller than a mountain","Ground that rises, smaller than a mountain",Easy,Nature,Nature,3,Yes,2,6
WB-0141,EN-0141,EN,English,Latin,LAKE,LAKE,LAKE,4,L|A|K|E,4,No,,A large area of water with land all around,A large area of water with land all around,Easy,Nature,Nature,4,No,2,6
WB-0142,EN-0142,EN,English,Latin,LEAF,LEAF,LEAF,4,L|E|A|F,4,No,,The flat green part of a plant,The flat green part of a plant,Easy,Nature,Nature,4,No,2,6
WB-0143,EN-0143,EN,English,Latin,MOON,MOON,MOON,4,M|O|O|N,4,No,,It circles the Earth and glows at night,It circles the Earth and glows at night,Easy,Nature,Nature,3,Yes,2,6
WB-0144,EN-0144,EN,English,Latin,RAIN,RAIN,RAIN,4,R|A|I|N,4,No,,Water falling from the clouds,Water falling from the clouds,Easy,Nature,Nature,4,No,2,6
WB-0145,EN-0145,EN,English,Latin,RIVER,RIVER,RIVER,5,R|I|V|E|R,5,No,,Water flowing towards the sea,Water flowing towards the sea,Easy,Nature,Nature,4,Yes,2,7
WB-0146,EN-0146,EN,English,Latin,ROCK,ROCK,ROCK,4,R|O|C|K,4,No,,A hard lump of natural material,A hard lump of natural material,Easy,Nature,Nature,4,No,2,6
WB-0147,EN-0147,EN,English,Latin,SAND,SAND,SAND,4,S|A|N|D,4,No,,Tiny grains that cover a beach,Tiny grains that cover a beach,Easy,Nature,Nature,4,No,2,6
WB-0148,EN-0148,EN,English,Latin,SNOW,SNOW,SNOW,4,S|N|O|W,4,No,,Soft white flakes that fall in winter,Soft white flakes that fall in winter,Easy,Nature,Nature,4,No,2,6
WB-0149,EN-0149,EN,English,Latin,STAR,STAR,STAR,4,S|T|A|R,4,No,,A bright point of light in the night sky,A bright point of light in the night sky,Easy,Nature,Nature,4,No,2,6
WB-0150,EN-0150,EN,English,Latin,STONE,STONE,STONE,5,S|T|O|N|E,5,No,,A small hard piece of rock,A small hard piece of rock,Easy,Nature,Nature,5,No,2,7
WB-0151,EN-0151,EN,English,Latin,STORM,STORM,STORM,5,S|T|O|R|M,5,No,,Violent weather with strong wind and rain,Violent weather with strong wind and rain,Easy,Nature,Nature,5,No,2,7
WB-0152,EN-0152,EN,English,Latin,TREE,TREE,TREE,4,T|R|E|E,4,No,,A tall plant with a trunk and branches,A tall plant with a trunk and branches,Easy,Nature,Nature,3,Yes,2,6
WB-0153,EN-0153,EN,English,Latin,WAVE,WAVE,WAVE,4,W|A|V|E,4,No,,Moving water rolling onto the shore,Moving water rolling onto the shore,Easy,Nature,Nature,4,No,2,6
WB-0154,EN-0154,EN,English,Latin,WIND,WIND,WIND,4,W|I|N|D,4,No,,Moving air you feel outside,Moving air you feel outside,Easy,Nature,Nature,4,No,2,6
WB-0155,EN-0155,EN,English,Latin,BOOK,BOOK,BOOK,4,B|O|O|K,4,No,,"Pages with a story, bound together","Pages with a story, bound together",Easy,School,School,3,Yes,2,6
WB-0156,EN-0156,EN,English,Latin,CLASS,CLASS,CLASS,5,C|L|A|S|S,5,No,,A group of students learning together,A group of students learning together,Easy,School,School,4,Yes,2,7
WB-0157,EN-0157,EN,English,Latin,NOTE,NOTE,NOTE,4,N|O|T|E,4,No,,Something short you write to remember,Something short you write to remember,Easy,School,School,4,No,2,6
WB-0158,EN-0158,EN,English,Latin,PAGE,PAGE,PAGE,4,P|A|G|E,4,No,,One side of a sheet in a book,One side of a sheet in a book,Easy,School,School,4,No,2,6
WB-0159,EN-0159,EN,English,Latin,PAPER,PAPER,PAPER,5,P|A|P|E|R,5,No,,Thin material you write on,Thin material you write on,Easy,School,School,4,Yes,2,7
WB-0160,EN-0160,EN,English,Latin,STUDY,STUDY,STUDY,5,S|T|U|D|Y,5,No,,To learn something carefully,To learn something carefully,Easy,School,School,5,No,2,7
WB-0161,EN-0161,EN,English,Latin,WORD,WORD,WORD,4,W|O|R|D,4,No,,Letters together that mean something,Letters together that mean something,Easy,School,School,4,No,2,6
WB-0162,EN-0162,EN,English,Latin,BALL,BALL,BALL,4,B|A|L|L,4,No,,A round object used in games,A round object used in games,Easy,Sport,Sport,3,Yes,2,6
WB-0163,EN-0163,EN,English,Latin,GAME,GAME,GAME,4,G|A|M|E,4,No,,An activity played for fun,An activity played for fun,Easy,Sport,Sport,4,No,2,6
WB-0164,EN-0164,EN,English,Latin,MATCH,MATCH,MATCH,5,M|A|T|C|H,5,No,,A game between two sides,A game between two sides,Easy,Sport,Sport,5,No,2,7
WB-0165,EN-0165,EN,English,Latin,RACE,RACE,RACE,4,R|A|C|E,4,No,,A contest of speed,A contest of speed,Easy,Sport,Sport,4,No,2,6
WB-0166,EN-0166,EN,English,Latin,SPORT,SPORT,SPORT,5,S|P|O|R|T,5,No,,A physical activity with rules,A physical activity with rules,Easy,Sport,Sport,5,No,2,7
WB-0167,EN-0167,EN,English,Latin,SWIM,SWIM,SWIM,4,S|W|I|M,4,No,,To move through water,To move through water,Easy,Sport,Sport,4,No,2,6
WB-0168,EN-0168,EN,English,Latin,TEAM,TEAM,TEAM,4,T|E|A|M,4,No,,A group that plays together,A group that plays together,Easy,Sport,Sport,4,No,2,6
WB-0169,EN-0169,EN,English,Latin,DATE,DATE,DATE,4,D|A|T|E,4,No,,"The day, month and year","The day, month and year",Easy,Time,Time,4,No,2,6
WB-0170,EN-0170,EN,English,Latin,HOUR,HOUR,HOUR,4,H|O|U|R,4,No,,Sixty minutes,Sixty minutes,Easy,Time,Time,4,No,2,6
WB-0171,EN-0171,EN,English,Latin,MONTH,MONTH,MONTH,5,M|O|N|T|H,5,No,,There are twelve of these in a year,There are twelve of these in a year,Easy,Time,Time,5,No,2,7
WB-0172,EN-0172,EN,English,Latin,NIGHT,NIGHT,NIGHT,5,N|I|G|H|T,5,No,,The dark hours when people sleep,The dark hours when people sleep,Easy,Time,Time,5,No,2,7
WB-0173,EN-0173,EN,English,Latin,TODAY,TODAY,TODAY,5,T|O|D|A|Y,5,No,,This present day,This present day,Easy,Time,Time,5,No,2,7
WB-0174,EN-0174,EN,English,Latin,WEEK,WEEK,WEEK,4,W|E|E|K,4,No,,Seven days together,Seven days together,Easy,Time,Time,3,Yes,2,6
WB-0175,EN-0175,EN,English,Latin,YEAR,YEAR,YEAR,4,Y|E|A|R,4,No,,Twelve months together,Twelve months together,Easy,Time,Time,4,No,2,6
WB-0176,EN-0176,EN,English,Latin,CASH,CASH,CASH,4,C|A|S|H,4,No,,Money in notes and coins,Money in notes and coins,Easy,Work,Work,4,No,2,6
WB-0177,EN-0177,EN,English,Latin,COIN,COIN,COIN,4,C|O|I|N,4,No,,A round piece of metal money,A round piece of metal money,Easy,Work,Work,4,No,2,6
WB-0178,EN-0178,EN,English,Latin,MONEY,MONEY,MONEY,5,M|O|N|E|Y,5,No,,What you use to buy things,What you use to buy things,Easy,Work,Work,5,No,2,7
WB-0179,EN-0179,EN,English,Latin,PRICE,PRICE,PRICE,5,P|R|I|C|E,5,No,,The amount you must pay,The amount you must pay,Easy,Work,Work,5,No,2,7
WB-0180,EN-0180,EN,English,Latin,WORK,WORK,WORK,4,W|O|R|K,4,No,,What you do to earn money,What you do to earn money,Easy,Work,Work,4,No,2,6
WB-0181,EN-0181,EN,English,Latin,ACCEPT,ACCEPT,ACCEPT,6,A|C|C|E|P|T,6,No,,To agree to take something,To agree to take something,Medium,Action,Actions,5,Yes,3,9
WB-0182,EN-0182,EN,English,Latin,ARRIVE,ARRIVE,ARRIVE,6,A|R|R|I|V|E,6,No,,To reach a place,To reach a place,Medium,Action,Actions,5,Yes,3,9
WB-0183,EN-0183,EN,English,Latin,CHOOSE,CHOOSE,CHOOSE,6,C|H|O|O|S|E,6,No,,To pick one from several,To pick one from several,Medium,Action,Actions,5,Yes,3,9
WB-0184,EN-0184,EN,English,Latin,DECIDE,DECIDE,DECIDE,6,D|E|C|I|D|E,6,No,,To make a choice,To make a choice,Medium,Action,Actions,4,Yes,3,9
WB-0185,EN-0185,EN,English,Latin,DELIVER,DELIVER,DELIVER,7,D|E|L|I|V|E|R,7,No,,To bring goods to a place,To bring goods to a place,Medium,Action,Actions,6,Yes,3,10
WB-0186,EN-0186,EN,English,Latin,DEPART,DEPART,DEPART,6,D|E|P|A|R|T,6,No,,To leave a place,To leave a place,Medium,Action,Actions,6,No,3,9
WB-0187,EN-0187,EN,English,Latin,EXPECT,EXPECT,EXPECT,6,E|X|P|E|C|T,6,No,,To think something will happen,To think something will happen,Medium,Action,Actions,5,Yes,3,9
WB-0188,EN-0188,EN,English,Latin,EXPLAIN,EXPLAIN,EXPLAIN,7,E|X|P|L|A|I|N,7,No,,To make something clear,To make something clear,Medium,Action,Actions,7,No,3,10
WB-0189,EN-0189,EN,English,Latin,FOLLOW,FOLLOW,FOLLOW,6,F|O|L|L|O|W,6,No,,To go behind someone,To go behind someone,Medium,Action,Actions,4,Yes,3,9
WB-0190,EN-0190,EN,English,Latin,GATHER,GATHER,GATHER,6,G|A|T|H|E|R,6,No,,To bring things together,To bring things together,Medium,Action,Actions,6,No,3,9
WB-0191,EN-0191,EN,English,Latin,IMPROVE,IMPROVE,IMPROVE,7,I|M|P|R|O|V|E,7,No,,To make something better,To make something better,Medium,Action,Actions,7,No,3,10
WB-0192,EN-0192,EN,English,Latin,INVITE,INVITE,INVITE,6,I|N|V|I|T|E,6,No,,To ask someone to come,To ask someone to come,Medium,Action,Actions,5,Yes,3,9
WB-0193,EN-0193,EN,English,Latin,PREPARE,PREPARE,PREPARE,7,P|R|E|P|A|R|E,7,No,,To get ready,To get ready,Medium,Action,Actions,4,Yes,3,10
WB-0194,EN-0194,EN,English,Latin,PROMISE,PROMISE,PROMISE,7,P|R|O|M|I|S|E,7,No,,To say you will surely do something,To say you will surely do something,Medium,Action,Actions,7,No,3,10
WB-0195,EN-0195,EN,English,Latin,REPEAT,REPEAT,REPEAT,6,R|E|P|E|A|T,6,No,,To do or say something again,To do or say something again,Medium,Action,Actions,5,Yes,3,9
WB-0196,EN-0196,EN,English,Latin,SEARCH,SEARCH,SEARCH,6,S|E|A|R|C|H,6,No,,To look for something carefully,To look for something carefully,Medium,Action,Actions,6,No,3,9
WB-0197,EN-0197,EN,English,Latin,DONKEY,DONKEY,DONKEY,6,D|O|N|K|E|Y,6,No,,A working animal with long ears,A working animal with long ears,Medium,Animals,Animals,6,No,3,9
WB-0198,EN-0198,EN,English,Latin,FEATHER,FEATHER,FEATHER,7,F|E|A|T|H|E|R,7,No,,One light part of a bird's covering,One light part of a bird's covering,Medium,Animals,Animals,6,Yes,3,10
WB-0199,EN-0199,EN,English,Latin,INSECT,INSECT,INSECT,6,I|N|S|E|C|T,6,No,,A small creature with six legs,A small creature with six legs,Medium,Animals,Animals,6,No,3,9
WB-0200,EN-0200,EN,English,Latin,KITTEN,KITTEN,KITTEN,6,K|I|T|T|E|N,6,No,,A baby cat,A baby cat,Medium,Animals,Animals,5,Yes,3,9
WB-0201,EN-0201,EN,English,Latin,MONKEY,MONKEY,MONKEY,6,M|O|N|K|E|Y,6,No,,An animal that climbs and has a long tail,An animal that climbs and has a long tail,Medium,Animals,Animals,6,No,3,9
WB-0202,EN-0202,EN,English,Latin,PARROT,PARROT,PARROT,6,P|A|R|R|O|T,6,No,,A colourful bird that can copy speech,A colourful bird that can copy speech,Medium,Animals,Animals,5,Yes,3,9
WB-0203,EN-0203,EN,English,Latin,PIGEON,PIGEON,PIGEON,6,P|I|G|E|O|N,6,No,,A grey bird common in city squares,A grey bird common in city squares,Medium,Animals,Animals,6,No,3,9
WB-0204,EN-0204,EN,English,Latin,PUPPY,PUPPY,PUPPY,5,P|U|P|P|Y,5,No,,A baby dog,A baby dog,Medium,Animals,Animals,3,Yes,3,8
WB-0205,EN-0205,EN,English,Latin,RABBIT,RABBIT,RABBIT,6,R|A|B|B|I|T,6,No,,A small animal with long ears that hops,A small animal with long ears that hops,Medium,Animals,Animals,5,Yes,3,9
WB-0206,EN-0206,EN,English,Latin,SALMON,SALMON,SALMON,6,S|A|L|M|O|N,6,No,,A pink fish that swims up rivers,A pink fish that swims up rivers,Medium,Animals,Animals,6,No,3,9
WB-0207,EN-0207,EN,English,Latin,SPIDER,SPIDER,SPIDER,6,S|P|I|D|E|R,6,No,,A small creature with eight legs,A small creature with eight legs,Medium,Animals,Animals,6,No,3,9
WB-0208,EN-0208,EN,English,Latin,TURTLE,TURTLE,TURTLE,6,T|U|R|T|L|E,6,No,,A slow animal with a hard shell,A slow animal with a hard shell,Medium,Animals,Animals,5,Yes,3,9
WB-0209,EN-0209,EN,English,Latin,DOCTOR,DOCTOR,DOCTOR,6,D|O|C|T|O|R,6,No,,A person who treats sick people,A person who treats sick people,Medium,Body,Body,5,Yes,3,9
WB-0210,EN-0210,EN,English,Latin,ELBOW,ELBOW,ELBOW,5,E|L|B|O|W,5,No,,The joint in the middle of your arm,The joint in the middle of your arm,Medium,Body,Body,5,No,3,8
WB-0211,EN-0211,EN,English,Latin,FINGER,FINGER,FINGER,6,F|I|N|G|E|R,6,No,,One of five parts on your hand,One of five parts on your hand,Medium,Body,Body,6,No,3,9
WB-0212,EN-0212,EN,English,Latin,HEALTH,HEALTH,HEALTH,6,H|E|A|L|T|H,6,No,,The condition of your body,The condition of your body,Medium,Body,Body,5,Yes,3,9
WB-0213,EN-0213,EN,English,Latin,MUSCLE,MUSCLE,MUSCLE,6,M|U|S|C|L|E,6,No,,Body tissue that makes you strong,Body tissue that makes you strong,Medium,Body,Body,6,No,3,9
WB-0214,EN-0214,EN,English,Latin,NURSE,NURSE,NURSE,5,N|U|R|S|E,5,No,,A person who cares for patients,A person who cares for patients,Medium,Body,Body,5,No,3,8
WB-0215,EN-0215,EN,English,Latin,STOMACH,STOMACH,STOMACH,7,S|T|O|M|A|C|H,7,No,,Where food goes after you swallow,Where food goes after you swallow,Medium,Body,Body,7,No,3,10
WB-0216,EN-0216,EN,English,Latin,THROAT,THROAT,THROAT,6,T|H|R|O|A|T,6,No,,The passage at the back of your mouth,The passage at the back of your mouth,Medium,Body,Body,5,Yes,3,9
WB-0217,EN-0217,EN,English,Latin,AIRPORT,AIRPORT,AIRPORT,7,A|I|R|P|O|R|T,7,No,,Where planes take off and land,Where planes take off and land,Medium,City,City,6,Yes,3,10
WB-0218,EN-0218,EN,English,Latin,BAGGAGE,BAGGAGE,BAGGAGE,7,B|A|G|G|A|G|E,7,No,,Bags you carry when travelling,Bags you carry when travelling,Medium,City,City,4,Yes,3,10
WB-0219,EN-0219,EN,English,Latin,BRIDGE,BRIDGE,BRIDGE,6,B|R|I|D|G|E,6,No,,A structure built across a river,A structure built across a river,Medium,City,City,6,No,3,9
WB-0220,EN-0220,EN,English,Latin,CASTLE,CASTLE,CASTLE,6,C|A|S|T|L|E,6,No,,A large old building with thick walls,A large old building with thick walls,Medium,City,City,6,No,3,9
WB-0221,EN-0221,EN,English,Latin,CHURCH,CHURCH,CHURCH,6,C|H|U|R|C|H,6,No,,A building where people pray,A building where people pray,Medium,City,City,4,Yes,3,9
WB-0222,EN-0222,EN,English,Latin,MARKET,MARKET,MARKET,6,M|A|R|K|E|T,6,No,,A place where many sellers trade,A place where many sellers trade,Medium,City,City,6,No,3,9
WB-0223,EN-0223,EN,English,Latin,MUSEUM,MUSEUM,MUSEUM,6,M|U|S|E|U|M,6,No,,A building that shows old objects,A building that shows old objects,Medium,City,City,4,Yes,3,9
WB-0224,EN-0224,EN,English,Latin,PARKING,PARKING,PARKING,7,P|A|R|K|I|N|G,7,No,,A place to leave your car,A place to leave your car,Medium,City,City,7,No,3,10
WB-0225,EN-0225,EN,English,Latin,SQUARE,SQUARE,SQUARE,6,S|Q|U|A|R|E,6,No,,An open public space in a city,An open public space in a city,Medium,City,City,6,No,3,9
WB-0226,EN-0226,EN,English,Latin,STATION,STATION,STATION,7,S|T|A|T|I|O|N,7,No,,Where trains stop for passengers,Where trains stop for passengers,Medium,City,City,6,Yes,3,10
WB-0227,EN-0227,EN,English,Latin,STREET,STREET,STREET,6,S|T|R|E|E|T,6,No,,A road in a town with buildings,A road in a town with buildings,Medium,City,City,4,Yes,3,9
WB-0228,EN-0228,EN,English,Latin,SUBWAY,SUBWAY,SUBWAY,6,S|U|B|W|A|Y,6,No,,An underground railway in a city,An underground railway in a city,Medium,City,City,6,No,3,9
WB-0229,EN-0229,EN,English,Latin,TICKET,TICKET,TICKET,6,T|I|C|K|E|T,6,No,,Paper that shows you have paid to travel,Paper that shows you have paid to travel,Medium,City,City,5,Yes,3,9
WB-0230,EN-0230,EN,English,Latin,TRAFFIC,TRAFFIC,TRAFFIC,7,T|R|A|F|F|I|C,7,No,,Many vehicles moving on a road,Many vehicles moving on a road,Medium,City,City,6,Yes,3,10
WB-0231,EN-0231,EN,English,Latin,VILLAGE,VILLAGE,VILLAGE,7,V|I|L|L|A|G|E,7,No,,A small group of houses in the country,A small group of houses in the country,Medium,City,City,6,Yes,3,10
WB-0232,EN-0232,EN,English,Latin,BUTTON,BUTTON,BUTTON,6,B|U|T|T|O|N,6,No,,A small disc that fastens clothing,A small disc that fastens clothing,Medium,Clothing,Clothing,5,Yes,3,9
WB-0233,EN-0233,EN,English,Latin,COTTON,COTTON,COTTON,6,C|O|T|T|O|N,6,No,,Soft material that clothes are made from,Soft material that clothes are made from,Medium,Clothing,Clothing,4,Yes,3,9
WB-0234,EN-0234,EN,English,Latin,JACKET,JACKET,JACKET,6,J|A|C|K|E|T,6,No,,A short coat,A short coat,Medium,Clothing,Clothing,6,No,3,9
WB-0235,EN-0235,EN,English,Latin,LEATHER,LEATHER,LEATHER,7,L|E|A|T|H|E|R,7,No,,Material made from animal skin,Material made from animal skin,Medium,Clothing,Clothing,6,Yes,3,10
WB-0236,EN-0236,EN,English,Latin,POCKET,POCKET,POCKET,6,P|O|C|K|E|T,6,No,,A small bag sewn into clothing,A small bag sewn into clothing,Medium,Clothing,Clothing,6,No,3,9
WB-0237,EN-0237,EN,English,Latin,SANDAL,SANDAL,SANDAL,6,S|A|N|D|A|L,6,No,,An open shoe for hot weather,An open shoe for hot weather,Medium,Clothing,Clothing,5,Yes,3,9
WB-0238,EN-0238,EN,English,Latin,SWEATER,SWEATER,SWEATER,7,S|W|E|A|T|E|R,7,No,,A warm knitted top,A warm knitted top,Medium,Clothing,Clothing,6,Yes,3,10
WB-0239,EN-0239,EN,English,Latin,PURPLE,PURPLE,PURPLE,6,P|U|R|P|L|E,6,No,,A colour between red and blue,A colour between red and blue,Medium,Colour,Colours,5,Yes,3,9
WB-0240,EN-0240,EN,English,Latin,SILVER,SILVER,SILVER,6,S|I|L|V|E|R,6,No,,A shiny grey precious metal,A shiny grey precious metal,Medium,Colour,Colours,6,No,3,9
WB-0241,EN-0241,EN,English,Latin,YELLOW,YELLOW,YELLOW,6,Y|E|L|L|O|W,6,No,,The colour of a lemon,The colour of a lemon,Medium,Colour,Colours,5,Yes,3,9
WB-0242,EN-0242,EN,English,Latin,ANCIENT,ANCIENT,ANCIENT,7,A|N|C|I|E|N|T,7,No,,"Very old, from long ago","Very old, from long ago",Medium,Describe,Qualities,6,Yes,3,10
WB-0243,EN-0243,EN,English,Latin,CURIOUS,CURIOUS,CURIOUS,7,C|U|R|I|O|U|S,7,No,,Wanting to know more,Wanting to know more,Medium,Describe,Qualities,6,Yes,3,10
WB-0244,EN-0244,EN,English,Latin,FAMOUS,FAMOUS,FAMOUS,6,F|A|M|O|U|S,6,No,,Known by very many people,Known by very many people,Medium,Describe,Qualities,6,No,3,9
WB-0245,EN-0245,EN,English,Latin,GENTLE,GENTLE,GENTLE,6,G|E|N|T|L|E,6,No,,"Kind and careful, not rough","Kind and careful, not rough",Medium,Describe,Qualities,5,Yes,3,9
WB-0246,EN-0246,EN,English,Latin,HONEST,HONEST,HONEST,6,H|O|N|E|S|T,6,No,,Always telling the truth,Always telling the truth,Medium,Describe,Qualities,6,No,3,9
WB-0247,EN-0247,EN,English,Latin,MODERN,MODERN,MODERN,6,M|O|D|E|R|N,6,No,,Belonging to the present time,Belonging to the present time,Medium,Describe,Qualities,6,No,3,9
WB-0248,EN-0248,EN,English,Latin,NERVOUS,NERVOUS,NERVOUS,7,N|E|R|V|O|U|S,7,No,,Worried and slightly afraid,Worried and slightly afraid,Medium,Describe,Qualities,7,No,3,10
WB-0249,EN-0249,EN,English,Latin,NORMAL,NORMAL,NORMAL,6,N|O|R|M|A|L,6,No,,Usual and expected,Usual and expected,Medium,Describe,Qualities,6,No,3,9
WB-0250,EN-0250,EN,English,Latin,PERFECT,PERFECT,PERFECT,7,P|E|R|F|E|C|T,7,No,,Without any faults,Without any faults,Medium,Describe,Qualities,6,Yes,3,10
WB-0251,EN-0251,EN,English,Latin,POLITE,POLITE,POLITE,6,P|O|L|I|T|E,6,No,,Showing good manners,Showing good manners,Medium,Describe,Qualities,6,No,3,9
WB-0252,EN-0252,EN,English,Latin,SERIOUS,SERIOUS,SERIOUS,7,S|E|R|I|O|U|S,7,No,,"Not joking, needing attention","Not joking, needing attention",Medium,Describe,Qualities,6,Yes,3,10
WB-0253,EN-0253,EN,English,Latin,SILENT,SILENT,SILENT,6,S|I|L|E|N|T,6,No,,Making no sound at all,Making no sound at all,Medium,Describe,Qualities,6,No,3,9
WB-0254,EN-0254,EN,English,Latin,SIMPLE,SIMPLE,SIMPLE,6,S|I|M|P|L|E,6,No,,Easy to understand,Easy to understand,Medium,Describe,Qualities,6,No,3,9
WB-0255,EN-0255,EN,English,Latin,STRONG,STRONG,STRONG,6,S|T|R|O|N|G,6,No,,Having great physical power,Having great physical power,Medium,Describe,Qualities,6,No,3,9
WB-0256,EN-0256,EN,English,Latin,SUDDEN,SUDDEN,SUDDEN,6,S|U|D|D|E|N,6,No,,Happening quickly without warning,Happening quickly without warning,Medium,Describe,Qualities,5,Yes,3,9
WB-0257,EN-0257,EN,English,Latin,USEFUL,USEFUL,USEFUL,6,U|S|E|F|U|L,6,No,,Helpful for a purpose,Helpful for a purpose,Medium,Describe,Qualities,5,Yes,3,9
WB-0258,EN-0258,EN,English,Latin,BANANA,BANANA,BANANA,6,B|A|N|A|N|A,6,No,,A long yellow fruit you peel,A long yellow fruit you peel,Medium,Food,Food,3,Yes,3,9
WB-0259,EN-0259,EN,English,Latin,BISCUIT,BISCUIT,BISCUIT,7,B|I|S|C|U|I|T,7,No,,A small sweet baked snack,A small sweet baked snack,Medium,Food,Food,6,Yes,3,10
WB-0260,EN-0260,EN,English,Latin,BUTTER,BUTTER,BUTTER,6,B|U|T|T|E|R,6,No,,Yellow fat spread on bread,Yellow fat spread on bread,Medium,Food,Food,5,Yes,3,9
WB-0261,EN-0261,EN,English,Latin,CARROT,CARROT,CARROT,6,C|A|R|R|O|T,6,No,,A long orange vegetable,A long orange vegetable,Medium,Food,Food,5,Yes,3,9
WB-0262,EN-0262,EN,English,Latin,CHEESE,CHEESE,CHEESE,6,C|H|E|E|S|E,6,No,,A solid food made from milk,A solid food made from milk,Medium,Food,Food,4,Yes,3,9
WB-0263,EN-0263,EN,English,Latin,COFFEE,COFFEE,COFFEE,6,C|O|F|F|E|E,6,No,,A hot dark drink that wakes you up,A hot dark drink that wakes you up,Medium,Food,Food,4,Yes,3,9
WB-0264,EN-0264,EN,English,Latin,DINNER,DINNER,DINNER,6,D|I|N|N|E|R,6,No,,The main meal of the evening,The main meal of the evening,Medium,Food,Food,5,Yes,3,9
WB-0265,EN-0265,EN,English,Latin,GARLIC,GARLIC,GARLIC,6,G|A|R|L|I|C,6,No,,A strong-smelling bulb used in cooking,A strong-smelling bulb used in cooking,Medium,Food,Food,6,No,3,9
WB-0266,EN-0266,EN,English,Latin,ORANGE,ORANGE,ORANGE,6,O|R|A|N|G|E,6,No,,"A round citrus fruit, also a colour","A round citrus fruit, also a colour",Medium,Food,Food,6,No,3,9
WB-0267,EN-0267,EN,English,Latin,PEPPER,PEPPER,PEPPER,6,P|E|P|P|E|R,6,No,,A spice that makes you sneeze,A spice that makes you sneeze,Medium,Food,Food,3,Yes,3,9
WB-0268,EN-0268,EN,English,Latin,POTATO,POTATO,POTATO,6,P|O|T|A|T|O,6,No,,A vegetable that grows underground,A vegetable that grows underground,Medium,Food,Food,4,Yes,3,9
WB-0269,EN-0269,EN,English,Latin,TOMATO,TOMATO,TOMATO,6,T|O|M|A|T|O,6,No,,A soft red fruit used in salads,A soft red fruit used in salads,Medium,Food,Food,4,Yes,3,9
WB-0270,EN-0270,EN,English,Latin,YOGURT,YOGURT,YOGURT,6,Y|O|G|U|R|T,6,No,,A thick food made from sour milk,A thick food made from sour milk,Medium,Food,Food,6,No,3,9
WB-0271,EN-0271,EN,English,Latin,BALCONY,BALCONY,BALCONY,7,B|A|L|C|O|N|Y,7,No,,A small platform outside an upper window,A small platform outside an upper window,Medium,Home,Home,7,No,3,10
WB-0272,EN-0272,EN,English,Latin,BASKET,BASKET,BASKET,6,B|A|S|K|E|T,6,No,,A container made of woven material,A container made of woven material,Medium,Home,Home,6,No,3,9
WB-0273,EN-0273,EN,English,Latin,BLANKET,BLANKET,BLANKET,7,B|L|A|N|K|E|T,7,No,,A warm cover for a bed,A warm cover for a bed,Medium,Home,Home,7,No,3,10
WB-0274,EN-0274,EN,English,Latin,BUCKET,BUCKET,BUCKET,6,B|U|C|K|E|T,6,No,,A container with a handle for water,A container with a handle for water,Medium,Home,Home,6,No,3,9
WB-0275,EN-0275,EN,English,Latin,CANDLE,CANDLE,CANDLE,6,C|A|N|D|L|E,6,No,,Wax with a wick that gives light,Wax with a wick that gives light,Medium,Home,Home,6,No,3,9
WB-0276,EN-0276,EN,English,Latin,CARPET,CARPET,CARPET,6,C|A|R|P|E|T,6,No,,A thick cover for a floor,A thick cover for a floor,Medium,Home,Home,6,No,3,9
WB-0277,EN-0277,EN,English,Latin,CELLAR,CELLAR,CELLAR,6,C|E|L|L|A|R,6,No,,A room under a house,A room under a house,Medium,Home,Home,5,Yes,3,9
WB-0278,EN-0278,EN,English,Latin,GARAGE,GARAGE,GARAGE,6,G|A|R|A|G|E,6,No,,Where a car is kept at home,Where a car is kept at home,Medium,Home,Home,4,Yes,3,9
WB-0279,EN-0279,EN,English,Latin,KITCHEN,KITCHEN,KITCHEN,7,K|I|T|C|H|E|N,7,No,,The room where meals are cooked,The room where meals are cooked,Medium,Home,Home,7,No,3,10
WB-0280,EN-0280,EN,English,Latin,LADDER,LADDER,LADDER,6,L|A|D|D|E|R,6,No,,Steps you climb to reach high places,Steps you climb to reach high places,Medium,Home,Home,5,Yes,3,9
WB-0281,EN-0281,EN,English,Latin,MIRROR,MIRROR,MIRROR,6,M|I|R|R|O|R,6,No,,Glass that shows your reflection,Glass that shows your reflection,Medium,Home,Home,4,Yes,3,9
WB-0282,EN-0282,EN,English,Latin,PILLOW,PILLOW,PILLOW,6,P|I|L|L|O|W,6,No,,A soft bag you rest your head on,A soft bag you rest your head on,Medium,Home,Home,5,Yes,3,9
WB-0283,EN-0283,EN,English,Latin,WINDOW,WINDOW,WINDOW,6,W|I|N|D|O|W,6,No,,Glass in a wall that lets light in,Glass in a wall that lets light in,Medium,Home,Home,5,Yes,3,9
WB-0284,EN-0284,EN,English,Latin,AUTUMN,AUTUMN,AUTUMN,6,A|U|T|U|M|N,6,No,,The season when leaves fall,The season when leaves fall,Medium,Nature,Nature,5,Yes,3,9
WB-0285,EN-0285,EN,English,Latin,BRANCH,BRANCH,BRANCH,6,B|R|A|N|C|H,6,No,,An arm of a tree,An arm of a tree,Medium,Nature,Nature,6,No,3,9
WB-0286,EN-0286,EN,English,Latin,BREEZE,BREEZE,BREEZE,6,B|R|E|E|Z|E,6,No,,A light and gentle wind,A light and gentle wind,Medium,Nature,Nature,4,Yes,3,9
WB-0287,EN-0287,EN,English,Latin,DESERT,DESERT,DESERT,6,D|E|S|E|R|T,6,No,,A dry place with very little rain,A dry place with very little rain,Medium,Nature,Nature,5,Yes,3,9
WB-0288,EN-0288,EN,English,Latin,FLOWER,FLOWER,FLOWER,6,F|L|O|W|E|R,6,No,,The colourful part of a plant,The colourful part of a plant,Medium,Nature,Nature,6,No,3,9
WB-0289,EN-0289,EN,English,Latin,FOREST,FOREST,FOREST,6,F|O|R|E|S|T,6,No,,A large area covered with trees,A large area covered with trees,Medium,Nature,Nature,6,No,3,9
WB-0290,EN-0290,EN,English,Latin,GARDEN,GARDEN,GARDEN,6,G|A|R|D|E|N,6,No,,Land beside a house where plants grow,Land beside a house where plants grow,Medium,Nature,Nature,6,No,3,9
WB-0291,EN-0291,EN,English,Latin,ISLAND,ISLAND,ISLAND,6,I|S|L|A|N|D,6,No,,Land with water all around it,Land with water all around it,Medium,Nature,Nature,6,No,3,9
WB-0292,EN-0292,EN,English,Latin,PLANET,PLANET,PLANET,6,P|L|A|N|E|T,6,No,,A world that travels around a star,A world that travels around a star,Medium,Nature,Nature,6,No,3,9
WB-0293,EN-0293,EN,English,Latin,SEASON,SEASON,SEASON,6,S|E|A|S|O|N,6,No,,"Spring, summer, autumn or winter","Spring, summer, autumn or winter",Medium,Nature,Nature,5,Yes,3,9
WB-0294,EN-0294,EN,English,Latin,SHADOW,SHADOW,SHADOW,6,S|H|A|D|O|W,6,No,,The dark shape made when light is blocked,The dark shape made when light is blocked,Medium,Nature,Nature,6,No,3,9
WB-0295,EN-0295,EN,English,Latin,SPRING,SPRING,SPRING,6,S|P|R|I|N|G,6,No,,The season when plants start to grow,The season when plants start to grow,Medium,Nature,Nature,6,No,3,9
WB-0296,EN-0296,EN,English,Latin,SUMMER,SUMMER,SUMMER,6,S|U|M|M|E|R,6,No,,The warmest season of the year,The warmest season of the year,Medium,Nature,Nature,5,Yes,3,9
WB-0297,EN-0297,EN,English,Latin,SUNSET,SUNSET,SUNSET,6,S|U|N|S|E|T,6,No,,When the sun goes down in the evening,When the sun goes down in the evening,Medium,Nature,Nature,5,Yes,3,9
WB-0298,EN-0298,EN,English,Latin,VALLEY,VALLEY,VALLEY,6,V|A|L|L|E|Y,6,No,,Low land between two hills,Low land between two hills,Medium,Nature,Nature,5,Yes,3,9
WB-0299,EN-0299,EN,English,Latin,WINTER,WINTER,WINTER,6,W|I|N|T|E|R,6,No,,The coldest season of the year,The coldest season of the year,Medium,Nature,Nature,6,No,3,9
WB-0300,EN-0300,EN,English,Latin,COUPLE,COUPLE,COUPLE,6,C|O|U|P|L|E,6,No,,Two people together,Two people together,Medium,People,People,6,No,3,9
WB-0301,EN-0301,EN,English,Latin,FAMILY,FAMILY,FAMILY,6,F|A|M|I|L|Y,6,No,,"Parents, children and relatives","Parents, children and relatives",Medium,People,People,6,No,3,9
WB-0302,EN-0302,EN,English,Latin,FATHER,FATHER,FATHER,6,F|A|T|H|E|R,6,No,,A male parent,A male parent,Medium,People,People,6,No,3,9
WB-0303,EN-0303,EN,English,Latin,FRIEND,FRIEND,FRIEND,6,F|R|I|E|N|D,6,No,,A person you like and trust,A person you like and trust,Medium,People,People,6,No,3,9
WB-0304,EN-0304,EN,English,Latin,GUEST,GUEST,GUEST,5,G|U|E|S|T,5,No,,A person you invite to visit,A person you invite to visit,Medium,People,People,5,No,3,8
WB-0305,EN-0305,EN,English,Latin,MOTHER,MOTHER,MOTHER,6,M|O|T|H|E|R,6,No,,A female parent,A female parent,Medium,People,People,6,No,3,9
WB-0306,EN-0306,EN,English,Latin,NATION,NATION,NATION,6,N|A|T|I|O|N,6,No,,A country and its people,A country and its people,Medium,People,People,5,Yes,3,9
WB-0307,EN-0307,EN,English,Latin,PERSON,PERSON,PERSON,6,P|E|R|S|O|N,6,No,,One human being,One human being,Medium,People,People,6,No,3,9
WB-0308,EN-0308,EN,English,Latin,PUBLIC,PUBLIC,PUBLIC,6,P|U|B|L|I|C,6,No,,Open to everyone,Open to everyone,Medium,People,People,6,No,3,9
WB-0309,EN-0309,EN,English,Latin,SISTER,SISTER,SISTER,6,S|I|S|T|E|R,6,No,,A female child of your parents,A female child of your parents,Medium,People,People,5,Yes,3,9
WB-0310,EN-0310,EN,English,Latin,ANSWER,ANSWER,ANSWER,6,A|N|S|W|E|R,6,No,,What you give to a question,What you give to a question,Medium,School,School,6,No,3,9
WB-0311,EN-0311,EN,English,Latin,HISTORY,HISTORY,HISTORY,7,H|I|S|T|O|R|Y,7,No,,The study of the past,The study of the past,Medium,School,School,7,No,3,10
WB-0312,EN-0312,EN,English,Latin,LESSON,LESSON,LESSON,6,L|E|S|S|O|N,6,No,,A period of teaching,A period of teaching,Medium,School,School,5,Yes,3,9
WB-0313,EN-0313,EN,English,Latin,LETTER,LETTER,LETTER,6,L|E|T|T|E|R,6,No,,"A written message, or a sign of the alphabet","A written message, or a sign of the alphabet",Medium,School,School,4,Yes,3,9
WB-0314,EN-0314,EN,English,Latin,LIBRARY,LIBRARY,LIBRARY,7,L|I|B|R|A|R|Y,7,No,,A place full of books to borrow,A place full of books to borrow,Medium,School,School,6,Yes,3,10
WB-0315,EN-0315,EN,English,Latin,NUMBER,NUMBER,NUMBER,6,N|U|M|B|E|R,6,No,,A symbol used for counting,A symbol used for counting,Medium,School,School,6,No,3,9
WB-0316,EN-0316,EN,English,Latin,PENCIL,PENCIL,PENCIL,6,P|E|N|C|I|L,6,No,,A wooden tool for writing,A wooden tool for writing,Medium,School,School,6,No,3,9
WB-0317,EN-0317,EN,English,Latin,SCHOOL,SCHOOL,SCHOOL,6,S|C|H|O|O|L,6,No,,A place where children learn,A place where children learn,Medium,School,School,5,Yes,3,9
WB-0318,EN-0318,EN,English,Latin,SCIENCE,SCIENCE,SCIENCE,7,S|C|I|E|N|C|E,7,No,,The study of the natural world,The study of the natural world,Medium,School,School,5,Yes,3,10
WB-0319,EN-0319,EN,English,Latin,STUDENT,STUDENT,STUDENT,7,S|T|U|D|E|N|T,7,No,,A person who is learning,A person who is learning,Medium,School,School,6,Yes,3,10
WB-0320,EN-0320,EN,English,Latin,TEACHER,TEACHER,TEACHER,7,T|E|A|C|H|E|R,7,No,,A person who gives lessons,A person who gives lessons,Medium,School,School,6,Yes,3,10
WB-0321,EN-0321,EN,English,Latin,FITNESS,FITNESS,FITNESS,7,F|I|T|N|E|S|S,7,No,,The state of being physically strong,The state of being physically strong,Medium,Sport,Sport,6,Yes,3,10
WB-0322,EN-0322,EN,English,Latin,MEDAL,MEDAL,MEDAL,5,M|E|D|A|L,5,No,,A metal disc given as a prize,A metal disc given as a prize,Medium,Sport,Sport,5,No,3,8
WB-0323,EN-0323,EN,English,Latin,RUNNER,RUNNER,RUNNER,6,R|U|N|N|E|R,6,No,,A person who takes part in a race,A person who takes part in a race,Medium,Sport,Sport,4,Yes,3,9
WB-0324,EN-0324,EN,English,Latin,SOCCER,SOCCER,SOCCER,6,S|O|C|C|E|R,6,No,,A game where you kick a ball into a goal,A game where you kick a ball into a goal,Medium,Sport,Sport,5,Yes,3,9
WB-0325,EN-0325,EN,English,Latin,TENNIS,TENNIS,TENNIS,6,T|E|N|N|I|S,6,No,,A game played with rackets and a ball,A game played with rackets and a ball,Medium,Sport,Sport,5,Yes,3,9
WB-0326,EN-0326,EN,English,Latin,TROPHY,TROPHY,TROPHY,6,T|R|O|P|H|Y,6,No,,A cup given to a champion,A cup given to a champion,Medium,Sport,Sport,6,No,3,9
WB-0327,EN-0327,EN,English,Latin,WINNER,WINNER,WINNER,6,W|I|N|N|E|R,6,No,,The person who comes first,The person who comes first,Medium,Sport,Sport,5,Yes,3,9
WB-0328,EN-0328,EN,English,Latin,BATTERY,BATTERY,BATTERY,7,B|A|T|T|E|R|Y,7,No,,It stores power for a device,It stores power for a device,Medium,Tech,Technology,6,Yes,3,10
WB-0329,EN-0329,EN,English,Latin,CAMERA,CAMERA,CAMERA,6,C|A|M|E|R|A,6,No,,A device that takes photographs,A device that takes photographs,Medium,Tech,Technology,5,Yes,3,9
WB-0330,EN-0330,EN,English,Latin,DIGITAL,DIGITAL,DIGITAL,7,D|I|G|I|T|A|L,7,No,,"Stored as numbers, not on paper","Stored as numbers, not on paper",Medium,Tech,Technology,6,Yes,3,10
WB-0331,EN-0331,EN,English,Latin,MESSAGE,MESSAGE,MESSAGE,7,M|E|S|S|A|G|E,7,No,,Words sent from one person to another,Words sent from one person to another,Medium,Tech,Technology,5,Yes,3,10
WB-0332,EN-0332,EN,English,Latin,MOBILE,MOBILE,MOBILE,6,M|O|B|I|L|E,6,No,,A phone you carry with you,A phone you carry with you,Medium,Tech,Technology,6,No,3,9
WB-0333,EN-0333,EN,English,Latin,NETWORK,NETWORK,NETWORK,7,N|E|T|W|O|R|K,7,No,,A group of connected computers,A group of connected computers,Medium,Tech,Technology,7,No,3,10
WB-0334,EN-0334,EN,English,Latin,PROGRAM,PROGRAM,PROGRAM,7,P|R|O|G|R|A|M,7,No,,Instructions that tell a computer what to do,Instructions that tell a computer what to do,Medium,Tech,Technology,6,Yes,3,10
WB-0335,EN-0335,EN,English,Latin,SCREEN,SCREEN,SCREEN,6,S|C|R|E|E|N,6,No,,The flat part of a phone you look at,The flat part of a phone you look at,Medium,Tech,Technology,5,Yes,3,9
WB-0336,EN-0336,EN,English,Latin,WEBSITE,WEBSITE,WEBSITE,7,W|E|B|S|I|T|E,7,No,,Pages you visit on the internet,Pages you visit on the internet,Medium,Tech,Technology,6,Yes,3,10
WB-0337,EN-0337,EN,English,Latin,CENTURY,CENTURY,CENTURY,7,C|E|N|T|U|R|Y,7,No,,One hundred years,One hundred years,Medium,Time,Time,7,No,3,10
WB-0338,EN-0338,EN,English,Latin,EVENING,EVENING,EVENING,7,E|V|E|N|I|N|G,7,No,,The time after the sun goes down,The time after the sun goes down,Medium,Time,Time,5,Yes,3,10
WB-0339,EN-0339,EN,English,Latin,FRIDAY,FRIDAY,FRIDAY,6,F|R|I|D|A|Y,6,No,,The day before the weekend,The day before the weekend,Medium,Time,Time,6,No,3,9
WB-0340,EN-0340,EN,English,Latin,HOLIDAY,HOLIDAY,HOLIDAY,7,H|O|L|I|D|A|Y,7,No,,Days when you do not work,Days when you do not work,Medium,Time,Time,7,No,3,10
WB-0341,EN-0341,EN,English,Latin,MINUTE,MINUTE,MINUTE,6,M|I|N|U|T|E,6,No,,Sixty seconds,Sixty seconds,Medium,Time,Time,6,No,3,9
WB-0342,EN-0342,EN,English,Latin,MONDAY,MONDAY,MONDAY,6,M|O|N|D|A|Y,6,No,,The first working day of the week,The first working day of the week,Medium,Time,Time,6,No,3,9
WB-0343,EN-0343,EN,English,Latin,MORNING,MORNING,MORNING,7,M|O|R|N|I|N|G,7,No,,The early part of the day,The early part of the day,Medium,Time,Time,6,Yes,3,10
WB-0344,EN-0344,EN,English,Latin,SECOND,SECOND,SECOND,6,S|E|C|O|N|D,6,No,,A very short unit of time,A very short unit of time,Medium,Time,Time,6,No,3,9
WB-0345,EN-0345,EN,English,Latin,SUNDAY,SUNDAY,SUNDAY,6,S|U|N|D|A|Y,6,No,,The last day of the week,The last day of the week,Medium,Time,Time,6,No,3,9
WB-0346,EN-0346,EN,English,Latin,ACCOUNT,ACCOUNT,ACCOUNT,7,A|C|C|O|U|N|T,7,No,,A record of money at a bank,A record of money at a bank,Medium,Work,Work,6,Yes,3,10
WB-0347,EN-0347,EN,English,Latin,BUDGET,BUDGET,BUDGET,6,B|U|D|G|E|T,6,No,,A plan for how to spend money,A plan for how to spend money,Medium,Work,Work,6,No,3,9
WB-0348,EN-0348,EN,English,Latin,CLIENT,CLIENT,CLIENT,6,C|L|I|E|N|T,6,No,,A person who buys a service,A person who buys a service,Medium,Work,Work,6,No,3,9
WB-0349,EN-0349,EN,English,Latin,COMPANY,COMPANY,COMPANY,7,C|O|M|P|A|N|Y,7,No,,An organisation that sells goods,An organisation that sells goods,Medium,Work,Work,7,No,3,10
WB-0350,EN-0350,EN,English,Latin,INVOICE,INVOICE,INVOICE,7,I|N|V|O|I|C|E,7,No,,A bill asking for payment,A bill asking for payment,Medium,Work,Work,6,Yes,3,10
WB-0351,EN-0351,EN,English,Latin,MANAGER,MANAGER,MANAGER,7,M|A|N|A|G|E|R,7,No,,A person who leads a team,A person who leads a team,Medium,Work,Work,6,Yes,3,10
WB-0352,EN-0352,EN,English,Latin,MEETING,MEETING,MEETING,7,M|E|E|T|I|N|G,7,No,,When people gather to talk business,When people gather to talk business,Medium,Work,Work,6,Yes,3,10
WB-0353,EN-0353,EN,English,Latin,OFFICE,OFFICE,OFFICE,6,O|F|F|I|C|E,6,No,,A room where people do paperwork,A room where people do paperwork,Medium,Work,Work,5,Yes,3,9
WB-0354,EN-0354,EN,English,Latin,PROFIT,PROFIT,PROFIT,6,P|R|O|F|I|T,6,No,,Money left after costs are paid,Money left after costs are paid,Medium,Work,Work,6,No,3,9
WB-0355,EN-0355,EN,English,Latin,SALARY,SALARY,SALARY,6,S|A|L|A|R|Y,6,No,,Money paid regularly for a job,Money paid regularly for a job,Medium,Work,Work,5,Yes,3,9
WB-0356,EN-0356,EN,English,Latin,BALANCE,BALANCE,BALANCE,7,B|A|L|A|N|C|E,7,No,,A steady state where nothing tips over,A steady state where nothing tips over,Hard,Abstract,Abstract,6,Yes,3,10
WB-0357,EN-0357,EN,English,Latin,CLARITY,CLARITY,CLARITY,7,C|L|A|R|I|T|Y,7,No,,The quality of being easy to understand,The quality of being easy to understand,Hard,Abstract,Abstract,7,No,3,10
WB-0358,EN-0358,EN,English,Latin,COURAGE,COURAGE,COURAGE,7,C|O|U|R|A|G|E,7,No,,The strength to face fear,The strength to face fear,Hard,Abstract,Abstract,7,No,3,10
WB-0359,EN-0359,EN,English,Latin,CULTURE,CULTURE,CULTURE,7,C|U|L|T|U|R|E,7,No,,The customs and arts of a people,The customs and arts of a people,Hard,Abstract,Abstract,6,Yes,3,10
WB-0360,EN-0360,EN,English,Latin,DESTINY,DESTINY,DESTINY,7,D|E|S|T|I|N|Y,7,No,,What is meant to happen to you,What is meant to happen to you,Hard,Abstract,Abstract,7,No,3,10
WB-0361,EN-0361,EN,English,Latin,DIGNITY,DIGNITY,DIGNITY,7,D|I|G|N|I|T|Y,7,No,,Deserving of honour and respect,Deserving of honour and respect,Hard,Abstract,Abstract,6,Yes,3,10
WB-0362,EN-0362,EN,English,Latin,EFFORT,EFFORT,EFFORT,6,E|F|F|O|R|T,6,No,,Hard work put into a task,Hard work put into a task,Hard,Abstract,Abstract,5,Yes,3,9
WB-0363,EN-0363,EN,English,Latin,FREEDOM,FREEDOM,FREEDOM,7,F|R|E|E|D|O|M,7,No,,The right to act as you choose,The right to act as you choose,Hard,Abstract,Abstract,6,Yes,3,10
WB-0364,EN-0364,EN,English,Latin,HARMONY,HARMONY,HARMONY,7,H|A|R|M|O|N|Y,7,No,,A pleasing agreement between parts,A pleasing agreement between parts,Hard,Abstract,Abstract,7,No,3,10
WB-0365,EN-0365,EN,English,Latin,JOURNEY,JOURNEY,JOURNEY,7,J|O|U|R|N|E|Y,7,No,,A long trip from one place to another,A long trip from one place to another,Hard,Abstract,Abstract,7,No,3,10
WB-0366,EN-0366,EN,English,Latin,JUSTICE,JUSTICE,JUSTICE,7,J|U|S|T|I|C|E,7,No,,Fair treatment for everyone,Fair treatment for everyone,Hard,Abstract,Abstract,7,No,3,10
WB-0367,EN-0367,EN,English,Latin,LOYALTY,LOYALTY,LOYALTY,7,L|O|Y|A|L|T|Y,7,No,,Faithful support for someone,Faithful support for someone,Hard,Abstract,Abstract,5,Yes,3,10
WB-0368,EN-0368,EN,English,Latin,MEMORY,MEMORY,MEMORY,6,M|E|M|O|R|Y,6,No,,The power to remember the past,The power to remember the past,Hard,Abstract,Abstract,5,Yes,3,9
WB-0369,EN-0369,EN,English,Latin,MYSTERY,MYSTERY,MYSTERY,7,M|Y|S|T|E|R|Y,7,No,,Something strange that cannot be explained,Something strange that cannot be explained,Hard,Abstract,Abstract,6,Yes,3,10
WB-0370,EN-0370,EN,English,Latin,OPINION,OPINION,OPINION,7,O|P|I|N|I|O|N,7,No,,What a person believes about something,What a person believes about something,Hard,Abstract,Abstract,4,Yes,3,10
WB-0371,EN-0371,EN,English,Latin,PURPOSE,PURPOSE,PURPOSE,7,P|U|R|P|O|S|E,7,No,,The reason something exists,The reason something exists,Hard,Abstract,Abstract,6,Yes,3,10
WB-0372,EN-0372,EN,English,Latin,QUALITY,QUALITY,QUALITY,7,Q|U|A|L|I|T|Y,7,No,,How good or bad something is,How good or bad something is,Hard,Abstract,Abstract,7,No,3,10
WB-0373,EN-0373,EN,English,Latin,REASON,REASON,REASON,6,R|E|A|S|O|N,6,No,,The cause or explanation for something,The cause or explanation for something,Hard,Abstract,Abstract,6,No,3,9
WB-0374,EN-0374,EN,English,Latin,SILENCE,SILENCE,SILENCE,7,S|I|L|E|N|C|E,7,No,,Complete absence of sound,Complete absence of sound,Hard,Abstract,Abstract,6,Yes,3,10
WB-0375,EN-0375,EN,English,Latin,SOCIETY,SOCIETY,SOCIETY,7,S|O|C|I|E|T|Y,7,No,,People living together in a community,People living together in a community,Hard,Abstract,Abstract,7,No,3,10
WB-0376,EN-0376,EN,English,Latin,TALENT,TALENT,TALENT,6,T|A|L|E|N|T,6,No,,A natural ability to do something well,A natural ability to do something well,Hard,Abstract,Abstract,5,Yes,3,9
WB-0377,EN-0377,EN,English,Latin,THEORY,THEORY,THEORY,6,T|H|E|O|R|Y,6,No,,An idea that explains how things work,An idea that explains how things work,Hard,Abstract,Abstract,6,No,3,9
WB-0378,EN-0378,EN,English,Latin,WISDOM,WISDOM,WISDOM,6,W|I|S|D|O|M,6,No,,Deep knowledge gained from experience,Deep knowledge gained from experience,Hard,Abstract,Abstract,6,No,3,9
WB-0379,EN-0379,EN,English,Latin,ACHIEVE,ACHIEVE,ACHIEVE,7,A|C|H|I|E|V|E,7,No,,To succeed in doing something,To succeed in doing something,Hard,Action,Actions,6,Yes,3,10
WB-0380,EN-0380,EN,English,Latin,ARRANGE,ARRANGE,ARRANGE,7,A|R|R|A|N|G|E,7,No,,To put things in order,To put things in order,Hard,Action,Actions,5,Yes,3,10
WB-0381,EN-0381,EN,English,Latin,COLLECT,COLLECT,COLLECT,7,C|O|L|L|E|C|T,7,No,,To gather things together,To gather things together,Hard,Action,Actions,5,Yes,3,10
WB-0382,EN-0382,EN,English,Latin,DECLINE,DECLINE,DECLINE,7,D|E|C|L|I|N|E,7,No,,To say no politely,To say no politely,Hard,Action,Actions,6,Yes,3,10
WB-0383,EN-0383,EN,English,Latin,EXAMINE,EXAMINE,EXAMINE,7,E|X|A|M|I|N|E,7,No,,To look at something in detail,To look at something in detail,Hard,Action,Actions,6,Yes,3,10
WB-0384,EN-0384,EN,English,Latin,INCLUDE,INCLUDE,INCLUDE,7,I|N|C|L|U|D|E,7,No,,To make part of a group,To make part of a group,Hard,Action,Actions,7,No,3,10
WB-0385,EN-0385,EN,English,Latin,MEASURE,MEASURE,MEASURE,7,M|E|A|S|U|R|E,7,No,,To find the size of something,To find the size of something,Hard,Action,Actions,6,Yes,3,10
WB-0386,EN-0386,EN,English,Latin,OBSERVE,OBSERVE,OBSERVE,7,O|B|S|E|R|V|E,7,No,,To watch carefully,To watch carefully,Hard,Action,Actions,6,Yes,3,10
WB-0387,EN-0387,EN,English,Latin,PERFORM,PERFORM,PERFORM,7,P|E|R|F|O|R|M,7,No,,To do something in front of an audience,To do something in front of an audience,Hard,Action,Actions,6,Yes,3,10
WB-0388,EN-0388,EN,English,Latin,PRESENT,PRESENT,PRESENT,7,P|R|E|S|E|N|T,7,No,,To show or give something formally,To show or give something formally,Hard,Action,Actions,6,Yes,3,10
WB-0389,EN-0389,EN,English,Latin,PROTECT,PROTECT,PROTECT,7,P|R|O|T|E|C|T,7,No,,To keep something safe,To keep something safe,Hard,Action,Actions,6,Yes,3,10
WB-0390,EN-0390,EN,English,Latin,REDUCE,REDUCE,REDUCE,6,R|E|D|U|C|E,6,No,,To make smaller in amount,To make smaller in amount,Hard,Action,Actions,5,Yes,3,9
WB-0391,EN-0391,EN,English,Latin,REPLACE,REPLACE,REPLACE,7,R|E|P|L|A|C|E,7,No,,To put something new in place of the old,To put something new in place of the old,Hard,Action,Actions,6,Yes,3,10
WB-0392,EN-0392,EN,English,Latin,REQUIRE,REQUIRE,REQUIRE,7,R|E|Q|U|I|R|E,7,No,,To need something,To need something,Hard,Action,Actions,5,Yes,3,10
WB-0393,EN-0393,EN,English,Latin,RESPOND,RESPOND,RESPOND,7,R|E|S|P|O|N|D,7,No,,To give an answer,To give an answer,Hard,Action,Actions,7,No,3,10
WB-0394,EN-0394,EN,English,Latin,STRETCH,STRETCH,STRETCH,7,S|T|R|E|T|C|H,7,No,,To make something longer,To make something longer,Hard,Action,Actions,6,Yes,3,10
WB-0395,EN-0395,EN,English,Latin,SUGGEST,SUGGEST,SUGGEST,7,S|U|G|G|E|S|T,7,No,,To put forward an idea,To put forward an idea,Hard,Action,Actions,5,Yes,3,10
WB-0396,EN-0396,EN,English,Latin,SURVIVE,SURVIVE,SURVIVE,7,S|U|R|V|I|V|E,7,No,,To stay alive through danger,To stay alive through danger,Hard,Action,Actions,6,Yes,3,10
WB-0397,EN-0397,EN,English,Latin,WHISPER,WHISPER,WHISPER,7,W|H|I|S|P|E|R,7,No,,To speak very quietly,To speak very quietly,Hard,Action,Actions,7,No,3,10
WB-0398,EN-0398,EN,English,Latin,BEETLE,BEETLE,BEETLE,6,B|E|E|T|L|E,6,No,,An insect with a hard shiny back,An insect with a hard shiny back,Hard,Animals,Animals,4,Yes,3,9
WB-0399,EN-0399,EN,English,Latin,DOLPHIN,DOLPHIN,DOLPHIN,7,D|O|L|P|H|I|N,7,No,,A clever sea animal that leaps,A clever sea animal that leaps,Hard,Animals,Animals,7,No,3,10
WB-0400,EN-0400,EN,English,Latin,GIRAFFE,GIRAFFE,GIRAFFE,7,G|I|R|A|F|F|E,7,No,,"The tallest animal, with a long neck","The tallest animal, with a long neck",Hard,Animals,Animals,6,Yes,3,10
WB-0401,EN-0401,EN,English,Latin,HAMSTER,HAMSTER,HAMSTER,7,H|A|M|S|T|E|R,7,No,,A small pet rodent with cheek pouches,A small pet rodent with cheek pouches,Hard,Animals,Animals,7,No,3,10
WB-0402,EN-0402,EN,English,Latin,LEOPARD,LEOPARD,LEOPARD,7,L|E|O|P|A|R|D,7,No,,A large spotted wild cat,A large spotted wild cat,Hard,Animals,Animals,7,No,3,10
WB-0403,EN-0403,EN,English,Latin,MAMMAL,MAMMAL,MAMMAL,6,M|A|M|M|A|L,6,No,,An animal that feeds its young with milk,An animal that feeds its young with milk,Hard,Animals,Animals,3,Yes,3,9
WB-0404,EN-0404,EN,English,Latin,OSTRICH,OSTRICH,OSTRICH,7,O|S|T|R|I|C|H,7,No,,A huge bird that runs but cannot fly,A huge bird that runs but cannot fly,Hard,Animals,Animals,7,No,3,10
WB-0405,EN-0405,EN,English,Latin,PENGUIN,PENGUIN,PENGUIN,7,P|E|N|G|U|I|N,7,No,,A black and white bird that cannot fly,A black and white bird that cannot fly,Hard,Animals,Animals,6,Yes,3,10
WB-0406,EN-0406,EN,English,Latin,REPTILE,REPTILE,REPTILE,7,R|E|P|T|I|L|E,7,No,,A cold-blooded animal with scales,A cold-blooded animal with scales,Hard,Animals,Animals,6,Yes,3,10
WB-0407,EN-0407,EN,English,Latin,BANDAGE,BANDAGE,BANDAGE,7,B|A|N|D|A|G|E,7,No,,Cloth wrapped around a wound,Cloth wrapped around a wound,Hard,Body,Body,6,Yes,3,10
WB-0408,EN-0408,EN,English,Latin,BREATHE,BREATHE,BREATHE,7,B|R|E|A|T|H|E,7,No,,To take air in and out,To take air in and out,Hard,Body,Body,6,Yes,3,10
WB-0409,EN-0409,EN,English,Latin,DISEASE,DISEASE,DISEASE,7,D|I|S|E|A|S|E,7,No,,An illness of the body,An illness of the body,Hard,Body,Body,5,Yes,3,10
WB-0410,EN-0410,EN,English,Latin,EYEBROW,EYEBROW,EYEBROW,7,E|Y|E|B|R|O|W,7,No,,Hair in a line above your eye,Hair in a line above your eye,Hard,Body,Body,6,Yes,3,10
WB-0411,EN-0411,EN,English,Latin,KNUCKLE,KNUCKLE,KNUCKLE,7,K|N|U|C|K|L|E,7,No,,A joint in your finger,A joint in your finger,Hard,Body,Body,6,Yes,3,10
WB-0412,EN-0412,EN,English,Latin,SURGERY,SURGERY,SURGERY,7,S|U|R|G|E|R|Y,7,No,,A medical operation,A medical operation,Hard,Body,Body,6,Yes,3,10
WB-0413,EN-0413,EN,English,Latin,VITAMIN,VITAMIN,VITAMIN,7,V|I|T|A|M|I|N,7,No,,A substance in food that keeps you well,A substance in food that keeps you well,Hard,Body,Body,6,Yes,3,10
WB-0414,EN-0414,EN,English,Latin,CAPITAL,CAPITAL,CAPITAL,7,C|A|P|I|T|A|L,7,No,,The main city of a country,The main city of a country,Hard,City,City,6,Yes,3,10
WB-0415,EN-0415,EN,English,Latin,EMBASSY,EMBASSY,EMBASSY,7,E|M|B|A|S|S|Y,7,No,,The office of a foreign government,The office of a foreign government,Hard,City,City,6,Yes,3,10
WB-0416,EN-0416,EN,English,Latin,FACTORY,FACTORY,FACTORY,7,F|A|C|T|O|R|Y,7,No,,A building where goods are made,A building where goods are made,Hard,City,City,7,No,3,10
WB-0417,EN-0417,EN,English,Latin,HARBOUR,HARBOUR,HARBOUR,7,H|A|R|B|O|U|R,7,No,,A safe place where ships stay,A safe place where ships stay,Hard,City,City,6,Yes,3,10
WB-0418,EN-0418,EN,English,Latin,HIGHWAY,HIGHWAY,HIGHWAY,7,H|I|G|H|W|A|Y,7,No,,A wide fast road between cities,A wide fast road between cities,Hard,City,City,6,Yes,3,10
WB-0419,EN-0419,EN,English,Latin,LUGGAGE,LUGGAGE,LUGGAGE,7,L|U|G|G|A|G|E,7,No,,The bags a traveller carries,The bags a traveller carries,Hard,City,City,5,Yes,3,10
WB-0420,EN-0420,EN,English,Latin,SUBURB,SUBURB,SUBURB,6,S|U|B|U|R|B,6,No,,A residential area outside a city centre,A residential area outside a city centre,Hard,City,City,4,Yes,3,9
WB-0421,EN-0421,EN,English,Latin,TUNNEL,TUNNEL,TUNNEL,6,T|U|N|N|E|L,6,No,,A passage dug under the ground,A passage dug under the ground,Hard,City,City,5,Yes,3,9
WB-0422,EN-0422,EN,English,Latin,ANXIOUS,ANXIOUS,ANXIOUS,7,A|N|X|I|O|U|S,7,No,,Feeling worried about what may happen,Feeling worried about what may happen,Hard,Describe,Qualities,7,No,3,10
WB-0423,EN-0423,EN,English,Latin,AWKWARD,AWKWARD,AWKWARD,7,A|W|K|W|A|R|D,7,No,,Uncomfortable and difficult,Uncomfortable and difficult,Hard,Describe,Qualities,5,Yes,3,10
WB-0424,EN-0424,EN,English,Latin,CRUCIAL,CRUCIAL,CRUCIAL,7,C|R|U|C|I|A|L,7,No,,Extremely important,Extremely important,Hard,Describe,Qualities,6,Yes,3,10
WB-0425,EN-0425,EN,English,Latin,ELEGANT,ELEGANT,ELEGANT,7,E|L|E|G|A|N|T,7,No,,Graceful and stylish,Graceful and stylish,Hard,Describe,Qualities,6,Yes,3,10
WB-0426,EN-0426,EN,English,Latin,EXTREME,EXTREME,EXTREME,7,E|X|T|R|E|M|E,7,No,,At the very highest degree,At the very highest degree,Hard,Describe,Qualities,5,Yes,3,10
WB-0427,EN-0427,EN,English,Latin,FRAGILE,FRAGILE,FRAGILE,7,F|R|A|G|I|L|E,7,No,,Easily broken,Easily broken,Hard,Describe,Qualities,7,No,3,10
WB-0428,EN-0428,EN,English,Latin,GENUINE,GENUINE,GENUINE,7,G|E|N|U|I|N|E,7,No,,"Real, not fake","Real, not fake",Hard,Describe,Qualities,5,Yes,3,10
WB-0429,EN-0429,EN,English,Latin,INSTANT,INSTANT,INSTANT,7,I|N|S|T|A|N|T,7,No,,Happening immediately,Happening immediately,Hard,Describe,Qualities,5,Yes,3,10
WB-0430,EN-0430,EN,English,Latin,MASSIVE,MASSIVE,MASSIVE,7,M|A|S|S|I|V|E,7,No,,Extremely large and heavy,Extremely large and heavy,Hard,Describe,Qualities,6,Yes,3,10
WB-0431,EN-0431,EN,English,Latin,NATURAL,NATURAL,NATURAL,7,N|A|T|U|R|A|L,7,No,,"Existing in the world, not made by people","Existing in the world, not made by people",Hard,Describe,Qualities,6,Yes,3,10
WB-0432,EN-0432,EN,English,Latin,OBVIOUS,OBVIOUS,OBVIOUS,7,O|B|V|I|O|U|S,7,No,,Very easy to see or understand,Very easy to see or understand,Hard,Describe,Qualities,6,Yes,3,10
WB-0433,EN-0433,EN,English,Latin,PRECISE,PRECISE,PRECISE,7,P|R|E|C|I|S|E,7,No,,Exact and accurate,Exact and accurate,Hard,Describe,Qualities,6,Yes,3,10
WB-0434,EN-0434,EN,English,Latin,APRICOT,APRICOT,APRICOT,7,A|P|R|I|C|O|T,7,No,,A small soft orange fruit,A small soft orange fruit,Hard,Food,Food,7,No,3,10
WB-0435,EN-0435,EN,English,Latin,CABBAGE,CABBAGE,CABBAGE,7,C|A|B|B|A|G|E,7,No,,A round vegetable with tight leaves,A round vegetable with tight leaves,Hard,Food,Food,5,Yes,3,10
WB-0436,EN-0436,EN,English,Latin,DESSERT,DESSERT,DESSERT,7,D|E|S|S|E|R|T,7,No,,The sweet course at the end of a meal,The sweet course at the end of a meal,Hard,Food,Food,5,Yes,3,10
WB-0437,EN-0437,EN,English,Latin,NOODLES,NOODLES,NOODLES,7,N|O|O|D|L|E|S,7,No,,Long thin strips of dough,Long thin strips of dough,Hard,Food,Food,6,Yes,3,10
WB-0438,EN-0438,EN,English,Latin,PUMPKIN,PUMPKIN,PUMPKIN,7,P|U|M|P|K|I|N,7,No,,A large orange vegetable,A large orange vegetable,Hard,Food,Food,6,Yes,3,10
WB-0439,EN-0439,EN,English,Latin,RECIPE,RECIPE,RECIPE,6,R|E|C|I|P|E,6,No,,Instructions for cooking a dish,Instructions for cooking a dish,Hard,Food,Food,5,Yes,3,9
WB-0440,EN-0440,EN,English,Latin,SAUSAGE,SAUSAGE,SAUSAGE,7,S|A|U|S|A|G|E,7,No,,Meat packed into a tube of skin,Meat packed into a tube of skin,Hard,Food,Food,5,Yes,3,10
WB-0441,EN-0441,EN,English,Latin,SEAFOOD,SEAFOOD,SEAFOOD,7,S|E|A|F|O|O|D,7,No,,Fish and shellfish eaten as food,Fish and shellfish eaten as food,Hard,Food,Food,6,Yes,3,10
WB-0442,EN-0442,EN,English,Latin,SPINACH,SPINACH,SPINACH,7,S|P|I|N|A|C|H,7,No,,A dark green leafy vegetable,A dark green leafy vegetable,Hard,Food,Food,7,No,3,10
WB-0443,EN-0443,EN,English,Latin,VANILLA,VANILLA,VANILLA,7,V|A|N|I|L|L|A,7,No,,A sweet flavour used in ice cream,A sweet flavour used in ice cream,Hard,Food,Food,5,Yes,3,10
WB-0444,EN-0444,EN,English,Latin,VINEGAR,VINEGAR,VINEGAR,7,V|I|N|E|G|A|R,7,No,,A sour liquid used in salads,A sour liquid used in salads,Hard,Food,Food,7,No,3,10
WB-0445,EN-0445,EN,English,Latin,WALNUT,WALNUT,WALNUT,6,W|A|L|N|U|T,6,No,,A nut with a wrinkled shell,A nut with a wrinkled shell,Hard,Food,Food,6,No,3,9
WB-0446,EN-0446,EN,English,Latin,CEILING,CEILING,CEILING,7,C|E|I|L|I|N|G,7,No,,The surface above you in a room,The surface above you in a room,Hard,Home,Home,6,Yes,3,10
WB-0447,EN-0447,EN,English,Latin,CURTAIN,CURTAIN,CURTAIN,7,C|U|R|T|A|I|N,7,No,,Cloth hung across a window,Cloth hung across a window,Hard,Home,Home,7,No,3,10
WB-0448,EN-0448,EN,English,Latin,CUSHION,CUSHION,CUSHION,7,C|U|S|H|I|O|N,7,No,,A soft pad for sitting on,A soft pad for sitting on,Hard,Home,Home,7,No,3,10
WB-0449,EN-0449,EN,English,Latin,DRAWER,DRAWER,DRAWER,6,D|R|A|W|E|R,6,No,,A box that slides out of furniture,A box that slides out of furniture,Hard,Home,Home,5,Yes,3,9
WB-0450,EN-0450,EN,English,Latin,FURNACE,FURNACE,FURNACE,7,F|U|R|N|A|C|E,7,No,,A machine that produces great heat,A machine that produces great heat,Hard,Home,Home,7,No,3,10
WB-0451,EN-0451,EN,English,Latin,LAUNDRY,LAUNDRY,LAUNDRY,7,L|A|U|N|D|R|Y,7,No,,Clothes waiting to be washed,Clothes waiting to be washed,Hard,Home,Home,7,No,3,10
WB-0452,EN-0452,EN,English,Latin,BOULDER,BOULDER,BOULDER,7,B|O|U|L|D|E|R,7,No,,A very large rounded rock,A very large rounded rock,Hard,Nature,Nature,7,No,3,10
WB-0453,EN-0453,EN,English,Latin,CLIMATE,CLIMATE,CLIMATE,7,C|L|I|M|A|T|E,7,No,,The usual weather of a region,The usual weather of a region,Hard,Nature,Nature,7,No,3,10
WB-0454,EN-0454,EN,English,Latin,CRYSTAL,CRYSTAL,CRYSTAL,7,C|R|Y|S|T|A|L,7,No,,A clear solid with flat faces,A clear solid with flat faces,Hard,Nature,Nature,7,No,3,10
WB-0455,EN-0455,EN,English,Latin,ECLIPSE,ECLIPSE,ECLIPSE,7,E|C|L|I|P|S|E,7,No,,When one body blocks the light of another,When one body blocks the light of another,Hard,Nature,Nature,6,Yes,3,10
WB-0456,EN-0456,EN,English,Latin,GLACIER,GLACIER,GLACIER,7,G|L|A|C|I|E|R,7,No,,A slow-moving river of ice,A slow-moving river of ice,Hard,Nature,Nature,7,No,3,10
WB-0457,EN-0457,EN,English,Latin,GRAVITY,GRAVITY,GRAVITY,7,G|R|A|V|I|T|Y,7,No,,The force that pulls things down,The force that pulls things down,Hard,Nature,Nature,7,No,3,10
WB-0458,EN-0458,EN,English,Latin,HARVEST,HARVEST,HARVEST,7,H|A|R|V|E|S|T,7,No,,The gathering of ripe crops,The gathering of ripe crops,Hard,Nature,Nature,7,No,3,10
WB-0459,EN-0459,EN,English,Latin,HORIZON,HORIZON,HORIZON,7,H|O|R|I|Z|O|N,7,No,,The line where sky meets land,The line where sky meets land,Hard,Nature,Nature,6,Yes,3,10
WB-0460,EN-0460,EN,English,Latin,MEADOW,MEADOW,MEADOW,6,M|E|A|D|O|W,6,No,,A field of wild grass and flowers,A field of wild grass and flowers,Hard,Nature,Nature,6,No,3,9
WB-0461,EN-0461,EN,English,Latin,MINERAL,MINERAL,MINERAL,7,M|I|N|E|R|A|L,7,No,,A solid substance found in the ground,A solid substance found in the ground,Hard,Nature,Nature,7,No,3,10
WB-0462,EN-0462,EN,English,Latin,ORCHARD,ORCHARD,ORCHARD,7,O|R|C|H|A|R|D,7,No,,A field of fruit trees,A field of fruit trees,Hard,Nature,Nature,6,Yes,3,10
WB-0463,EN-0463,EN,English,Latin,RAINBOW,RAINBOW,RAINBOW,7,R|A|I|N|B|O|W,7,No,,Coloured arc in the sky after rain,Coloured arc in the sky after rain,Hard,Nature,Nature,7,No,3,10
WB-0464,EN-0464,EN,English,Latin,SWAMP,SWAMP,SWAMP,5,S|W|A|M|P,5,No,,Soft wet ground you sink into,Soft wet ground you sink into,Hard,Nature,Nature,5,No,3,8
WB-0465,EN-0465,EN,English,Latin,THUNDER,THUNDER,THUNDER,7,T|H|U|N|D|E|R,7,No,,The loud noise that follows lightning,The loud noise that follows lightning,Hard,Nature,Nature,7,No,3,10
WB-0466,EN-0466,EN,English,Latin,VOLCANO,VOLCANO,VOLCANO,7,V|O|L|C|A|N|O,7,No,,A mountain that throws out hot rock,A mountain that throws out hot rock,Hard,Nature,Nature,6,Yes,3,10
WB-0467,EN-0467,EN,English,Latin,ARTIST,ARTIST,ARTIST,6,A|R|T|I|S|T,6,No,,A person who creates paintings,A person who creates paintings,Hard,People,People,5,Yes,3,9
WB-0468,EN-0468,EN,English,Latin,AUTHOR,AUTHOR,AUTHOR,6,A|U|T|H|O|R,6,No,,A person who writes books,A person who writes books,Hard,People,People,6,No,3,9
WB-0469,EN-0469,EN,English,Latin,CAPTAIN,CAPTAIN,CAPTAIN,7,C|A|P|T|A|I|N,7,No,,The leader of a ship or team,The leader of a ship or team,Hard,People,People,6,Yes,3,10
WB-0470,EN-0470,EN,English,Latin,CITIZEN,CITIZEN,CITIZEN,7,C|I|T|I|Z|E|N,7,No,,An official member of a country,An official member of a country,Hard,People,People,6,Yes,3,10
WB-0471,EN-0471,EN,English,Latin,COUSIN,COUSIN,COUSIN,6,C|O|U|S|I|N,6,No,,The child of your aunt or uncle,The child of your aunt or uncle,Hard,People,People,6,No,3,9
WB-0472,EN-0472,EN,English,Latin,FARMER,FARMER,FARMER,6,F|A|R|M|E|R,6,No,,A person who grows crops,A person who grows crops,Hard,People,People,5,Yes,3,9
WB-0473,EN-0473,EN,English,Latin,LAWYER,LAWYER,LAWYER,6,L|A|W|Y|E|R,6,No,,A person trained in the law,A person trained in the law,Hard,People,People,6,No,3,9
WB-0474,EN-0474,EN,English,Latin,SOLDIER,SOLDIER,SOLDIER,7,S|O|L|D|I|E|R,7,No,,A member of an army,A member of an army,Hard,People,People,7,No,3,10
WB-0475,EN-0475,EN,English,Latin,VISITOR,VISITOR,VISITOR,7,V|I|S|I|T|O|R,7,No,,A person who comes to see you,A person who comes to see you,Hard,People,People,6,Yes,3,10
WB-0476,EN-0476,EN,English,Latin,CHAPTER,CHAPTER,CHAPTER,7,C|H|A|P|T|E|R,7,No,,One numbered part of a book,One numbered part of a book,Hard,School,School,7,No,3,10
WB-0477,EN-0477,EN,English,Latin,DIAGRAM,DIAGRAM,DIAGRAM,7,D|I|A|G|R|A|M,7,No,,A simple drawing that explains something,A simple drawing that explains something,Hard,School,School,6,Yes,3,10
WB-0478,EN-0478,EN,English,Latin,DIPLOMA,DIPLOMA,DIPLOMA,7,D|I|P|L|O|M|A,7,No,,A certificate for finishing study,A certificate for finishing study,Hard,School,School,7,No,3,10
WB-0479,EN-0479,EN,English,Latin,FORMULA,FORMULA,FORMULA,7,F|O|R|M|U|L|A,7,No,,A rule written with symbols,A rule written with symbols,Hard,School,School,7,No,3,10
WB-0480,EN-0480,EN,English,Latin,GRAMMAR,GRAMMAR,GRAMMAR,7,G|R|A|M|M|A|R,7,No,,The rules of a language,The rules of a language,Hard,School,School,4,Yes,3,10
WB-0481,EN-0481,EN,English,Latin,JOURNAL,JOURNAL,JOURNAL,7,J|O|U|R|N|A|L,7,No,,A daily written record,A daily written record,Hard,School,School,7,No,3,10
WB-0482,EN-0482,EN,English,Latin,LECTURE,LECTURE,LECTURE,7,L|E|C|T|U|R|E,7,No,,A long talk given to students,A long talk given to students,Hard,School,School,6,Yes,3,10
WB-0483,EN-0483,EN,English,Latin,PROBLEM,PROBLEM,PROBLEM,7,P|R|O|B|L|E|M,7,No,,A difficult matter needing a solution,A difficult matter needing a solution,Hard,School,School,7,No,3,10
WB-0484,EN-0484,EN,English,Latin,ANTENNA,ANTENNA,ANTENNA,7,A|N|T|E|N|N|A,7,No,,A device that receives signals,A device that receives signals,Hard,Tech,Technology,4,Yes,3,10
WB-0485,EN-0485,EN,English,Latin,CHARGER,CHARGER,CHARGER,7,C|H|A|R|G|E|R,7,No,,A device that refills a battery,A device that refills a battery,Hard,Tech,Technology,6,Yes,3,10
WB-0486,EN-0486,EN,English,Latin,CIRCUIT,CIRCUIT,CIRCUIT,7,C|I|R|C|U|I|T,7,No,,A path that electricity flows around,A path that electricity flows around,Hard,Tech,Technology,5,Yes,3,10
WB-0487,EN-0487,EN,English,Latin,MACHINE,MACHINE,MACHINE,7,M|A|C|H|I|N|E,7,No,,A device that does work,A device that does work,Hard,Tech,Technology,7,No,3,10
WB-0488,EN-0488,EN,English,Latin,MONITOR,MONITOR,MONITOR,7,M|O|N|I|T|O|R,7,No,,A screen that displays information,A screen that displays information,Hard,Tech,Technology,6,Yes,3,10
WB-0489,EN-0489,EN,English,Latin,PRINTER,PRINTER,PRINTER,7,P|R|I|N|T|E|R,7,No,,A machine that puts text on paper,A machine that puts text on paper,Hard,Tech,Technology,6,Yes,3,10
WB-0490,EN-0490,EN,English,Latin,SIGNAL,SIGNAL,SIGNAL,6,S|I|G|N|A|L,6,No,,A wave that carries information,A wave that carries information,Hard,Tech,Technology,6,No,3,9
WB-0491,EN-0491,EN,English,Latin,STORAGE,STORAGE,STORAGE,7,S|T|O|R|A|G|E,7,No,,Space where things are kept,Space where things are kept,Hard,Tech,Technology,7,No,3,10
WB-0492,EN-0492,EN,English,Latin,VIRTUAL,VIRTUAL,VIRTUAL,7,V|I|R|T|U|A|L,7,No,,"Existing on a computer, not in reality","Existing on a computer, not in reality",Hard,Tech,Technology,7,No,3,10
WB-0493,EN-0493,EN,English,Latin,CAREER,CAREER,CAREER,6,C|A|R|E|E|R,6,No,,The work a person does for years,The work a person does for years,Hard,Work,Work,4,Yes,3,9
WB-0494,EN-0494,EN,English,Latin,EXPENSE,EXPENSE,EXPENSE,7,E|X|P|E|N|S|E,7,No,,Money that must be spent,Money that must be spent,Hard,Work,Work,5,Yes,3,10
WB-0495,EN-0495,EN,English,Latin,LICENCE,LICENCE,LICENCE,7,L|I|C|E|N|C|E,7,No,,Official permission to do something,Official permission to do something,Hard,Work,Work,5,Yes,3,10
WB-0496,EN-0496,EN,English,Latin,PARTNER,PARTNER,PARTNER,7,P|A|R|T|N|E|R,7,No,,A person you work with,A person you work with,Hard,Work,Work,6,Yes,3,10
WB-0497,EN-0497,EN,English,Latin,PAYMENT,PAYMENT,PAYMENT,7,P|A|Y|M|E|N|T,7,No,,Money given for goods or work,Money given for goods or work,Hard,Work,Work,7,No,3,10
WB-0498,EN-0498,EN,English,Latin,PRODUCT,PRODUCT,PRODUCT,7,P|R|O|D|U|C|T,7,No,,Something made to be sold,Something made to be sold,Hard,Work,Work,7,No,3,10
WB-0499,EN-0499,EN,English,Latin,RECEIPT,RECEIPT,RECEIPT,7,R|E|C|E|I|P|T,7,No,,Paper proving you paid,Paper proving you paid,Hard,Work,Work,6,Yes,3,10
WB-0500,EN-0500,EN,English,Latin,SERVICE,SERVICE,SERVICE,7,S|E|R|V|I|C|E,7,No,,Work done for a customer,Work done for a customer,Hard,Work,Work,6,Yes,3,10
WB-0501,PL-0001,PL,Polish,Latin,BRZUCH,BRZUCH,BRZUCH,6,B|R|Z|U|C|H,6,No,,Część ciała poniżej klatki piersiowej,The body part below the chest,Easy,Ciało,Body,6,No,2,8
WB-0502,PL-0002,PL,Polish,Latin,GŁOWA,GLOWA,GLOWA,5,G|Ł|O|W|A,5,No,Ł,Najwyższa część ciała,The top part of the body,Easy,Ciało,Body,5,No,2,7
WB-0503,PL-0003,PL,Polish,Latin,KOLANO,KOLANO,KOLANO,6,K|O|L|A|N|O,6,No,,Staw w środku nogi,The joint in the middle of the leg,Easy,Ciało,Body,5,Yes,2,8
WB-0504,PL-0004,PL,Polish,Latin,NOGA,NOGA,NOGA,4,N|O|G|A,4,No,,Na niej stoimy i chodzimy,We stand and walk on it,Easy,Ciało,Body,4,No,2,6
WB-0505,PL-0005,PL,Polish,Latin,PALEC,PALEC,PALEC,5,P|A|L|E|C,5,No,,Jedna z pięciu części dłoni,One of five parts on your hand,Easy,Ciało,Body,5,No,2,7
WB-0506,PL-0006,PL,Polish,Latin,PLECY,PLECY,PLECY,5,P|L|E|C|Y,5,No,,Tylna część tułowia,The back of the body,Easy,Ciało,Body,5,No,2,7
WB-0507,PL-0007,PL,Polish,Latin,RĘKA,REKA,REKA,4,R|Ę|K|A,4,No,Ę,Część ciała z pięcioma palcami,The body part with five fingers,Easy,Ciało,Body,4,No,2,6
WB-0508,PL-0008,PL,Polish,Latin,SERCE,SERCE,SERCE,5,S|E|R|C|E,5,No,,Bije w piersi,It beats in your chest,Easy,Ciało,Body,4,Yes,2,7
WB-0509,PL-0009,PL,Polish,Latin,TWARZ,TWARZ,TWARZ,5,T|W|A|R|Z,5,No,,Przednia część głowy,The front of the head,Easy,Ciało,Body,5,No,2,7
WB-0510,PL-0010,PL,Polish,Latin,UCHO,UCHO,UCHO,4,U|C|H|O,4,No,,Nim słyszymy dźwięki,We hear sounds with it,Easy,Ciało,Body,4,No,2,6
WB-0511,PL-0011,PL,Polish,Latin,USTA,USTA,USTA,4,U|S|T|A,4,No,,Nimi mówimy i jemy,We speak and eat with them,Easy,Ciało,Body,4,No,2,6
WB-0512,PL-0012,PL,Polish,Latin,WŁOSY,WLOSY,WLOSY,5,W|Ł|O|S|Y,5,No,Ł,Rosną nam na głowie,They grow on your head,Easy,Ciało,Body,5,No,2,7
WB-0513,PL-0013,PL,Polish,Latin,CZAS,CZAS,CZAS,4,C|Z|A|S,4,No,,Mierzymy go zegarem,We measure it with a clock,Easy,Czas,Time,4,No,2,6
WB-0514,PL-0014,PL,Polish,Latin,DZIEŃ,DZIEN,DZIEN,5,D|Z|I|E|Ń,5,No,Ń,Doba od rana do wieczora,The hours from morning to evening,Easy,Czas,Time,5,No,2,7
WB-0515,PL-0015,PL,Polish,Latin,JUTRO,JUTRO,JUTRO,5,J|U|T|R|O,5,No,,Dzień po dzisiejszym,The day after today,Easy,Czas,Time,5,No,2,7
WB-0516,PL-0016,PL,Polish,Latin,LATO,LATO,LATO,4,L|A|T|O,4,No,,Najcieplejsza pora roku,The warmest season,Easy,Czas,Time,4,No,2,6
WB-0517,PL-0017,PL,Polish,Latin,RANO,RANO,RANO,4,R|A|N|O,4,No,,Wczesna pora dnia,The early part of the day,Easy,Czas,Time,4,No,2,6
WB-0518,PL-0018,PL,Polish,Latin,ZIMA,ZIMA,ZIMA,4,Z|I|M|A,4,No,,Najzimniejsza pora roku,The coldest season,Easy,Czas,Time,4,No,2,6
WB-0519,PL-0019,PL,Polish,Latin,BIEC,BIEC,BIEC,4,B|I|E|C,4,No,,Poruszać się szybko na nogach,To move fast on foot,Easy,Czynności,Actions,4,No,2,6
WB-0520,PL-0020,PL,Polish,Latin,CZEKAĆ,CZEKAC,CZEKAC,6,C|Z|E|K|A|Ć,6,No,Ć,"Pozostawać, aż coś nastąpi",To stay until something happens,Easy,Czynności,Actions,6,No,2,8
WB-0521,PL-0021,PL,Polish,Latin,CZYTAĆ,CZYTAC,CZYTAC,6,C|Z|Y|T|A|Ć,6,No,Ć,Patrzeć na tekst i rozumieć go,To look at text and understand it,Easy,Czynności,Actions,6,No,2,8
WB-0522,PL-0022,PL,Polish,Latin,JEŚĆ,JESC,JESC,4,J|E|Ś|Ć,4,No,Ś|Ć,Przyjmować pokarm,To take in food,Easy,Czynności,Actions,4,No,2,6
WB-0523,PL-0023,PL,Polish,Latin,KUPIĆ,KUPIC,KUPIC,5,K|U|P|I|Ć,5,No,Ć,Nabyć coś za pieniądze,To get something for money,Easy,Czynności,Actions,5,No,2,7
WB-0524,PL-0024,PL,Polish,Latin,MYŚLEĆ,MYSLEC,MYSLEC,6,M|Y|Ś|L|E|Ć,6,No,Ś|Ć,Rozważać coś w głowie,To use your mind,Easy,Czynności,Actions,6,No,2,8
WB-0525,PL-0025,PL,Polish,Latin,MÓWIĆ,MOWIC,MOWIC,5,M|Ó|W|I|Ć,5,No,Ó|Ć,Wypowiadać słowa,To say words aloud,Easy,Czynności,Actions,5,No,2,7
WB-0526,PL-0026,PL,Polish,Latin,PISAĆ,PISAC,PISAC,5,P|I|S|A|Ć,5,No,Ć,Stawiać litery na papierze,To put letters on paper,Easy,Czynności,Actions,5,No,2,7
WB-0527,PL-0027,PL,Polish,Latin,PYTAĆ,PYTAC,PYTAC,5,P|Y|T|A|Ć,5,No,Ć,Zwracać się do kogoś po odpowiedź,To ask someone a question,Easy,Czynności,Actions,5,No,2,7
WB-0528,PL-0028,PL,Polish,Latin,ROBIĆ,ROBIC,ROBIC,5,R|O|B|I|Ć,5,No,Ć,Wykonywać jakąś czynność,To do an activity,Easy,Czynności,Actions,5,No,2,7
WB-0529,PL-0029,PL,Polish,Latin,SPAĆ,SPAC,SPAC,4,S|P|A|Ć,4,No,Ć,Odpoczywać z zamkniętymi oczami,To rest with closed eyes,Easy,Czynności,Actions,4,No,2,6
WB-0530,PL-0030,PL,Polish,Latin,UCZYĆ,UCZYC,UCZYC,5,U|C|Z|Y|Ć,5,No,Ć,Przekazywać komuś wiedzę,To pass knowledge to someone,Easy,Czynności,Actions,5,No,2,7
WB-0531,PL-0031,PL,Polish,Latin,DACH,DACH,DACH,4,D|A|C|H,4,No,,Pokrycie na górze budynku,The cover on top of a building,Easy,Dom,Home,4,No,2,6
WB-0532,PL-0032,PL,Polish,Latin,DRZWI,DRZWI,DRZWI,5,D|R|Z|W|I,5,No,,"Otwieramy je, żeby wejść",You open them to go in,Easy,Dom,Home,5,No,2,7
WB-0533,PL-0033,PL,Polish,Latin,KLUCZ,KLUCZ,KLUCZ,5,K|L|U|C|Z,5,No,,Otwiera zamek w drzwiach,It opens a lock,Easy,Dom,Home,5,No,2,7
WB-0534,PL-0034,PL,Polish,Latin,LAMPA,LAMPA,LAMPA,5,L|A|M|P|A,5,No,,Daje światło w pokoju,It gives light in a room,Easy,Dom,Home,4,Yes,2,7
WB-0535,PL-0035,PL,Polish,Latin,LUSTRO,LUSTRO,LUSTRO,6,L|U|S|T|R|O,6,No,,"Szkło, w którym widzimy siebie",Glass that shows your reflection,Easy,Dom,Home,6,No,2,8
WB-0536,PL-0036,PL,Polish,Latin,MYDŁO,MYDLO,MYDLO,5,M|Y|D|Ł|O,5,No,Ł,Używamy go do mycia rąk,We use it to wash our hands,Easy,Dom,Home,5,No,2,7
WB-0537,PL-0037,PL,Polish,Latin,OKNO,OKNO,OKNO,4,O|K|N|O,4,No,,"Szyba w ścianie, wpuszcza światło",Glass in a wall that lets light in,Easy,Dom,Home,3,Yes,2,6
WB-0538,PL-0038,PL,Polish,Latin,POKÓJ,POKOJ,POKOJ,5,P|O|K|Ó|J,5,No,Ó,Pomieszczenie w mieszkaniu,A room in a flat,Easy,Dom,Home,5,No,2,7
WB-0539,PL-0039,PL,Polish,Latin,STÓŁ,STOL,STOL,4,S|T|Ó|Ł,4,No,Ó|Ł,Mebel z płaskim blatem i nogami,Furniture with a flat top and legs,Easy,Dom,Home,4,No,2,6
WB-0540,PL-0040,PL,Polish,Latin,SUFIT,SUFIT,SUFIT,5,S|U|F|I|T,5,No,,Powierzchnia nad naszą głową w pokoju,The surface above you in a room,Easy,Dom,Home,5,No,2,7
WB-0541,PL-0041,PL,Polish,Latin,SZAFA,SZAFA,SZAFA,5,S|Z|A|F|A,5,No,,Mebel na ubrania,Furniture for keeping clothes,Easy,Dom,Home,4,Yes,2,7
WB-0542,PL-0042,PL,Polish,Latin,TALERZ,TALERZ,TALERZ,6,T|A|L|E|R|Z,6,No,,Płaskie naczynie na jedzenie,A flat dish for food,Easy,Dom,Home,6,No,2,8
WB-0543,PL-0043,PL,Polish,Latin,ZEGAR,ZEGAR,ZEGAR,5,Z|E|G|A|R,5,No,,Pokazuje godzinę,It shows the time,Easy,Dom,Home,5,No,2,7
WB-0544,PL-0044,PL,Polish,Latin,ŁYŻKA,LYZKA,LYZKA,5,Ł|Y|Ż|K|A,5,No,Ł|Ż,Sztuciec do jedzenia zupy,A tool for eating soup,Easy,Dom,Home,5,No,2,7
WB-0545,PL-0045,PL,Polish,Latin,ŁÓŻKO,LOZKO,LOZKO,5,Ł|Ó|Ż|K|O,5,No,Ł|Ó|Ż,"Mebel, w którym śpimy",Furniture we sleep in,Easy,Dom,Home,5,No,2,7
WB-0546,PL-0046,PL,Polish,Latin,ŚCIANA,SCIANA,SCIANA,6,Ś|C|I|A|N|A,6,No,Ś,Płaska pionowa część pokoju,The flat side of a room,Easy,Dom,Home,5,Yes,2,8
WB-0547,PL-0047,PL,Polish,Latin,BANAN,BANAN,BANAN,5,B|A|N|A|N,5,No,,"Długi żółty owoc, który się obiera",A long yellow fruit you peel,Easy,Jedzenie,Food,3,Yes,2,7
WB-0548,PL-0048,PL,Polish,Latin,CEBULA,CEBULA,CEBULA,6,C|E|B|U|L|A,6,No,,"Warzywo, od którego łzawią oczy",A vegetable that makes you cry,Easy,Jedzenie,Food,6,No,2,8
WB-0549,PL-0049,PL,Polish,Latin,CHLEB,CHLEB,CHLEB,5,C|H|L|E|B,5,No,,"Pieczywo z mąki, jemy je codziennie",Baked food made from flour,Easy,Jedzenie,Food,5,No,2,7
WB-0550,PL-0050,PL,Polish,Latin,CUKIER,CUKIER,CUKIER,6,C|U|K|I|E|R,6,No,,Słodkie białe kryształki do herbaty,Sweet white grains for tea,Easy,Jedzenie,Food,6,No,2,8
WB-0551,PL-0051,PL,Polish,Latin,JABŁKO,JABLKO,JABLKO,6,J|A|B|Ł|K|O,6,No,Ł,"Okrągły owoc, często czerwony","A round fruit, often red",Easy,Jedzenie,Food,6,No,2,8
WB-0552,PL-0052,PL,Polish,Latin,JAJKO,JAJKO,JAJKO,5,J|A|J|K|O,5,No,,Znosi je kura,A hen lays it,Easy,Jedzenie,Food,4,Yes,2,7
WB-0553,PL-0053,PL,Polish,Latin,KASZA,KASZA,KASZA,5,K|A|S|Z|A,5,No,,"Gotowane ziarna, dodatek do obiadu",Cooked grains served as a side,Easy,Jedzenie,Food,4,Yes,2,7
WB-0554,PL-0054,PL,Polish,Latin,KAWA,KAWA,KAWA,4,K|A|W|A,4,No,,Gorący ciemny napój na pobudzenie,A hot dark drink that wakes you up,Easy,Jedzenie,Food,3,Yes,2,6
WB-0555,PL-0055,PL,Polish,Latin,MASŁO,MASLO,MASLO,5,M|A|S|Ł|O,5,No,Ł,"Tłuszcz, który smarujemy na pieczywo",Fat we spread on bread,Easy,Jedzenie,Food,5,No,2,7
WB-0556,PL-0056,PL,Polish,Latin,MIÓD,MIOD,MIOD,4,M|I|Ó|D,4,No,Ó,Słodki produkt robiony przez pszczoły,A sweet food made by bees,Easy,Jedzenie,Food,4,No,2,6
WB-0557,PL-0057,PL,Polish,Latin,MIĘSO,MIESO,MIESO,5,M|I|Ę|S|O,5,No,Ę,Jedzenie pochodzące od zwierząt,Food that comes from animals,Easy,Jedzenie,Food,5,No,2,7
WB-0558,PL-0058,PL,Polish,Latin,MLEKO,MLEKO,MLEKO,5,M|L|E|K|O,5,No,,Biały napój od krowy,A white drink from a cow,Easy,Jedzenie,Food,5,No,2,7
WB-0559,PL-0059,PL,Polish,Latin,MĄKA,MAKA,MAKA,4,M|Ą|K|A,4,No,Ą,Biały proszek do pieczenia,White powder used for baking,Easy,Jedzenie,Food,4,No,2,6
WB-0560,PL-0060,PL,Polish,Latin,OBIAD,OBIAD,OBIAD,5,O|B|I|A|D,5,No,,Główny posiłek w ciągu dnia,The main meal of the day,Easy,Jedzenie,Food,5,No,2,7
WB-0561,PL-0061,PL,Polish,Latin,OGÓREK,OGOREK,OGOREK,6,O|G|Ó|R|E|K,6,No,Ó,"Zielone warzywo, długie i chrupiące",A long green crunchy vegetable,Easy,Jedzenie,Food,6,No,2,8
WB-0562,PL-0062,PL,Polish,Latin,OWOC,OWOC,OWOC,4,O|W|O|C,4,No,,"Słodka część rośliny, którą jemy",The sweet part of a plant we eat,Easy,Jedzenie,Food,3,Yes,2,6
WB-0563,PL-0063,PL,Polish,Latin,ZUPA,ZUPA,ZUPA,4,Z|U|P|A,4,No,,Gorące danie jedzone łyżką,A hot dish eaten with a spoon,Easy,Jedzenie,Food,4,No,2,6
WB-0564,PL-0064,PL,Polish,Latin,ŚLIWKA,SLIWKA,SLIWKA,6,Ś|L|I|W|K|A,6,No,Ś,Mały fioletowy owoc z pestką,A small purple fruit with a stone,Easy,Jedzenie,Food,6,No,2,8
WB-0565,PL-0065,PL,Polish,Latin,BIAŁY,BIALY,BIALY,5,B|I|A|Ł|Y,5,No,Ł,Kolor świeżego śniegu,The colour of fresh snow,Easy,Kolory,Colours,5,No,2,7
WB-0566,PL-0066,PL,Polish,Latin,CZARNY,CZARNY,CZARNY,6,C|Z|A|R|N|Y,6,No,,Najciemniejszy kolor,The darkest colour,Easy,Kolory,Colours,6,No,2,8
WB-0567,PL-0067,PL,Polish,Latin,RÓŻOWY,ROZOWY,ROZOWY,6,R|Ó|Ż|O|W|Y,6,No,Ó|Ż,Jasny odcień czerwieni,A pale shade of red,Easy,Kolory,Colours,6,No,2,8
WB-0568,PL-0068,PL,Polish,Latin,SZARY,SZARY,SZARY,5,S|Z|A|R|Y,5,No,,Kolor między czarnym a białym,A colour between black and white,Easy,Kolory,Colours,5,No,2,7
WB-0569,PL-0069,PL,Polish,Latin,ZŁOTO,ZLOTO,ZLOTO,5,Z|Ł|O|T|O,5,No,Ł,Cenny błyszczący metal,A precious shiny metal,Easy,Kolory,Colours,4,Yes,2,7
WB-0570,PL-0070,PL,Polish,Latin,ŻÓŁTY,ZOLTY,ZOLTY,5,Ż|Ó|Ł|T|Y,5,No,Ż|Ó|Ł,Kolor cytryny,The colour of a lemon,Easy,Kolory,Colours,5,No,2,7
WB-0571,PL-0071,PL,Polish,Latin,BRAT,BRAT,BRAT,4,B|R|A|T,4,No,,Syn tych samych rodziców,A son of the same parents,Easy,Ludzie,People,4,No,2,6
WB-0572,PL-0072,PL,Polish,Latin,CÓRKA,CORKA,CORKA,5,C|Ó|R|K|A,5,No,Ó,Dziecko płci żeńskiej,A female child,Easy,Ludzie,People,5,No,2,7
WB-0573,PL-0073,PL,Polish,Latin,GOŚĆ,GOSC,GOSC,4,G|O|Ś|Ć,4,No,Ś|Ć,"Ktoś, kogo zapraszamy do domu",Someone you invite to your home,Easy,Ludzie,People,4,No,2,6
WB-0574,PL-0074,PL,Polish,Latin,KOLEGA,KOLEGA,KOLEGA,6,K|O|L|E|G|A,6,No,,Znajomy z pracy lub szkoły,A friend from work or school,Easy,Ludzie,People,6,No,2,8
WB-0575,PL-0075,PL,Polish,Latin,LUDZIE,LUDZIE,LUDZIE,6,L|U|D|Z|I|E,6,No,,Więcej niż jedna osoba,More than one person,Easy,Ludzie,People,6,No,2,8
WB-0576,PL-0076,PL,Polish,Latin,MATKA,MATKA,MATKA,5,M|A|T|K|A,5,No,,Rodzic płci żeńskiej,A female parent,Easy,Ludzie,People,4,Yes,2,7
WB-0577,PL-0077,PL,Polish,Latin,OJCIEC,OJCIEC,OJCIEC,6,O|J|C|I|E|C,6,No,,Rodzic płci męskiej,A male parent,Easy,Ludzie,People,5,Yes,2,8
WB-0578,PL-0078,PL,Polish,Latin,OSOBA,OSOBA,OSOBA,5,O|S|O|B|A,5,No,,Jeden człowiek,One human being,Easy,Ludzie,People,4,Yes,2,7
WB-0579,PL-0079,PL,Polish,Latin,SĄSIAD,SASIAD,SASIAD,6,S|Ą|S|I|A|D,6,No,Ą,Osoba mieszkająca obok,A person living next door,Easy,Ludzie,People,5,Yes,2,8
WB-0580,PL-0080,PL,Polish,Latin,APTEKA,APTEKA,APTEKA,6,A|P|T|E|K|A,6,No,,Tam kupujemy leki,Where you buy medicine,Easy,Miasto,City,5,Yes,2,8
WB-0581,PL-0081,PL,Polish,Latin,BANK,BANK,BANK,4,B|A|N|K,4,No,,Tam trzymamy pieniądze,Where you keep your money,Easy,Miasto,City,4,No,2,6
WB-0582,PL-0082,PL,Polish,Latin,BILET,BILET,BILET,5,B|I|L|E|T,5,No,,"Papier, który pozwala jechać",Paper that lets you travel,Easy,Miasto,City,5,No,2,7
WB-0583,PL-0083,PL,Polish,Latin,DROGA,DROGA,DROGA,5,D|R|O|G|A,5,No,,Twarda nawierzchnia dla samochodów,A hard surface for cars,Easy,Miasto,City,5,No,2,7
WB-0584,PL-0084,PL,Polish,Latin,HOTEL,HOTEL,HOTEL,5,H|O|T|E|L,5,No,,"Budynek, gdzie śpią podróżni",A building where travellers sleep,Easy,Miasto,City,5,No,2,7
WB-0585,PL-0085,PL,Polish,Latin,MIASTO,MIASTO,MIASTO,6,M|I|A|S|T|O,6,No,,"Duże miejsce, gdzie mieszka wielu ludzi",A large place where many people live,Easy,Miasto,City,6,No,2,8
WB-0586,PL-0086,PL,Polish,Latin,MOST,MOST,MOST,4,M|O|S|T,4,No,,Budowla nad rzeką,A structure over a river,Easy,Miasto,City,4,No,2,6
WB-0587,PL-0087,PL,Polish,Latin,MUZEUM,MUZEUM,MUZEUM,6,M|U|Z|E|U|M,6,No,,Budynek ze starymi eksponatami,A building with old objects,Easy,Miasto,City,4,Yes,2,8
WB-0588,PL-0088,PL,Polish,Latin,PARK,PARK,PARK,4,P|A|R|K,4,No,,Zielone miejsce w mieście,A green place in the city,Easy,Miasto,City,4,No,2,6
WB-0589,PL-0089,PL,Polish,Latin,RYNEK,RYNEK,RYNEK,5,R|Y|N|E|K,5,No,,Główny plac starego miasta,The main square of an old town,Easy,Miasto,City,5,No,2,7
WB-0590,PL-0090,PL,Polish,Latin,SKLEP,SKLEP,SKLEP,5,S|K|L|E|P,5,No,,"Miejsce, gdzie kupujemy rzeczy",A place where you buy things,Easy,Miasto,City,5,No,2,7
WB-0591,PL-0091,PL,Polish,Latin,ULICA,ULICA,ULICA,5,U|L|I|C|A,5,No,,Droga w mieście z budynkami,A road in a town with buildings,Easy,Miasto,City,5,No,2,7
WB-0592,PL-0092,PL,Polish,Latin,BURZA,BURZA,BURZA,5,B|U|R|Z|A,5,No,,Gwałtowna pogoda z piorunami,Violent weather with thunder,Easy,Natura,Nature,5,No,2,7
WB-0593,PL-0093,PL,Polish,Latin,DESZCZ,DESZCZ,DESZCZ,6,D|E|S|Z|C|Z,6,No,,Woda padająca z chmur,Water falling from clouds,Easy,Natura,Nature,5,Yes,2,8
WB-0594,PL-0094,PL,Polish,Latin,GÓRA,GORA,GORA,4,G|Ó|R|A,4,No,Ó,Bardzo wysokie wzniesienie,A very high landform,Easy,Natura,Nature,4,No,2,6
WB-0595,PL-0095,PL,Polish,Latin,KAMIEŃ,KAMIEN,KAMIEN,6,K|A|M|I|E|Ń,6,No,Ń,Twardy kawałek skały,A hard piece of rock,Easy,Natura,Nature,6,No,2,8
WB-0596,PL-0096,PL,Polish,Latin,KWIAT,KWIAT,KWIAT,5,K|W|I|A|T,5,No,,Kolorowa część rośliny,The colourful part of a plant,Easy,Natura,Nature,5,No,2,7
WB-0597,PL-0097,PL,Polish,Latin,LIŚĆ,LISC,LISC,4,L|I|Ś|Ć,4,No,Ś|Ć,Zielona część rośliny na gałęzi,The green part of a plant,Easy,Natura,Nature,4,No,2,6
WB-0598,PL-0098,PL,Polish,Latin,MGŁA,MGLA,MGLA,4,M|G|Ł|A,4,No,Ł,"Gęsta para, przez którą źle widać",Thick vapour that hides the view,Easy,Natura,Nature,4,No,2,6
WB-0599,PL-0099,PL,Polish,Latin,MORZE,MORZE,MORZE,5,M|O|R|Z|E,5,No,,Wielki zbiornik słonej wody,A large body of salt water,Easy,Natura,Nature,5,No,2,7
WB-0600,PL-0100,PL,Polish,Latin,NIEBO,NIEBO,NIEBO,5,N|I|E|B|O,5,No,,To widzimy nad głową w dzień,What we see above us,Easy,Natura,Nature,5,No,2,7
WB-0601,PL-0101,PL,Polish,Latin,OGIEŃ,OGIEN,OGIEN,5,O|G|I|E|Ń,5,No,Ń,Gorące płomienie,Hot flames,Easy,Natura,Nature,5,No,2,7
WB-0602,PL-0102,PL,Polish,Latin,PIASEK,PIASEK,PIASEK,6,P|I|A|S|E|K,6,No,,Drobne ziarenka na plaży,Tiny grains on a beach,Easy,Natura,Nature,6,No,2,8
WB-0603,PL-0103,PL,Polish,Latin,PLAŻA,PLAZA,PLAZA,5,P|L|A|Ż|A,5,No,Ż,Piaszczysty brzeg morza,Sandy shore by the sea,Easy,Natura,Nature,4,Yes,2,7
WB-0604,PL-0104,PL,Polish,Latin,POLE,POLE,POLE,4,P|O|L|E,4,No,,"Otwarty teren, gdzie rosną zboża",Open land where crops grow,Easy,Natura,Nature,4,No,2,6
WB-0605,PL-0105,PL,Polish,Latin,RZEKA,RZEKA,RZEKA,5,R|Z|E|K|A,5,No,,Woda płynąca do morza,Water flowing to the sea,Easy,Natura,Nature,5,No,2,7
WB-0606,PL-0106,PL,Polish,Latin,TRAWA,TRAWA,TRAWA,5,T|R|A|W|A,5,No,,Zielona roślina na łące,Green plants on a lawn,Easy,Natura,Nature,4,Yes,2,7
WB-0607,PL-0107,PL,Polish,Latin,WIATR,WIATR,WIATR,5,W|I|A|T|R,5,No,,Powietrze w ruchu,Moving air,Easy,Natura,Nature,5,No,2,7
WB-0608,PL-0108,PL,Polish,Latin,WODA,WODA,WODA,4,W|O|D|A,4,No,,"Przezroczysty płyn, który pijemy",The clear liquid we drink,Easy,Natura,Nature,4,No,2,6
WB-0609,PL-0109,PL,Polish,Latin,ŚNIEG,SNIEG,SNIEG,5,Ś|N|I|E|G,5,No,Ś,Białe płatki padające zimą,White flakes that fall in winter,Easy,Natura,Nature,5,No,2,7
WB-0610,PL-0110,PL,Polish,Latin,CICHY,CICHY,CICHY,5,C|I|C|H|Y,5,No,,Niewydający hałasu,Making very little noise,Easy,Opis,Qualities,4,Yes,2,7
WB-0611,PL-0111,PL,Polish,Latin,CIEMNY,CIEMNY,CIEMNY,6,C|I|E|M|N|Y,6,No,,Pozbawiony światła,Without light,Easy,Opis,Qualities,6,No,2,8
WB-0612,PL-0112,PL,Polish,Latin,CIEPŁY,CIEPLY,CIEPLY,6,C|I|E|P|Ł|Y,6,No,Ł,Przyjemnie gorący,Pleasantly hot,Easy,Opis,Qualities,6,No,2,8
WB-0613,PL-0113,PL,Polish,Latin,DOBRY,DOBRY,DOBRY,5,D|O|B|R|Y,5,No,,"Taki, jaki powinien być",As it should be,Easy,Opis,Qualities,5,No,2,7
WB-0614,PL-0114,PL,Polish,Latin,DUŻY,DUZY,DUZY,4,D|U|Ż|Y,4,No,Ż,O sporych rozmiarach,Big in size,Easy,Opis,Qualities,4,No,2,6
WB-0615,PL-0115,PL,Polish,Latin,DŁUGI,DLUGI,DLUGI,5,D|Ł|U|G|I,5,No,Ł,Rozciągający się na wiele metrów,Great in length,Easy,Opis,Qualities,5,No,2,7
WB-0616,PL-0116,PL,Polish,Latin,GŁOŚNY,GLOSNY,GLOSNY,6,G|Ł|O|Ś|N|Y,6,No,Ł|Ś,Wydający dużo hałasu,Making a lot of noise,Easy,Opis,Qualities,6,No,2,8
WB-0617,PL-0117,PL,Polish,Latin,JASNY,JASNY,JASNY,5,J|A|S|N|Y,5,No,,Pełen światła,Full of light,Easy,Opis,Qualities,5,No,2,7
WB-0618,PL-0118,PL,Polish,Latin,MAŁY,MALY,MALY,4,M|A|Ł|Y,4,No,Ł,O niewielkich rozmiarach,Little in size,Easy,Opis,Qualities,4,No,2,6
WB-0619,PL-0119,PL,Polish,Latin,MIŁY,MILY,MILY,4,M|I|Ł|Y,4,No,Ł,Sympatyczny wobec innych,Kind and pleasant to others,Easy,Opis,Qualities,4,No,2,6
WB-0620,PL-0120,PL,Polish,Latin,MOCNY,MOCNY,MOCNY,5,M|O|C|N|Y,5,No,,Mający dużo siły,Having great strength,Easy,Opis,Qualities,5,No,2,7
WB-0621,PL-0121,PL,Polish,Latin,MŁODY,MLODY,MLODY,5,M|Ł|O|D|Y,5,No,Ł,Będący na początku życia,Early in life,Easy,Opis,Qualities,5,No,2,7
WB-0622,PL-0122,PL,Polish,Latin,NOWY,NOWY,NOWY,4,N|O|W|Y,4,No,,Dopiero co zrobiony,"Just made, not old",Easy,Opis,Qualities,4,No,2,6
WB-0623,PL-0123,PL,Polish,Latin,STARY,STARY,STARY,5,S|T|A|R|Y,5,No,,Istniejący od dawna,Existing for a long time,Easy,Opis,Qualities,5,No,2,7
WB-0624,PL-0124,PL,Polish,Latin,SZYBKI,SZYBKI,SZYBKI,6,S|Z|Y|B|K|I,6,No,,Poruszający się z dużą prędkością,Moving at high speed,Easy,Opis,Qualities,6,No,2,8
WB-0625,PL-0125,PL,Polish,Latin,WOLNY,WOLNY,WOLNY,5,W|O|L|N|Y,5,No,,Poruszający się powoli,Moving slowly,Easy,Opis,Qualities,5,No,2,7
WB-0626,PL-0126,PL,Polish,Latin,ZIMNY,ZIMNY,ZIMNY,5,Z|I|M|N|Y,5,No,,O niskiej temperaturze,Low in temperature,Easy,Opis,Qualities,5,No,2,7
WB-0627,PL-0127,PL,Polish,Latin,ŁATWY,LATWY,LATWY,5,Ł|A|T|W|Y,5,No,Ł,Niesprawiający trudności,Not difficult,Easy,Opis,Qualities,5,No,2,7
WB-0628,PL-0128,PL,Polish,Latin,BIURO,BIURO,BIURO,5,B|I|U|R|O,5,No,,"Pomieszczenie, w którym pracuje się przy komputerze",A place where office work is done,Easy,Praca,Work,5,No,2,7
WB-0629,PL-0129,PL,Polish,Latin,CENA,CENA,CENA,4,C|E|N|A,4,No,,Ile trzeba zapłacić,How much you must pay,Easy,Praca,Work,4,No,2,6
WB-0630,PL-0130,PL,Polish,Latin,FIRMA,FIRMA,FIRMA,5,F|I|R|M|A,5,No,,"Organizacja, która sprzedaje usługi",An organisation that sells services,Easy,Praca,Work,5,No,2,7
WB-0631,PL-0131,PL,Polish,Latin,PRACA,PRACA,PRACA,5,P|R|A|C|A,5,No,,"Robimy to, żeby zarabiać",What you do to earn money,Easy,Praca,Work,4,Yes,2,7
WB-0632,PL-0132,PL,Polish,Latin,SZEF,SZEF,SZEF,4,S|Z|E|F,4,No,,"Osoba, która kieruje zespołem",The person who leads a team,Easy,Praca,Work,4,No,2,6
WB-0633,PL-0133,PL,Polish,Latin,UMOWA,UMOWA,UMOWA,5,U|M|O|W|A,5,No,,Pisemne porozumienie dwóch stron,A written agreement between two sides,Easy,Praca,Work,5,No,2,7
WB-0634,PL-0134,PL,Polish,Latin,ZAWÓD,ZAWOD,ZAWOD,5,Z|A|W|Ó|D,5,No,Ó,"Rodzaj pracy, którą się wykonuje",The kind of work a person does,Easy,Praca,Work,5,No,2,7
WB-0635,PL-0135,PL,Polish,Latin,BASEN,BASEN,BASEN,5,B|A|S|E|N,5,No,,"Miejsce, gdzie się pływa",A place where you swim,Easy,Sport,Sport,5,No,2,7
WB-0636,PL-0136,PL,Polish,Latin,BIEG,BIEG,BIEG,4,B|I|E|G,4,No,,Poruszanie się bardzo szybko,Moving on foot very fast,Easy,Sport,Sport,4,No,2,6
WB-0637,PL-0137,PL,Polish,Latin,MECZ,MECZ,MECZ,4,M|E|C|Z,4,No,,Rozgrywka dwóch drużyn,A game between two sides,Easy,Sport,Sport,4,No,2,6
WB-0638,PL-0138,PL,Polish,Latin,MEDAL,MEDAL,MEDAL,5,M|E|D|A|L,5,No,,Metalowy krążek dla zwycięzcy,A metal disc for a winner,Easy,Sport,Sport,5,No,2,7
WB-0639,PL-0139,PL,Polish,Latin,PIŁKA,PILKA,PILKA,5,P|I|Ł|K|A,5,No,Ł,Okrągły przedmiot do gry,A round object used in games,Easy,Sport,Sport,5,No,2,7
WB-0640,PL-0140,PL,Polish,Latin,SPORT,SPORT,SPORT,5,S|P|O|R|T,5,No,,Aktywność fizyczna z zasadami,Physical activity with rules,Easy,Sport,Sport,5,No,2,7
WB-0641,PL-0141,PL,Polish,Latin,JĘZYK,JEZYK,JEZYK,5,J|Ę|Z|Y|K,5,No,Ę,"Nim mówimy; polski, angielski","Polish or English, for example",Easy,Szkoła,School,5,No,2,7
WB-0642,PL-0142,PL,Polish,Latin,LEKCJA,LEKCJA,LEKCJA,6,L|E|K|C|J|A,6,No,,Jednostka nauczania w szkole,A period of teaching,Easy,Szkoła,School,6,No,2,8
WB-0643,PL-0143,PL,Polish,Latin,LICZBA,LICZBA,LICZBA,6,L|I|C|Z|B|A,6,No,,"Symbol oznaczający ilość, np. pięć",A symbol used for counting,Easy,Szkoła,School,6,No,2,8
WB-0644,PL-0144,PL,Polish,Latin,LITERA,LITERA,LITERA,6,L|I|T|E|R|A,6,No,,Pojedynczy znak alfabetu,One sign of the alphabet,Easy,Szkoła,School,6,No,2,8
WB-0645,PL-0145,PL,Polish,Latin,NAUKA,NAUKA,NAUKA,5,N|A|U|K|A,5,No,,Zdobywanie wiedzy,Getting knowledge,Easy,Szkoła,School,4,Yes,2,7
WB-0646,PL-0146,PL,Polish,Latin,OŁÓWEK,OLOWEK,OLOWEK,6,O|Ł|Ó|W|E|K,6,No,Ł|Ó,Drewniane narzędzie do pisania,A wooden writing tool,Easy,Szkoła,School,6,No,2,8
WB-0647,PL-0147,PL,Polish,Latin,PAPIER,PAPIER,PAPIER,6,P|A|P|I|E|R,6,No,,Cienki materiał do pisania,Thin material for writing,Easy,Szkoła,School,5,Yes,2,8
WB-0648,PL-0148,PL,Polish,Latin,SZKOŁA,SZKOLA,SZKOLA,6,S|Z|K|O|Ł|A,6,No,Ł,"Miejsce, gdzie dzieci się uczą",A place where children learn,Easy,Szkoła,School,6,No,2,8
WB-0649,PL-0149,PL,Polish,Latin,SŁOWO,SLOWO,SLOWO,5,S|Ł|O|W|O,5,No,Ł,"Litery, które razem coś znaczą",Letters that together mean something,Easy,Szkoła,School,4,Yes,2,7
WB-0650,PL-0150,PL,Polish,Latin,UCZEŃ,UCZEN,UCZEN,5,U|C|Z|E|Ń,5,No,Ń,"Osoba, która chodzi do szkoły",A person who goes to school,Easy,Szkoła,School,5,No,2,7
WB-0651,PL-0151,PL,Polish,Latin,ZESZYT,ZESZYT,ZESZYT,6,Z|E|S|Z|Y|T,6,No,,Cienka książka do pisania,A thin book for writing in,Easy,Szkoła,School,5,Yes,2,8
WB-0652,PL-0152,PL,Polish,Latin,EKRAN,EKRAN,EKRAN,5,E|K|R|A|N,5,No,,"Płaska część telefonu, na którą patrzymy",The flat part of a phone you look at,Easy,Technologia,Technology,5,No,2,7
WB-0653,PL-0153,PL,Polish,Latin,HASŁO,HASLO,HASLO,5,H|A|S|Ł|O,5,No,Ł,Tajne słowo do konta,A secret word for an account,Easy,Technologia,Technology,5,No,2,7
WB-0654,PL-0154,PL,Polish,Latin,KAMERA,KAMERA,KAMERA,6,K|A|M|E|R|A,6,No,,Urządzenie do robienia zdjęć,A device that takes pictures,Easy,Technologia,Technology,5,Yes,2,8
WB-0655,PL-0155,PL,Polish,Latin,KONTO,KONTO,KONTO,5,K|O|N|T|O,5,No,,Zapis użytkownika w aplikacji,A user record in an app,Easy,Technologia,Technology,4,Yes,2,7
WB-0656,PL-0156,PL,Polish,Latin,PLIK,PLIK,PLIK,4,P|L|I|K,4,No,,Dokument zapisany w komputerze,A document saved on a computer,Easy,Technologia,Technology,4,No,2,6
WB-0657,PL-0157,PL,Polish,Latin,SIEĆ,SIEC,SIEC,4,S|I|E|Ć,4,No,Ć,Połączone ze sobą komputery,Connected computers,Easy,Technologia,Technology,4,No,2,6
WB-0658,PL-0158,PL,Polish,Latin,BLUZKA,BLUZKA,BLUZKA,6,B|L|U|Z|K|A,6,No,,Lekka góra damskiego ubrania,A light top worn by women,Easy,Ubrania,Clothing,6,No,2,8
WB-0659,PL-0159,PL,Polish,Latin,BUTY,BUTY,BUTY,4,B|U|T|Y,4,No,,Nosimy je na stopach,We wear them on our feet,Easy,Ubrania,Clothing,4,No,2,6
WB-0660,PL-0160,PL,Polish,Latin,CZAPKA,CZAPKA,CZAPKA,6,C|Z|A|P|K|A,6,No,,Nosimy ją na głowie zimą,Worn on the head in winter,Easy,Ubrania,Clothing,5,Yes,2,8
WB-0661,PL-0161,PL,Polish,Latin,KURTKA,KURTKA,KURTKA,6,K|U|R|T|K|A,6,No,,Krótkie okrycie wierzchnie,A short outer coat,Easy,Ubrania,Clothing,5,Yes,2,8
WB-0662,PL-0162,PL,Polish,Latin,PASEK,PASEK,PASEK,5,P|A|S|E|K,5,No,,Nosimy go w talii,Worn around the waist,Easy,Ubrania,Clothing,5,No,2,7
WB-0663,PL-0163,PL,Polish,Latin,SZALIK,SZALIK,SZALIK,6,S|Z|A|L|I|K,6,No,,Nosimy go na szyi,Worn around the neck,Easy,Ubrania,Clothing,6,No,2,8
WB-0664,PL-0164,PL,Polish,Latin,JELEŃ,JELEN,JELEN,5,J|E|L|E|Ń,5,No,Ń,Duże leśne zwierzę z porożem,A large forest animal with antlers,Easy,Zwierzęta,Animals,4,Yes,2,7
WB-0665,PL-0165,PL,Polish,Latin,KACZKA,KACZKA,KACZKA,6,K|A|C|Z|K|A,6,No,,Ptak wodny z płaskim dziobem,A water bird with a flat beak,Easy,Zwierzęta,Animals,4,Yes,2,8
WB-0666,PL-0166,PL,Polish,Latin,KOZA,KOZA,KOZA,4,K|O|Z|A,4,No,,"Zwierzę z rogami, lubi się wspinać",A horned animal that likes to climb,Easy,Zwierzęta,Animals,4,No,2,6
WB-0667,PL-0167,PL,Polish,Latin,KROWA,KROWA,KROWA,5,K|R|O|W|A,5,No,,Daje nam mleko,It gives us milk,Easy,Zwierzęta,Animals,5,No,2,7
WB-0668,PL-0168,PL,Polish,Latin,KURA,KURA,KURA,4,K|U|R|A,4,No,,"Ptak domowy, znosi jajka",A farm bird that lays eggs,Easy,Zwierzęta,Animals,4,No,2,6
WB-0669,PL-0169,PL,Polish,Latin,MOTYL,MOTYL,MOTYL,5,M|O|T|Y|L,5,No,,Owad z kolorowymi skrzydłami,An insect with colourful wings,Easy,Zwierzęta,Animals,5,No,2,7
WB-0670,PL-0170,PL,Polish,Latin,MRÓWKA,MROWKA,MROWKA,6,M|R|Ó|W|K|A,6,No,Ó,"Bardzo mały owad, żyje w grupie",A tiny insect that lives in groups,Easy,Zwierzęta,Animals,6,No,2,8
WB-0671,PL-0171,PL,Polish,Latin,MYSZ,MYSZ,MYSZ,4,M|Y|S|Z,4,No,,Bardzo małe zwierzę z długim ogonem,A very small animal with a long tail,Easy,Zwierzęta,Animals,4,No,2,6
WB-0672,PL-0172,PL,Polish,Latin,OWCA,OWCA,OWCA,4,O|W|C|A,4,No,,"Zwierzę, które daje wełnę",An animal that gives wool,Easy,Zwierzęta,Animals,4,No,2,6
WB-0673,PL-0173,PL,Polish,Latin,PIES,PIES,PIES,4,P|I|E|S,4,No,,"Domowe zwierzę, które szczeka",A pet that barks,Easy,Zwierzęta,Animals,4,No,2,6
WB-0674,PL-0174,PL,Polish,Latin,PTAK,PTAK,PTAK,4,P|T|A|K,4,No,,"Zwierzę z piórami, które lata",An animal with feathers that flies,Easy,Zwierzęta,Animals,4,No,2,6
WB-0675,PL-0175,PL,Polish,Latin,RYBA,RYBA,RYBA,4,R|Y|B|A,4,No,,"Zwierzę, które żyje w wodzie",An animal that lives in water,Easy,Zwierzęta,Animals,4,No,2,6
WB-0676,PL-0176,PL,Polish,Latin,SOWA,SOWA,SOWA,4,S|O|W|A,4,No,,"Ptak, który poluje nocą",A bird that hunts at night,Easy,Zwierzęta,Animals,4,No,2,6
WB-0677,PL-0177,PL,Polish,Latin,WILK,WILK,WILK,4,W|I|L|K,4,No,,Dzikie zwierzę podobne do psa,A wild animal like a dog,Easy,Zwierzęta,Animals,4,No,2,6
WB-0678,PL-0178,PL,Polish,Latin,ZAJĄC,ZAJAC,ZAJAC,5,Z|A|J|Ą|C,5,No,Ą,Szybkie zwierzę z długimi uszami,A fast animal with long ears,Easy,Zwierzęta,Animals,5,No,2,7
WB-0679,PL-0179,PL,Polish,Latin,ŚWINIA,SWINIA,SWINIA,6,Ś|W|I|N|I|A,6,No,Ś,Różowe zwierzę hodowlane,A pink farm animal,Easy,Zwierzęta,Animals,5,Yes,2,8
WB-0680,PL-0180,PL,Polish,Latin,ŻABA,ZABA,ZABA,4,Ż|A|B|A,4,No,Ż,"Małe zielone zwierzę, które skacze",A small green animal that jumps,Easy,Zwierzęta,Animals,3,Yes,2,6
WB-0681,PL-0181,PL,Polish,Latin,BRWI,BRWI,BRWI,4,B|R|W|I,4,No,,Włosy nad oczami,Hair above the eyes,Medium,Ciało,Body,4,No,3,7
WB-0682,PL-0182,PL,Polish,Latin,CHOROBA,CHOROBA,CHOROBA,7,C|H|O|R|O|B|A,7,No,,Zły stan organizmu,A bad state of the body,Medium,Ciało,Body,6,Yes,3,10
WB-0683,PL-0183,PL,Polish,Latin,GARDŁO,GARDLO,GARDLO,6,G|A|R|D|Ł|O,6,No,Ł,Przewód z tyłu jamy ustnej,The passage behind the mouth,Medium,Ciało,Body,6,No,3,9
WB-0684,PL-0184,PL,Polish,Latin,LEKARZ,LEKARZ,LEKARZ,6,L|E|K|A|R|Z,6,No,,"Osoba, która leczy chorych",A person who treats the sick,Medium,Ciało,Body,6,No,3,9
WB-0685,PL-0185,PL,Polish,Latin,MIĘSIEŃ,MIESIEN,MIESIEN,7,M|I|Ę|S|I|E|Ń,7,No,Ę|Ń,"Tkanka, dzięki której się poruszamy",Tissue that lets us move,Medium,Ciało,Body,6,Yes,3,10
WB-0686,PL-0186,PL,Polish,Latin,PACJENT,PACJENT,PACJENT,7,P|A|C|J|E|N|T,7,No,,Osoba leczona przez lekarza,A person treated by a doctor,Medium,Ciało,Body,7,No,3,10
WB-0687,PL-0187,PL,Polish,Latin,RAMIĘ,RAMIE,RAMIE,5,R|A|M|I|Ę,5,No,Ę,Część ciała między szyją a ręką,The body part between neck and arm,Medium,Ciało,Body,5,No,3,8
WB-0688,PL-0188,PL,Polish,Latin,SZPITAL,SZPITAL,SZPITAL,7,S|Z|P|I|T|A|L,7,No,,"Budynek, gdzie leczy się chorych",A building where the sick are treated,Medium,Ciało,Body,7,No,3,10
WB-0689,PL-0189,PL,Polish,Latin,ZDROWIE,ZDROWIE,ZDROWIE,7,Z|D|R|O|W|I|E,7,No,,"Stan, w jakim jest nasze ciało",The condition of the body,Medium,Ciało,Body,7,No,3,10
WB-0690,PL-0190,PL,Polish,Latin,ŁOKIEĆ,LOKIEC,LOKIEC,6,Ł|O|K|I|E|Ć,6,No,Ł|Ć,Staw w środku ręki,The joint in the middle of the arm,Medium,Ciało,Body,6,No,3,9
WB-0691,PL-0191,PL,Polish,Latin,ŻOŁĄDEK,ZOLADEK,ZOLADEK,7,Ż|O|Ł|Ą|D|E|K,7,No,Ż|Ł|Ą,Tam trafia jedzenie po przełknięciu,Where food goes after swallowing,Medium,Ciało,Body,7,No,3,10
WB-0692,PL-0192,PL,Polish,Latin,DZISIAJ,DZISIAJ,DZISIAJ,7,D|Z|I|S|I|A|J,7,No,,"Obecny, trwający dzień",This present day,Medium,Czas,Time,6,Yes,3,10
WB-0693,PL-0193,PL,Polish,Latin,GODZINA,GODZINA,GODZINA,7,G|O|D|Z|I|N|A,7,No,,Sześćdziesiąt minut,Sixty minutes,Medium,Czas,Time,7,No,3,10
WB-0694,PL-0194,PL,Polish,Latin,MIESIĄC,MIESIAC,MIESIAC,7,M|I|E|S|I|Ą|C,7,No,Ą,Jest ich dwanaście w roku,There are twelve in a year,Medium,Czas,Time,6,Yes,3,10
WB-0695,PL-0195,PL,Polish,Latin,MINUTA,MINUTA,MINUTA,6,M|I|N|U|T|A,6,No,,Sześćdziesiąt sekund,Sixty seconds,Medium,Czas,Time,6,No,3,9
WB-0696,PL-0196,PL,Polish,Latin,PIĄTEK,PIATEK,PIATEK,6,P|I|Ą|T|E|K,6,No,Ą,Dzień przed weekendem,The day before the weekend,Medium,Czas,Time,6,No,3,9
WB-0697,PL-0197,PL,Polish,Latin,SEKUNDA,SEKUNDA,SEKUNDA,7,S|E|K|U|N|D|A,7,No,,Bardzo krótka jednostka czasu,A very short unit of time,Medium,Czas,Time,7,No,3,10
WB-0698,PL-0198,PL,Polish,Latin,TYDZIEŃ,TYDZIEN,TYDZIEN,7,T|Y|D|Z|I|E|Ń,7,No,Ń,Siedem dni razem,Seven days together,Medium,Czas,Time,7,No,3,10
WB-0699,PL-0199,PL,Polish,Latin,URLOP,URLOP,URLOP,5,U|R|L|O|P,5,No,,Dni wolne od pracy,Days free from work,Medium,Czas,Time,5,No,3,8
WB-0700,PL-0200,PL,Polish,Latin,WIECZÓR,WIECZOR,WIECZOR,7,W|I|E|C|Z|Ó|R,7,No,Ó,Pora po zachodzie słońca,The time after sunset,Medium,Czas,Time,7,No,3,10
WB-0701,PL-0201,PL,Polish,Latin,WIEK,WIEK,WIEK,4,W|I|E|K,4,No,,Sto lat,One hundred years,Medium,Czas,Time,4,No,3,7
WB-0702,PL-0202,PL,Polish,Latin,ŚRODA,SRODA,SRODA,5,Ś|R|O|D|A,5,No,Ś,Trzeci dzień tygodnia,The middle day of the working week,Medium,Czas,Time,5,No,3,8
WB-0703,PL-0203,PL,Polish,Latin,DZWONIĆ,DZWONIC,DZWONIC,7,D|Z|W|O|N|I|Ć,7,No,Ć,Kontaktować się przez telefon,To contact someone by phone,Medium,Czynności,Actions,7,No,3,10
WB-0704,PL-0204,PL,Polish,Latin,LICZYĆ,LICZYC,LICZYC,6,L|I|C|Z|Y|Ć,6,No,Ć,"Ustalać, ile czegoś jest",To work out how many there are,Medium,Czynności,Actions,6,No,3,9
WB-0705,PL-0205,PL,Polish,Latin,PODRÓŻ,PODROZ,PODROZ,6,P|O|D|R|Ó|Ż,6,No,Ó|Ż,Przemieszczanie się w dalekie miejsce,Going to a distant place,Medium,Czynności,Actions,6,No,3,9
WB-0706,PL-0206,PL,Polish,Latin,POMAGAĆ,POMAGAC,POMAGAC,7,P|O|M|A|G|A|Ć,7,No,Ć,Ułatwiać komuś zadanie,To make a task easier for someone,Medium,Czynności,Actions,6,Yes,3,10
WB-0707,PL-0207,PL,Polish,Latin,PŁACIĆ,PLACIC,PLACIC,6,P|Ł|A|C|I|Ć,6,No,Ł|Ć,Dawać pieniądze za towar,To give money for goods,Medium,Czynności,Actions,6,No,3,9
WB-0708,PL-0208,PL,Polish,Latin,SZUKAĆ,SZUKAC,SZUKAC,6,S|Z|U|K|A|Ć,6,No,Ć,Starać się coś znaleźć,To try to find something,Medium,Czynności,Actions,6,No,3,9
WB-0709,PL-0209,PL,Polish,Latin,SŁYSZEĆ,SLYSZEC,SLYSZEC,7,S|Ł|Y|S|Z|E|Ć,7,No,Ł|Ć,Odbierać dźwięki uszami,To take in sounds with your ears,Medium,Czynności,Actions,6,Yes,3,10
WB-0710,PL-0210,PL,Polish,Latin,TAŃCZYĆ,TANCZYC,TANCZYC,7,T|A|Ń|C|Z|Y|Ć,7,No,Ń|Ć,Poruszać ciałem w rytm muzyki,To move your body to music,Medium,Czynności,Actions,7,No,3,10
WB-0711,PL-0211,PL,Polish,Latin,WIDZIEĆ,WIDZIEC,WIDZIEC,7,W|I|D|Z|I|E|Ć,7,No,Ć,Odbierać obrazy oczami,To take in images with your eyes,Medium,Czynności,Actions,6,Yes,3,10
WB-0712,PL-0212,PL,Polish,Latin,WRACAĆ,WRACAC,WRACAC,6,W|R|A|C|A|Ć,6,No,Ć,"Iść z powrotem tam, gdzie się było",To go back where you were,Medium,Czynności,Actions,5,Yes,3,9
WB-0713,PL-0213,PL,Polish,Latin,WYBRAĆ,WYBRAC,WYBRAC,6,W|Y|B|R|A|Ć,6,No,Ć,Zdecydować się na jedną rzecz,To pick one thing,Medium,Czynności,Actions,6,No,3,9
WB-0714,PL-0214,PL,Polish,Latin,ZACZĄĆ,ZACZAC,ZACZAC,6,Z|A|C|Z|Ą|Ć,6,No,Ą|Ć,Rozpocząć jakieś działanie,To begin an action,Medium,Czynności,Actions,5,Yes,3,9
WB-0715,PL-0215,PL,Polish,Latin,ZAMYKAĆ,ZAMYKAC,ZAMYKAC,7,Z|A|M|Y|K|A|Ć,7,No,Ć,"Sprawiać, że coś przestaje być otwarte",To make something not open,Medium,Czynności,Actions,6,Yes,3,10
WB-0716,PL-0216,PL,Polish,Latin,ZBIERAĆ,ZBIERAC,ZBIERAC,7,Z|B|I|E|R|A|Ć,7,No,Ć,Gromadzić rzeczy razem,To gather things together,Medium,Czynności,Actions,7,No,3,10
WB-0717,PL-0217,PL,Polish,Latin,ŚPIEWAĆ,SPIEWAC,SPIEWAC,7,Ś|P|I|E|W|A|Ć,7,No,Ś|Ć,Wydawać głosem melodię,To make melody with your voice,Medium,Czynności,Actions,7,No,3,10
WB-0718,PL-0218,PL,Polish,Latin,BALKON,BALKON,BALKON,6,B|A|L|K|O|N,6,No,,Mały taras przy oknie na piętrze,A small platform by an upper window,Medium,Dom,Home,6,No,3,9
WB-0719,PL-0219,PL,Polish,Latin,DRABINA,DRABINA,DRABINA,7,D|R|A|B|I|N|A,7,No,,"Stopnie, po których wchodzimy wysoko",Steps you climb to reach high,Medium,Dom,Home,6,Yes,3,10
WB-0720,PL-0220,PL,Polish,Latin,DYWAN,DYWAN,DYWAN,5,D|Y|W|A|N,5,No,,Gruby materiał na podłodze,Thick material on a floor,Medium,Dom,Home,5,No,3,8
WB-0721,PL-0221,PL,Polish,Latin,FIRANKA,FIRANKA,FIRANKA,7,F|I|R|A|N|K|A,7,No,,Lekka tkanina przy oknie,Light cloth by a window,Medium,Dom,Home,6,Yes,3,10
WB-0722,PL-0222,PL,Polish,Latin,GARAŻ,GARAZ,GARAZ,5,G|A|R|A|Ż,5,No,Ż,Miejsce w domu na samochód,Where a car is kept at home,Medium,Dom,Home,4,Yes,3,8
WB-0723,PL-0223,PL,Polish,Latin,GARNEK,GARNEK,GARNEK,6,G|A|R|N|E|K,6,No,,"Naczynie, w którym gotujemy zupę",A pot we cook soup in,Medium,Dom,Home,6,No,3,9
WB-0724,PL-0224,PL,Polish,Latin,KOSZYK,KOSZYK,KOSZYK,6,K|O|S|Z|Y|K,6,No,,Pojemnik z uchwytem na zakupy,A container with a handle for shopping,Medium,Dom,Home,5,Yes,3,9
WB-0725,PL-0225,PL,Polish,Latin,KOŁDRA,KOLDRA,KOLDRA,6,K|O|Ł|D|R|A,6,No,Ł,Ciepłe przykrycie na łóżko,A warm cover for a bed,Medium,Dom,Home,6,No,3,9
WB-0726,PL-0226,PL,Polish,Latin,KRZESŁO,KRZESLO,KRZESLO,7,K|R|Z|E|S|Ł|O,7,No,Ł,"Mebel, na którym siadamy",Furniture we sit on,Medium,Dom,Home,7,No,3,10
WB-0727,PL-0227,PL,Polish,Latin,KUCHNIA,KUCHNIA,KUCHNIA,7,K|U|C|H|N|I|A,7,No,,"Pomieszczenie, w którym gotujemy",The room where we cook,Medium,Dom,Home,7,No,3,10
WB-0728,PL-0228,PL,Polish,Latin,PIWNICA,PIWNICA,PIWNICA,7,P|I|W|N|I|C|A,7,No,,Pomieszczenie pod domem,A room under a house,Medium,Dom,Home,6,Yes,3,10
WB-0729,PL-0229,PL,Polish,Latin,PODŁOGA,PODLOGA,PODLOGA,7,P|O|D|Ł|O|G|A,7,No,Ł,"Powierzchnia, po której chodzimy w domu",The surface we walk on indoors,Medium,Dom,Home,6,Yes,3,10
WB-0730,PL-0230,PL,Polish,Latin,PÓŁKA,POLKA,POLKA,5,P|Ó|Ł|K|A,5,No,Ó|Ł,Deska do przechowywania książek,A board for keeping books,Medium,Dom,Home,5,No,3,8
WB-0731,PL-0231,PL,Polish,Latin,RĘCZNIK,RECZNIK,RECZNIK,7,R|Ę|C|Z|N|I|K,7,No,Ę,Służy do wycierania po myciu,Used for drying after washing,Medium,Dom,Home,7,No,3,10
WB-0732,PL-0232,PL,Polish,Latin,STRYCH,STRYCH,STRYCH,6,S|T|R|Y|C|H,6,No,,Pomieszczenie tuż pod dachem,A room just under the roof,Medium,Dom,Home,6,No,3,9
WB-0733,PL-0233,PL,Polish,Latin,WIADRO,WIADRO,WIADRO,6,W|I|A|D|R|O,6,No,,Pojemnik z uchwytem na wodę,A container with a handle for water,Medium,Dom,Home,6,No,3,9
WB-0734,PL-0234,PL,Polish,Latin,WIDELEC,WIDELEC,WIDELEC,7,W|I|D|E|L|E|C,7,No,,Sztuciec z zębami do jedzenia,A tool with prongs for eating,Medium,Dom,Home,6,Yes,3,10
WB-0735,PL-0235,PL,Polish,Latin,ŚWIECA,SWIECA,SWIECA,6,Ś|W|I|E|C|A,6,No,Ś,"Wosk z knotem, daje światło",Wax with a wick that gives light,Medium,Dom,Home,6,No,3,9
WB-0736,PL-0236,PL,Polish,Latin,CYTRYNA,CYTRYNA,CYTRYNA,7,C|Y|T|R|Y|N|A,7,No,,Kwaśny żółty owoc,A sour yellow fruit,Medium,Jedzenie,Food,6,Yes,3,10
WB-0737,PL-0237,PL,Polish,Latin,CZOSNEK,CZOSNEK,CZOSNEK,7,C|Z|O|S|N|E|K,7,No,,Ostra w smaku roślina do gotowania,A strong-smelling bulb for cooking,Medium,Jedzenie,Food,7,No,3,10
WB-0738,PL-0238,PL,Polish,Latin,DESER,DESER,DESER,5,D|E|S|E|R,5,No,,Słodkie danie na koniec posiłku,A sweet dish at the end of a meal,Medium,Jedzenie,Food,4,Yes,3,8
WB-0739,PL-0239,PL,Polish,Latin,GRUSZKA,GRUSZKA,GRUSZKA,7,G|R|U|S|Z|K|A,7,No,,Słodki owoc szerszy u dołu,"A sweet fruit, wide at the bottom",Medium,Jedzenie,Food,7,No,3,10
WB-0740,PL-0240,PL,Polish,Latin,HERBATA,HERBATA,HERBATA,7,H|E|R|B|A|T|A,7,No,,Gorący napój z suszonych liści,A hot drink from dried leaves,Medium,Jedzenie,Food,6,Yes,3,10
WB-0741,PL-0241,PL,Polish,Latin,JOGURT,JOGURT,JOGURT,6,J|O|G|U|R|T,6,No,,Gęsty produkt z kwaśnego mleka,A thick food from soured milk,Medium,Jedzenie,Food,6,No,3,9
WB-0742,PL-0242,PL,Polish,Latin,KOLACJA,KOLACJA,KOLACJA,7,K|O|L|A|C|J|A,7,No,,Ostatni posiłek dnia,The last meal of the day,Medium,Jedzenie,Food,6,Yes,3,10
WB-0743,PL-0243,PL,Polish,Latin,MAKARON,MAKARON,MAKARON,7,M|A|K|A|R|O|N,7,No,,Włoskie danie z mąki i wody,Italian food of flour and water,Medium,Jedzenie,Food,6,Yes,3,10
WB-0744,PL-0244,PL,Polish,Latin,MARCHEW,MARCHEW,MARCHEW,7,M|A|R|C|H|E|W,7,No,,Długie pomarańczowe warzywo,A long orange vegetable,Medium,Jedzenie,Food,7,No,3,10
WB-0745,PL-0245,PL,Polish,Latin,OLIWA,OLIWA,OLIWA,5,O|L|I|W|A,5,No,,Tłuszcz roślinny używany do sałatek,Fat pressed from olives,Medium,Jedzenie,Food,5,No,3,8
WB-0746,PL-0246,PL,Polish,Latin,PIEPRZ,PIEPRZ,PIEPRZ,6,P|I|E|P|R|Z,6,No,,Ostra przyprawa do dań,A sharp spice for dishes,Medium,Jedzenie,Food,5,Yes,3,9
WB-0747,PL-0247,PL,Polish,Latin,POMIDOR,POMIDOR,POMIDOR,7,P|O|M|I|D|O|R,7,No,,Czerwone warzywo do sałatki,A red vegetable for salad,Medium,Jedzenie,Food,6,Yes,3,10
WB-0748,PL-0248,PL,Polish,Latin,PRZEPIS,PRZEPIS,PRZEPIS,7,P|R|Z|E|P|I|S,7,No,,"Instrukcja, jak ugotować danie",Instructions for cooking a dish,Medium,Jedzenie,Food,6,Yes,3,10
WB-0749,PL-0249,PL,Polish,Latin,SAŁATKA,SALATKA,SALATKA,7,S|A|Ł|A|T|K|A,7,No,Ł,Zimne danie z surowych warzyw,A cold dish of raw vegetables,Medium,Jedzenie,Food,5,Yes,3,10
WB-0750,PL-0250,PL,Polish,Latin,SZYNKA,SZYNKA,SZYNKA,6,S|Z|Y|N|K|A,6,No,,Wędlina z wieprzowiny,Cured pork meat,Medium,Jedzenie,Food,6,No,3,9
WB-0751,PL-0251,PL,Polish,Latin,WARZYWO,WARZYWO,WARZYWO,7,W|A|R|Z|Y|W|O,7,No,,"Roślina jadalna, np. marchew",An edible plant such as a carrot,Medium,Jedzenie,Food,6,Yes,3,10
WB-0752,PL-0252,PL,Polish,Latin,BRĄZOWY,BRAZOWY,BRAZOWY,7,B|R|Ą|Z|O|W|Y,7,No,Ą,Kolor ziemi i drewna,The colour of soil and wood,Medium,Kolory,Colours,7,No,3,10
WB-0753,PL-0253,PL,Polish,Latin,SREBRO,SREBRO,SREBRO,6,S|R|E|B|R|O,6,No,,Błyszczący szary metal szlachetny,A shiny grey precious metal,Medium,Kolory,Colours,5,Yes,3,9
WB-0754,PL-0254,PL,Polish,Latin,ZIELONY,ZIELONY,ZIELONY,7,Z|I|E|L|O|N|Y,7,No,,Kolor trawy,The colour of grass,Medium,Kolory,Colours,7,No,3,10
WB-0755,PL-0255,PL,Polish,Latin,BABCIA,BABCIA,BABCIA,6,B|A|B|C|I|A,6,No,,Matka naszej matki lub ojca,The mother of your parent,Medium,Ludzie,People,4,Yes,3,9
WB-0756,PL-0256,PL,Polish,Latin,DZIADEK,DZIADEK,DZIADEK,7,D|Z|I|A|D|E|K,7,No,,Ojciec naszej matki lub ojca,The father of your parent,Medium,Ludzie,People,6,Yes,3,10
WB-0757,PL-0257,PL,Polish,Latin,DZIECKO,DZIECKO,DZIECKO,7,D|Z|I|E|C|K|O,7,No,,Bardzo młody człowiek,A very young person,Medium,Ludzie,People,7,No,3,10
WB-0758,PL-0258,PL,Polish,Latin,KOBIETA,KOBIETA,KOBIETA,7,K|O|B|I|E|T|A,7,No,,Dorosły człowiek płci żeńskiej,An adult female person,Medium,Ludzie,People,7,No,3,10
WB-0759,PL-0259,PL,Polish,Latin,NARÓD,NAROD,NAROD,5,N|A|R|Ó|D,5,No,Ó,Kraj i jego mieszkańcy,A country and its people,Medium,Ludzie,People,5,No,3,8
WB-0760,PL-0260,PL,Polish,Latin,RODZINA,RODZINA,RODZINA,7,R|O|D|Z|I|N|A,7,No,,Bliscy ludzie mieszkający razem,"Parents, children and relatives",Medium,Ludzie,People,7,No,3,10
WB-0761,PL-0261,PL,Polish,Latin,SIOSTRA,SIOSTRA,SIOSTRA,7,S|I|O|S|T|R|A,7,No,,Córka tych samych rodziców,A daughter of the same parents,Medium,Ludzie,People,6,Yes,3,10
WB-0762,PL-0262,PL,Polish,Latin,AUTOBUS,AUTOBUS,AUTOBUS,7,A|U|T|O|B|U|S,7,No,,Duży pojazd miejski dla wielu osób,A large city vehicle for many people,Medium,Miasto,City,6,Yes,3,10
WB-0763,PL-0263,PL,Polish,Latin,BAGAŻ,BAGAZ,BAGAZ,5,B|A|G|A|Ż,5,No,Ż,Torby zabierane w podróż,Bags taken on a journey,Medium,Miasto,City,4,Yes,3,8
WB-0764,PL-0264,PL,Polish,Latin,DWORZEC,DWORZEC,DWORZEC,7,D|W|O|R|Z|E|C,7,No,,"Budynek, skąd odjeżdżają pociągi",Where trains depart from,Medium,Miasto,City,7,No,3,10
WB-0765,PL-0265,PL,Polish,Latin,FABRYKA,FABRYKA,FABRYKA,7,F|A|B|R|Y|K|A,7,No,,"Budynek, gdzie produkuje się towary",A building where goods are made,Medium,Miasto,City,6,Yes,3,10
WB-0766,PL-0266,PL,Polish,Latin,KOREK,KOREK,KOREK,5,K|O|R|E|K,5,No,,Zator z wielu aut na drodze,A jam of many cars on a road,Medium,Miasto,City,4,Yes,3,8
WB-0767,PL-0267,PL,Polish,Latin,KOŚCIÓŁ,KOSCIOL,KOSCIOL,7,K|O|Ś|C|I|Ó|Ł,7,No,Ś|Ó|Ł,"Budynek, w którym ludzie się modlą",A building where people pray,Medium,Miasto,City,7,No,3,10
WB-0768,PL-0268,PL,Polish,Latin,OSIEDLE,OSIEDLE,OSIEDLE,7,O|S|I|E|D|L|E,7,No,,Zespół bloków mieszkalnych,A group of residential blocks,Medium,Miasto,City,6,Yes,3,10
WB-0769,PL-0269,PL,Polish,Latin,PARKING,PARKING,PARKING,7,P|A|R|K|I|N|G,7,No,,Miejsce na zostawienie auta,A place to leave a car,Medium,Miasto,City,7,No,3,10
WB-0770,PL-0270,PL,Polish,Latin,PLAC,PLAC,PLAC,4,P|L|A|C,4,No,,Otwarta przestrzeń w mieście,An open space in a city,Medium,Miasto,City,4,No,3,7
WB-0771,PL-0271,PL,Polish,Latin,POCIĄG,POCIAG,POCIAG,6,P|O|C|I|Ą|G,6,No,Ą,Jedzie po szynach i wozi ludzi,It carries people on rails,Medium,Miasto,City,6,No,3,9
WB-0772,PL-0272,PL,Polish,Latin,SAMOLOT,SAMOLOT,SAMOLOT,7,S|A|M|O|L|O|T,7,No,,Wozi ludzi przez powietrze,It carries people through the air,Medium,Miasto,City,6,Yes,3,10
WB-0773,PL-0273,PL,Polish,Latin,TUNEL,TUNEL,TUNEL,5,T|U|N|E|L,5,No,,Przejście wykopane pod ziemią,A passage dug underground,Medium,Miasto,City,5,No,3,8
WB-0774,PL-0274,PL,Polish,Latin,WIEŚ,WIES,WIES,4,W|I|E|Ś,4,No,Ś,Małe skupisko domów poza miastem,A small group of houses outside a city,Medium,Miasto,City,4,No,3,7
WB-0775,PL-0275,PL,Polish,Latin,ZAMEK,ZAMEK,ZAMEK,5,Z|A|M|E|K,5,No,,Stara budowla z grubymi murami,An old building with thick walls,Medium,Miasto,City,5,No,3,8
WB-0776,PL-0276,PL,Polish,Latin,CIEŃ,CIEN,CIEN,4,C|I|E|Ń,4,No,Ń,"Ciemny kształt, gdy światło jest zasłonięte",A dark shape where light is blocked,Medium,Natura,Nature,4,No,3,7
WB-0777,PL-0277,PL,Polish,Latin,DOLINA,DOLINA,DOLINA,6,D|O|L|I|N|A,6,No,,Niskie miejsce między wzgórzami,Low land between hills,Medium,Natura,Nature,6,No,3,9
WB-0778,PL-0278,PL,Polish,Latin,FALA,FALA,FALA,4,F|A|L|A,4,No,,"Woda, która toczy się ku brzegowi",Water rolling to the shore,Medium,Natura,Nature,3,Yes,3,7
WB-0779,PL-0279,PL,Polish,Latin,GAŁĄŹ,GALAZ,GALAZ,5,G|A|Ł|Ą|Ź,5,No,Ł|Ą|Ź,Boczna część drzewa,A side part of a tree,Medium,Natura,Nature,5,No,3,8
WB-0780,PL-0280,PL,Polish,Latin,GWIAZDA,GWIAZDA,GWIAZDA,7,G|W|I|A|Z|D|A,7,No,,Jasny punkt na nocnym niebie,A bright point in the night sky,Medium,Natura,Nature,6,Yes,3,10
WB-0781,PL-0281,PL,Polish,Latin,JESIEŃ,JESIEN,JESIEN,6,J|E|S|I|E|Ń,6,No,Ń,"Pora roku, gdy spadają liście",The season when leaves fall,Medium,Natura,Nature,5,Yes,3,9
WB-0782,PL-0282,PL,Polish,Latin,JEZIORO,JEZIORO,JEZIORO,7,J|E|Z|I|O|R|O,7,No,,Duży zbiornik wody otoczony lądem,A large water area surrounded by land,Medium,Natura,Nature,6,Yes,3,10
WB-0783,PL-0283,PL,Polish,Latin,KORZEŃ,KORZEN,KORZEN,6,K|O|R|Z|E|Ń,6,No,Ń,Część rośliny pod ziemią,The part of a plant underground,Medium,Natura,Nature,6,No,3,9
WB-0784,PL-0284,PL,Polish,Latin,KSIĘŻYC,KSIEZYC,KSIEZYC,7,K|S|I|Ę|Ż|Y|C,7,No,Ę|Ż,Krąży wokół Ziemi i świeci nocą,It circles the Earth and glows at night,Medium,Natura,Nature,7,No,3,10
WB-0785,PL-0285,PL,Polish,Latin,NASIONO,NASIONO,NASIONO,7,N|A|S|I|O|N|O,7,No,,Z niego wyrasta nowa roślina,A new plant grows from it,Medium,Natura,Nature,5,Yes,3,10
WB-0786,PL-0286,PL,Polish,Latin,OGRÓD,OGROD,OGROD,5,O|G|R|Ó|D,5,No,Ó,"Teren przy domu, gdzie rosną rośliny",Land by a house where plants grow,Medium,Natura,Nature,5,No,3,8
WB-0787,PL-0287,PL,Polish,Latin,POGODA,POGODA,POGODA,6,P|O|G|O|D|A,6,No,,"Deszcz, słońce, wiatr i temperatura","Rain, sun, wind and temperature",Medium,Natura,Nature,5,Yes,3,9
WB-0788,PL-0288,PL,Polish,Latin,POWÓDŹ,POWODZ,POWODZ,6,P|O|W|Ó|D|Ź,6,No,Ó|Ź,Zbyt dużo wody na lądzie,Too much water on the land,Medium,Natura,Nature,6,No,3,9
WB-0789,PL-0289,PL,Polish,Latin,SKAŁA,SKALA,SKALA,5,S|K|A|Ł|A,5,No,Ł,Duża twarda bryła w górach,A big hard mass in the mountains,Medium,Natura,Nature,4,Yes,3,8
WB-0790,PL-0290,PL,Polish,Latin,WIOSNA,WIOSNA,WIOSNA,6,W|I|O|S|N|A,6,No,,"Pora roku, gdy budzą się rośliny",The season when plants wake up,Medium,Natura,Nature,6,No,3,9
WB-0791,PL-0291,PL,Polish,Latin,WYSPA,WYSPA,WYSPA,5,W|Y|S|P|A,5,No,,Ląd otoczony wodą dookoła,Land with water all around,Medium,Natura,Nature,5,No,3,8
WB-0792,PL-0292,PL,Polish,Latin,ZBOŻE,ZBOZE,ZBOZE,5,Z|B|O|Ż|E,5,No,Ż,"Rośliny, z których robi się mąkę",Plants that flour is made from,Medium,Natura,Nature,5,No,3,8
WB-0793,PL-0293,PL,Polish,Latin,CIEKAWY,CIEKAWY,CIEKAWY,7,C|I|E|K|A|W|Y,7,No,,Budzący chęć poznania,Making you want to know more,Medium,Opis,Qualities,7,No,3,10
WB-0794,PL-0294,PL,Polish,Latin,GORZKI,GORZKI,GORZKI,6,G|O|R|Z|K|I,6,No,,"Ostry w smaku, niesłodki","Sharp in taste, not sweet",Medium,Opis,Qualities,6,No,3,9
WB-0795,PL-0295,PL,Polish,Latin,GOTOWY,GOTOWY,GOTOWY,6,G|O|T|O|W|Y,6,No,,"Taki, który może zacząć od razu",Prepared to act,Medium,Opis,Qualities,5,Yes,3,9
WB-0796,PL-0296,PL,Polish,Latin,GŁĘBOKI,GLEBOKI,GLEBOKI,7,G|Ł|Ę|B|O|K|I,7,No,Ł|Ę,Sięgający daleko w dół,Reaching far down,Medium,Opis,Qualities,7,No,3,10
WB-0797,PL-0297,PL,Polish,Latin,PROSTY,PROSTY,PROSTY,6,P|R|O|S|T|Y,6,No,,Łatwy do zrozumienia,Easy to understand,Medium,Opis,Qualities,6,No,3,9
WB-0798,PL-0298,PL,Polish,Latin,PUSTY,PUSTY,PUSTY,5,P|U|S|T|Y,5,No,,Niezawierający niczego,Containing nothing,Medium,Opis,Qualities,5,No,3,8
WB-0799,PL-0299,PL,Polish,Latin,SILNY,SILNY,SILNY,5,S|I|L|N|Y,5,No,,Mający dużą siłę fizyczną,Having great physical power,Medium,Opis,Qualities,5,No,3,8
WB-0800,PL-0300,PL,Polish,Latin,SMACZNY,SMACZNY,SMACZNY,7,S|M|A|C|Z|N|Y,7,No,,Mający dobry smak,Tasting good,Medium,Opis,Qualities,7,No,3,10
WB-0801,PL-0301,PL,Polish,Latin,SŁODKI,SLODKI,SLODKI,6,S|Ł|O|D|K|I,6,No,Ł,W smaku jak cukier,Tasting like sugar,Medium,Opis,Qualities,6,No,3,9
WB-0802,PL-0302,PL,Polish,Latin,UCZCIWY,UCZCIWY,UCZCIWY,7,U|C|Z|C|I|W|Y,7,No,,Zawsze mówiący prawdę,Always telling the truth,Medium,Opis,Qualities,6,Yes,3,10
WB-0803,PL-0303,PL,Polish,Latin,WAŻNY,WAZNY,WAZNY,5,W|A|Ż|N|Y,5,No,Ż,Mający duże znaczenie,Having great importance,Medium,Opis,Qualities,5,No,3,8
WB-0804,PL-0304,PL,Polish,Latin,ZWYKŁY,ZWYKLY,ZWYKLY,6,Z|W|Y|K|Ł|Y,6,No,Ł,"Taki jak zawsze, nienadzwyczajny","Usual, not special",Medium,Opis,Qualities,5,Yes,3,9
WB-0805,PL-0305,PL,Polish,Latin,BUDŻET,BUDZET,BUDZET,6,B|U|D|Ż|E|T,6,No,Ż,Plan wydawania pieniędzy,A plan for spending money,Medium,Praca,Work,6,No,3,9
WB-0806,PL-0306,PL,Polish,Latin,FAKTURA,FAKTURA,FAKTURA,7,F|A|K|T|U|R|A,7,No,,Dokument z żądaniem zapłaty,A document asking for payment,Medium,Praca,Work,6,Yes,3,10
WB-0807,PL-0307,PL,Polish,Latin,KLIENT,KLIENT,KLIENT,6,K|L|I|E|N|T,6,No,,"Osoba, która kupuje usługę",A person who buys a service,Medium,Praca,Work,6,No,3,9
WB-0808,PL-0308,PL,Polish,Latin,KOSZT,KOSZT,KOSZT,5,K|O|S|Z|T,5,No,,"Kwota, jaką trzeba wydać na daną rzecz",What something costs us,Medium,Praca,Work,5,No,3,8
WB-0809,PL-0309,PL,Polish,Latin,PENSJA,PENSJA,PENSJA,6,P|E|N|S|J|A,6,No,,Pieniądze za wykonaną pracę,Money paid for work done,Medium,Praca,Work,6,No,3,9
WB-0810,PL-0310,PL,Polish,Latin,PODATEK,PODATEK,PODATEK,7,P|O|D|A|T|E|K,7,No,,Płacimy go państwu,We pay it to the state,Medium,Praca,Work,7,No,3,10
WB-0811,PL-0311,PL,Polish,Latin,PRODUKT,PRODUKT,PRODUKT,7,P|R|O|D|U|K|T,7,No,,Rzecz zrobiona na sprzedaż,A thing made to be sold,Medium,Praca,Work,7,No,3,10
WB-0812,PL-0312,PL,Polish,Latin,PROJEKT,PROJEKT,PROJEKT,7,P|R|O|J|E|K|T,7,No,,Zaplanowane zadanie do wykonania,A planned task to complete,Medium,Praca,Work,7,No,3,10
WB-0813,PL-0313,PL,Polish,Latin,USŁUGA,USLUGA,USLUGA,6,U|S|Ł|U|G|A,6,No,Ł,Praca wykonana dla klienta,Work done for a customer,Medium,Praca,Work,5,Yes,3,9
WB-0814,PL-0314,PL,Polish,Latin,ZYSK,ZYSK,ZYSK,4,Z|Y|S|K,4,No,,"Pieniądze, które zostają po kosztach",Money left after costs,Medium,Praca,Work,4,No,3,7
WB-0815,PL-0315,PL,Polish,Latin,DRUŻYNA,DRUZYNA,DRUZYNA,7,D|R|U|Ż|Y|N|A,7,No,Ż,"Grupa, która gra razem",A group that plays together,Medium,Sport,Sport,7,No,3,10
WB-0816,PL-0316,PL,Polish,Latin,NAGRODA,NAGRODA,NAGRODA,7,N|A|G|R|O|D|A,7,No,,"To, co dostaje zwycięzca",What a winner receives,Medium,Sport,Sport,6,Yes,3,10
WB-0817,PL-0317,PL,Polish,Latin,NARTY,NARTY,NARTY,5,N|A|R|T|Y,5,No,,Sprzęt do zjazdu po śniegu,Equipment for sliding on snow,Medium,Sport,Sport,5,No,3,8
WB-0818,PL-0318,PL,Polish,Latin,ROWER,ROWER,ROWER,5,R|O|W|E|R,5,No,,Pojazd na dwóch kołach,A vehicle with two wheels,Medium,Sport,Sport,4,Yes,3,8
WB-0819,PL-0319,PL,Polish,Latin,TRENING,TRENING,TRENING,7,T|R|E|N|I|N|G,7,No,,Ćwiczenia poprawiające formę,Exercise that improves fitness,Medium,Sport,Sport,6,Yes,3,10
WB-0820,PL-0320,PL,Polish,Latin,EGZAMIN,EGZAMIN,EGZAMIN,7,E|G|Z|A|M|I|N,7,No,,Sprawdzian wiedzy na koniec kursu,A test of knowledge at the end,Medium,Szkoła,School,7,No,3,10
WB-0821,PL-0321,PL,Polish,Latin,KSIĄŻKA,KSIAZKA,KSIAZKA,7,K|S|I|Ą|Ż|K|A,7,No,Ą|Ż,Zbiór stron z tekstem,Pages with text bound together,Medium,Szkoła,School,6,Yes,3,10
WB-0822,PL-0322,PL,Polish,Latin,PYTANIE,PYTANIE,PYTANIE,7,P|Y|T|A|N|I|E,7,No,,"Zdanie, na które chcemy odpowiedź",A sentence we want answered,Medium,Szkoła,School,7,No,3,10
WB-0823,PL-0323,PL,Polish,Latin,STUDENT,STUDENT,STUDENT,7,S|T|U|D|E|N|T,7,No,,Osoba ucząca się na uniwersytecie,A person studying at university,Medium,Szkoła,School,6,Yes,3,10
WB-0824,PL-0324,PL,Polish,Latin,SŁOWNIK,SLOWNIK,SLOWNIK,7,S|Ł|O|W|N|I|K,7,No,Ł,Książka z objaśnieniami wyrazów,A book explaining words,Medium,Szkoła,School,7,No,3,10
WB-0825,PL-0325,PL,Polish,Latin,WYKŁAD,WYKLAD,WYKLAD,6,W|Y|K|Ł|A|D,6,No,Ł,Długa mowa dla studentów,A long talk for students,Medium,Szkoła,School,6,No,3,9
WB-0826,PL-0326,PL,Polish,Latin,WYNIK,WYNIK,WYNIK,5,W|Y|N|I|K,5,No,,"To, co otrzymujemy po obliczeniu",What you get after calculating,Medium,Szkoła,School,5,No,3,8
WB-0827,PL-0327,PL,Polish,Latin,ZADANIE,ZADANIE,ZADANIE,7,Z|A|D|A|N|I|E,7,No,,Ćwiczenie do rozwiązania,An exercise to solve,Medium,Szkoła,School,6,Yes,3,10
WB-0828,PL-0328,PL,Polish,Latin,BATERIA,BATERIA,BATERIA,7,B|A|T|E|R|I|A,7,No,,Przechowuje energię w urządzeniu,It stores power in a device,Medium,Technologia,Technology,6,Yes,3,10
WB-0829,PL-0329,PL,Polish,Latin,KABEL,KABEL,KABEL,5,K|A|B|E|L,5,No,,Przewód łączący urządzenia,A wire connecting devices,Medium,Technologia,Technology,5,No,3,8
WB-0830,PL-0330,PL,Polish,Latin,MONITOR,MONITOR,MONITOR,7,M|O|N|I|T|O|R,7,No,,Ekran pokazujący obraz z komputera,A screen showing a computer image,Medium,Technologia,Technology,6,Yes,3,10
WB-0831,PL-0331,PL,Polish,Latin,PAMIĘĆ,PAMIEC,PAMIEC,6,P|A|M|I|Ę|Ć,6,No,Ę|Ć,Zdolność przechowywania informacji,The ability to store information,Medium,Technologia,Technology,6,No,3,9
WB-0832,PL-0332,PL,Polish,Latin,PROGRAM,PROGRAM,PROGRAM,7,P|R|O|G|R|A|M,7,No,,Instrukcje dla komputera,Instructions for a computer,Medium,Technologia,Technology,6,Yes,3,10
WB-0833,PL-0333,PL,Polish,Latin,STRONA,STRONA,STRONA,6,S|T|R|O|N|A,6,No,,Witryna w internecie; bok kartki,A web page; a side of a sheet,Medium,Technologia,Technology,6,No,3,9
WB-0834,PL-0334,PL,Polish,Latin,SYGNAŁ,SYGNAL,SYGNAL,6,S|Y|G|N|A|Ł,6,No,Ł,"Fala, która niesie informację",A wave that carries information,Medium,Technologia,Technology,6,No,3,9
WB-0835,PL-0335,PL,Polish,Latin,TELEFON,TELEFON,TELEFON,7,T|E|L|E|F|O|N,7,No,,"Urządzenie, którym dzwonimy",A device we call with,Medium,Technologia,Technology,6,Yes,3,10
WB-0836,PL-0336,PL,Polish,Latin,BAWEŁNA,BAWELNA,BAWELNA,7,B|A|W|E|Ł|N|A,7,No,Ł,Miękki materiał na ubrania,Soft material for clothes,Medium,Ubrania,Clothing,6,Yes,3,10
WB-0837,PL-0337,PL,Polish,Latin,GUZIK,GUZIK,GUZIK,5,G|U|Z|I|K,5,No,,"Mały krążek, który zapina ubranie",A small disc that fastens clothing,Medium,Ubrania,Clothing,5,No,3,8
WB-0838,PL-0338,PL,Polish,Latin,KIESZEŃ,KIESZEN,KIESZEN,7,K|I|E|S|Z|E|Ń,7,No,Ń,Mała torebka wszyta w ubranie,A small bag sewn into clothing,Medium,Ubrania,Clothing,6,Yes,3,10
WB-0839,PL-0339,PL,Polish,Latin,KOSZULA,KOSZULA,KOSZULA,7,K|O|S|Z|U|L|A,7,No,,Góra ubrania z guzikami,A top with buttons,Medium,Ubrania,Clothing,7,No,3,10
WB-0840,PL-0340,PL,Polish,Latin,PŁASZCZ,PLASZCZ,PLASZCZ,7,P|Ł|A|S|Z|C|Z,7,No,Ł,Długie ciepłe okrycie wierzchnie,A long warm outer garment,Medium,Ubrania,Clothing,6,Yes,3,10
WB-0841,PL-0341,PL,Polish,Latin,SKÓRA,SKORA,SKORA,5,S|K|Ó|R|A,5,No,Ó,Pokrywa ciało; materiał na buty,It covers the body; also a material,Medium,Ubrania,Clothing,5,No,3,8
WB-0842,PL-0342,PL,Polish,Latin,SPODNIE,SPODNIE,SPODNIE,7,S|P|O|D|N|I|E,7,No,,Ubranie na obie nogi,Clothing for both legs,Medium,Ubrania,Clothing,7,No,3,10
WB-0843,PL-0343,PL,Polish,Latin,SUKNIA,SUKNIA,SUKNIA,6,S|U|K|N|I|A,6,No,,Długie eleganckie ubranie damskie,A long elegant dress,Medium,Ubrania,Clothing,6,No,3,9
WB-0844,PL-0344,PL,Polish,Latin,SWETER,SWETER,SWETER,6,S|W|E|T|E|R,6,No,,Ciepła dzianina na tułów,A warm knitted top,Medium,Ubrania,Clothing,5,Yes,3,9
WB-0845,PL-0345,PL,Polish,Latin,GOŁĄB,GOLAB,GOLAB,5,G|O|Ł|Ą|B,5,No,Ł|Ą,Szary ptak częsty na placach,A grey bird common in squares,Medium,Zwierzęta,Animals,5,No,3,8
WB-0846,PL-0346,PL,Polish,Latin,KOTEK,KOTEK,KOTEK,5,K|O|T|E|K,5,No,,Młode kota,A baby cat,Medium,Zwierzęta,Animals,4,Yes,3,8
WB-0847,PL-0347,PL,Polish,Latin,KRÓLIK,KROLIK,KROLIK,6,K|R|Ó|L|I|K,6,No,Ó,Małe zwierzę z długimi uszami,A small animal with long ears,Medium,Zwierzęta,Animals,5,Yes,3,9
WB-0848,PL-0348,PL,Polish,Latin,MAŁPA,MALPA,MALPA,5,M|A|Ł|P|A,5,No,Ł,"Zwierzę, które zręcznie się wspina",An animal that climbs well,Medium,Zwierzęta,Animals,4,Yes,3,8
WB-0849,PL-0349,PL,Polish,Latin,ORZEŁ,ORZEL,ORZEL,5,O|R|Z|E|Ł,5,No,Ł,Duży ptak drapieżny,A large bird of prey,Medium,Zwierzęta,Animals,5,No,3,8
WB-0850,PL-0350,PL,Polish,Latin,OWAD,OWAD,OWAD,4,O|W|A|D,4,No,,Małe stworzenie z sześcioma nogami,A small creature with six legs,Medium,Zwierzęta,Animals,4,No,3,7
WB-0851,PL-0351,PL,Polish,Latin,PAJĄK,PAJAK,PAJAK,5,P|A|J|Ą|K,5,No,Ą,Stworzenie z ośmioma nogami,A creature with eight legs,Medium,Zwierzęta,Animals,5,No,3,8
WB-0852,PL-0352,PL,Polish,Latin,REKIN,REKIN,REKIN,5,R|E|K|I|N,5,No,,Groźna ryba z ostrymi zębami,A dangerous fish with sharp teeth,Medium,Zwierzęta,Animals,5,No,3,8
WB-0853,PL-0353,PL,Polish,Latin,SZCZUR,SZCZUR,SZCZUR,6,S|Z|C|Z|U|R,6,No,,Większy gryzoń o długim ogonie,A larger rodent with a long tail,Medium,Zwierzęta,Animals,5,Yes,3,9
WB-0854,PL-0354,PL,Polish,Latin,ŻÓŁW,ZOLW,ZOLW,4,Ż|Ó|Ł|W,4,No,Ż|Ó|Ł,Powolne zwierzę ze skorupą,A slow animal with a shell,Medium,Zwierzęta,Animals,4,No,3,7
WB-0855,PL-0355,PL,Polish,Latin,BANDAŻ,BANDAZ,BANDAZ,6,B|A|N|D|A|Ż,6,No,Ż,Opatrunek owijany wokół rany,A dressing wrapped around a wound,Hard,Ciało,Body,5,Yes,3,9
WB-0856,PL-0356,PL,Polish,Latin,KOSTKA,KOSTKA,KOSTKA,6,K|O|S|T|K|A,6,No,,Staw łączący nogę ze stopą,The joint linking leg and foot,Hard,Ciało,Body,5,Yes,3,9
WB-0857,PL-0357,PL,Polish,Latin,CHRONIĆ,CHRONIC,CHRONIC,7,C|H|R|O|N|I|Ć,7,No,Ć,Zabezpieczać przed szkodą,To keep safe from harm,Hard,Czynności,Actions,7,No,3,10
WB-0858,PL-0358,PL,Polish,Latin,OBIECAĆ,OBIECAC,OBIECAC,7,O|B|I|E|C|A|Ć,7,No,Ć,"Zapewnić, że coś się zrobi",To assure that you will do something,Hard,Czynności,Actions,7,No,3,10
WB-0859,PL-0359,PL,Polish,Latin,ODMÓWIĆ,ODMOWIC,ODMOWIC,7,O|D|M|Ó|W|I|Ć,7,No,Ó|Ć,"Powiedzieć nie, nie zgodzić się","To say no, to refuse",Hard,Czynności,Actions,7,No,3,10
WB-0860,PL-0360,PL,Polish,Latin,SZEPTAĆ,SZEPTAC,SZEPTAC,7,S|Z|E|P|T|A|Ć,7,No,Ć,Mówić bardzo cicho,To speak very quietly,Hard,Czynności,Actions,7,No,3,10
WB-0861,PL-0361,PL,Polish,Latin,UCIEKAĆ,UCIEKAC,UCIEKAC,7,U|C|I|E|K|A|Ć,7,No,Ć,Oddalać się od niebezpieczeństwa,To get away from danger,Hard,Czynności,Actions,7,No,3,10
WB-0862,PL-0362,PL,Polish,Latin,UŁOŻYĆ,ULOZYC,ULOZYC,6,U|Ł|O|Ż|Y|Ć,6,No,Ł|Ż|Ć,Umieścić rzeczy w porządku,To put things in order,Hard,Czynności,Actions,6,No,3,9
WB-0863,PL-0363,PL,Polish,Latin,ZBADAĆ,ZBADAC,ZBADAC,6,Z|B|A|D|A|Ć,6,No,Ć,Przyjrzeć się czemuś dokładnie,To look at something in detail,Hard,Czynności,Actions,5,Yes,3,9
WB-0864,PL-0364,PL,Polish,Latin,ĆWICZYĆ,CWICZYC,CWICZYC,7,Ć|W|I|C|Z|Y|Ć,7,No,Ć|Ć,"Powtarzać, by stać się lepszym",To repeat in order to improve,Hard,Czynności,Actions,6,Yes,3,10
WB-0865,PL-0365,PL,Polish,Latin,CYNAMON,CYNAMON,CYNAMON,7,C|Y|N|A|M|O|N,7,No,,Słodko-korzenna przyprawa do ciast,A sweet spice used in baking,Hard,Jedzenie,Food,6,Yes,3,10
WB-0866,PL-0366,PL,Polish,Latin,DYNIA,DYNIA,DYNIA,5,D|Y|N|I|A,5,No,,Duże pomarańczowe warzywo jesienne,A large orange autumn vegetable,Hard,Jedzenie,Food,5,No,3,8
WB-0867,PL-0367,PL,Polish,Latin,KAPUSTA,KAPUSTA,KAPUSTA,7,K|A|P|U|S|T|A,7,No,,Okrągłe warzywo o ciasnych liściach,A round vegetable with tight leaves,Hard,Jedzenie,Food,6,Yes,3,10
WB-0868,PL-0368,PL,Polish,Latin,MORELA,MORELA,MORELA,6,M|O|R|E|L|A,6,No,,Mały miękki pomarańczowy owoc,A small soft orange fruit,Hard,Jedzenie,Food,6,No,3,9
WB-0869,PL-0369,PL,Polish,Latin,OCET,OCET,OCET,4,O|C|E|T,4,No,,Kwaśny płyn dodawany do sałatek,A sour liquid added to salads,Hard,Jedzenie,Food,4,No,3,7
WB-0870,PL-0370,PL,Polish,Latin,ORZECH,ORZECH,ORZECH,6,O|R|Z|E|C|H,6,No,,Nasiono w twardej łupinie,A seed in a hard shell,Hard,Jedzenie,Food,6,No,3,9
WB-0871,PL-0371,PL,Polish,Latin,SZPINAK,SZPINAK,SZPINAK,7,S|Z|P|I|N|A|K,7,No,,Ciemnozielone warzywo liściaste,A dark green leafy vegetable,Hard,Jedzenie,Food,7,No,3,10
WB-0872,PL-0372,PL,Polish,Latin,WANILIA,WANILIA,WANILIA,7,W|A|N|I|L|I|A,7,No,,Smak często dodawany do lodów,A flavour often added to ice cream,Hard,Jedzenie,Food,5,Yes,3,10
WB-0873,PL-0373,PL,Polish,Latin,ARTYSTA,ARTYSTA,ARTYSTA,7,A|R|T|Y|S|T|A,7,No,,Osoba tworząca dzieła sztuki,A person who creates art,Hard,Ludzie,People,5,Yes,3,10
WB-0874,PL-0374,PL,Polish,Latin,KAPITAN,KAPITAN,KAPITAN,7,K|A|P|I|T|A|N,7,No,,Dowódca statku lub drużyny,The leader of a ship or team,Hard,Ludzie,People,6,Yes,3,10
WB-0875,PL-0375,PL,Polish,Latin,KUZYN,KUZYN,KUZYN,5,K|U|Z|Y|N,5,No,,Dziecko cioci lub wujka,The child of an aunt or uncle,Hard,Ludzie,People,5,No,3,8
WB-0876,PL-0376,PL,Polish,Latin,MUZYK,MUZYK,MUZYK,5,M|U|Z|Y|K,5,No,,Osoba grająca na instrumencie,A person who plays an instrument,Hard,Ludzie,People,5,No,3,8
WB-0877,PL-0377,PL,Polish,Latin,PISARZ,PISARZ,PISARZ,6,P|I|S|A|R|Z,6,No,,Osoba pisząca książki,A person who writes books,Hard,Ludzie,People,6,No,3,9
WB-0878,PL-0378,PL,Polish,Latin,PRAWNIK,PRAWNIK,PRAWNIK,7,P|R|A|W|N|I|K,7,No,,Specjalista od przepisów i sądów,A person trained in law,Hard,Ludzie,People,7,No,3,10
WB-0879,PL-0379,PL,Polish,Latin,ROLNIK,ROLNIK,ROLNIK,6,R|O|L|N|I|K,6,No,,Osoba uprawiająca ziemię,A person who farms the land,Hard,Ludzie,People,6,No,3,9
WB-0880,PL-0380,PL,Polish,Latin,GRANICA,GRANICA,GRANICA,7,G|R|A|N|I|C|A,7,No,,Linia dzieląca dwa kraje,The line dividing two countries,Hard,Miasto,City,6,Yes,3,10
WB-0881,PL-0381,PL,Polish,Latin,POMNIK,POMNIK,POMNIK,6,P|O|M|N|I|K,6,No,,Rzeźba ku czci kogoś ważnego,A sculpture honouring someone,Hard,Miasto,City,6,No,3,9
WB-0882,PL-0382,PL,Polish,Latin,PORT,PORT,PORT,4,P|O|R|T,4,No,,Bezpieczne miejsce postoju statków,A safe place for ships,Hard,Miasto,City,4,No,3,7
WB-0883,PL-0383,PL,Polish,Latin,STOLICA,STOLICA,STOLICA,7,S|T|O|L|I|C|A,7,No,,Główne miasto kraju,The main city of a country,Hard,Miasto,City,7,No,3,10
WB-0884,PL-0384,PL,Polish,Latin,BAGNO,BAGNO,BAGNO,5,B|A|G|N|O,5,No,,"Miękki mokry grunt, w którym się grzęźnie",Soft wet ground you sink into,Hard,Natura,Nature,5,No,3,8
WB-0885,PL-0385,PL,Polish,Latin,GRZMOT,GRZMOT,GRZMOT,6,G|R|Z|M|O|T,6,No,,Głośny dźwięk po błyskawicy,The loud sound after lightning,Hard,Natura,Nature,6,No,3,9
WB-0886,PL-0386,PL,Polish,Latin,KLIMAT,KLIMAT,KLIMAT,6,K|L|I|M|A|T,6,No,,Typowa pogoda danego regionu,The usual weather of a region,Hard,Natura,Nature,6,No,3,9
WB-0887,PL-0387,PL,Polish,Latin,MINERAŁ,MINERAL,MINERAL,7,M|I|N|E|R|A|Ł,7,No,Ł,Stała substancja wydobywana z ziemi,A solid substance from the ground,Hard,Natura,Nature,7,No,3,10
WB-0888,PL-0388,PL,Polish,Latin,TĘCZA,TECZA,TECZA,5,T|Ę|C|Z|A,5,No,Ę,Kolorowy łuk po deszczu,A coloured arc after rain,Hard,Natura,Nature,5,No,3,8
WB-0889,PL-0389,PL,Polish,Latin,WULKAN,WULKAN,WULKAN,6,W|U|L|K|A|N,6,No,,Góra wyrzucająca gorącą lawę,A mountain throwing out hot lava,Hard,Natura,Nature,6,No,3,9
WB-0890,PL-0390,PL,Polish,Latin,ŁĄKA,LAKA,LAKA,4,Ł|Ą|K|A,4,No,Ł|Ą,Pole dzikich traw i kwiatów,A field of wild grass and flowers,Hard,Natura,Nature,4,No,3,7
WB-0891,PL-0391,PL,Polish,Latin,ŻNIWA,ZNIWA,ZNIWA,5,Ż|N|I|W|A,5,No,Ż,Zbieranie dojrzałego zboża,Gathering ripe grain,Hard,Natura,Nature,5,No,3,8
WB-0892,PL-0392,PL,Polish,Latin,CIĘŻAR,CIEZAR,CIEZAR,6,C|I|Ę|Ż|A|R,6,No,Ę|Ż,Jak bardzo coś waży,How much something weighs,Hard,Nauka,Science,6,No,3,9
WB-0893,PL-0393,PL,Polish,Latin,DŹWIĘK,DZWIEK,DZWIEK,6,D|Ź|W|I|Ę|K,6,No,Ź|Ę,"To, co odbieramy uszami",What we take in with our ears,Hard,Nauka,Science,6,No,3,9
WB-0894,PL-0394,PL,Polish,Latin,ENERGIA,ENERGIA,ENERGIA,7,E|N|E|R|G|I|A,7,No,,Siła potrzebna do działania,The power needed to act,Hard,Nauka,Science,6,Yes,3,10
WB-0895,PL-0395,PL,Polish,Latin,KSZTAŁT,KSZTALT,KSZTALT,7,K|S|Z|T|A|Ł|T,7,No,Ł,Zewnętrzna forma przedmiotu,The outer form of an object,Hard,Nauka,Science,6,Yes,3,10
WB-0896,PL-0396,PL,Polish,Latin,MIEJSCE,MIEJSCE,MIEJSCE,7,M|I|E|J|S|C|E,7,No,,Punkt w przestrzeni,A point in space,Hard,Nauka,Science,6,Yes,3,10
WB-0897,PL-0397,PL,Polish,Latin,OBSZAR,OBSZAR,OBSZAR,6,O|B|S|Z|A|R,6,No,,Rozległy teren o pewnych granicach,A wide area with limits,Hard,Nauka,Science,6,No,3,9
WB-0898,PL-0398,PL,Polish,Latin,OKOLICA,OKOLICA,OKOLICA,7,O|K|O|L|I|C|A,7,No,,Teren znajdujący się blisko czegoś,The area around a point,Hard,Nauka,Science,6,Yes,3,10
WB-0899,PL-0399,PL,Polish,Latin,ROZMIAR,ROZMIAR,ROZMIAR,7,R|O|Z|M|I|A|R,7,No,,Jak duża jest dana rzecz,How big a thing is,Hard,Nauka,Science,6,Yes,3,10
WB-0900,PL-0400,PL,Polish,Latin,ZAPACH,ZAPACH,ZAPACH,6,Z|A|P|A|C|H,6,No,,"To, co odbieramy nosem",What we take in with our nose,Hard,Nauka,Science,5,Yes,3,9
WB-0901,PL-0401,PL,Polish,Latin,ŚWIATŁO,SWIATLO,SWIATLO,7,Ś|W|I|A|T|Ł|O,7,No,Ś|Ł,Dzięki niemu widzimy,Thanks to it we can see,Hard,Nauka,Science,7,No,3,10
WB-0902,PL-0402,PL,Polish,Latin,DZIWNY,DZIWNY,DZIWNY,6,D|Z|I|W|N|Y,6,No,,Nietypowy i zaskakujący,Unusual and surprising,Hard,Opis,Qualities,6,No,3,9
WB-0903,PL-0403,PL,Polish,Latin,HOJNY,HOJNY,HOJNY,5,H|O|J|N|Y,5,No,,Chętnie dający innym,Willing to give to others,Hard,Opis,Qualities,5,No,3,8
WB-0904,PL-0404,PL,Polish,Latin,KRUCHY,KRUCHY,KRUCHY,6,K|R|U|C|H|Y,6,No,,Łatwy do stłuczenia,Easily broken,Hard,Opis,Qualities,6,No,3,9
WB-0905,PL-0405,PL,Polish,Latin,NERWOWY,NERWOWY,NERWOWY,7,N|E|R|W|O|W|Y,7,No,,Zaniepokojony i trochę wystraszony,Worried and slightly afraid,Hard,Opis,Qualities,6,Yes,3,10
WB-0906,PL-0406,PL,Polish,Latin,OGROMNY,OGROMNY,OGROMNY,7,O|G|R|O|M|N|Y,7,No,,Bardzo duży i ciężki,Extremely large and heavy,Hard,Opis,Qualities,6,Yes,3,10
WB-0907,PL-0407,PL,Polish,Latin,POWAŻNY,POWAZNY,POWAZNY,7,P|O|W|A|Ż|N|Y,7,No,Ż,"Wymagający uwagi, nie żartobliwy","Needing attention, not joking",Hard,Opis,Qualities,7,No,3,10
WB-0908,PL-0408,PL,Polish,Latin,SKRAJNY,SKRAJNY,SKRAJNY,7,S|K|R|A|J|N|Y,7,No,,W najwyższym stopniu,At the highest degree,Hard,Opis,Qualities,7,No,3,10
WB-0909,PL-0409,PL,Polish,Latin,SŁYNNY,SLYNNY,SLYNNY,6,S|Ł|Y|N|N|Y,6,No,Ł,Znany bardzo wielu ludziom,Known by very many people,Hard,Opis,Qualities,4,Yes,3,9
WB-0910,PL-0410,PL,Polish,Latin,ŁAGODNY,LAGODNY,LAGODNY,7,Ł|A|G|O|D|N|Y,7,No,Ł,Spokojny i nieostry,Calm and not harsh,Hard,Opis,Qualities,7,No,3,10
WB-0911,PL-0411,PL,Polish,Latin,CAŁOŚĆ,CALOSC,CALOSC,6,C|A|Ł|O|Ś|Ć,6,No,Ł|Ś|Ć,Wszystkie części razem,All the parts together,Hard,Pojęcia,Abstract,6,No,3,9
WB-0912,PL-0412,PL,Polish,Latin,CELOWY,CELOWY,CELOWY,6,C|E|L|O|W|Y,6,No,,"Zrobiony z zamiarem, nieprzypadkowy","Done on purpose, not by accident",Hard,Pojęcia,Abstract,6,No,3,9
WB-0913,PL-0413,PL,Polish,Latin,CISZA,CISZA,CISZA,5,C|I|S|Z|A,5,No,,Zupełny brak dźwięku,Complete absence of sound,Hard,Pojęcia,Abstract,5,No,3,8
WB-0914,PL-0414,PL,Polish,Latin,DECYZJA,DECYZJA,DECYZJA,7,D|E|C|Y|Z|J|A,7,No,,Wynik dokonanego wyboru,The result of making a choice,Hard,Pojęcia,Abstract,7,No,3,10
WB-0915,PL-0415,PL,Polish,Latin,KORZYŚĆ,KORZYSC,KORZYSC,7,K|O|R|Z|Y|Ś|Ć,7,No,Ś|Ć,"To, co zyskujemy na czymś",What you gain from something,Hard,Pojęcia,Abstract,7,No,3,10
WB-0916,PL-0416,PL,Polish,Latin,KULTURA,KULTURA,KULTURA,7,K|U|L|T|U|R|A,7,No,,Obyczaje i sztuka danego narodu,The customs and art of a people,Hard,Pojęcia,Abstract,6,Yes,3,10
WB-0917,PL-0417,PL,Polish,Latin,METODA,METODA,METODA,6,M|E|T|O|D|A,6,No,,Sposób wykonania zadania,A way of doing a task,Hard,Pojęcia,Abstract,6,No,3,9
WB-0918,PL-0418,PL,Polish,Latin,MIŁOŚĆ,MILOSC,MILOSC,6,M|I|Ł|O|Ś|Ć,6,No,Ł|Ś|Ć,Bardzo silne uczucie do kogoś,A very strong feeling for someone,Hard,Pojęcia,Abstract,6,No,3,9
WB-0919,PL-0419,PL,Polish,Latin,MĄDROŚĆ,MADROSC,MADROSC,7,M|Ą|D|R|O|Ś|Ć,7,No,Ą|Ś|Ć,Głęboka wiedza z doświadczenia,Deep knowledge from experience,Hard,Pojęcia,Abstract,7,No,3,10
WB-0920,PL-0420,PL,Polish,Latin,ODWAGA,ODWAGA,ODWAGA,6,O|D|W|A|G|A,6,No,,"Siła, by stawić czoła lękowi",The strength to face fear,Hard,Pojęcia,Abstract,5,Yes,3,9
WB-0921,PL-0421,PL,Polish,Latin,OKAZJA,OKAZJA,OKAZJA,6,O|K|A|Z|J|A,6,No,,Dobra sposobność lub tania oferta,A good chance or a bargain,Hard,Pojęcia,Abstract,5,Yes,3,9
WB-0922,PL-0422,PL,Polish,Latin,OPIEKA,OPIEKA,OPIEKA,6,O|P|I|E|K|A,6,No,,Dbanie o kogoś potrzebującego,Caring for someone in need,Hard,Pojęcia,Abstract,6,No,3,9
WB-0923,PL-0423,PL,Polish,Latin,POMYSŁ,POMYSL,POMYSL,6,P|O|M|Y|S|Ł,6,No,Ł,"Nowa myśl, jak coś zrobić",A new thought about how to do something,Hard,Pojęcia,Abstract,6,No,3,9
WB-0924,PL-0424,PL,Polish,Latin,POWÓD,POWOD,POWOD,5,P|O|W|Ó|D,5,No,Ó,"Przyczyna, dla której coś się dzieje",The cause of something,Hard,Pojęcia,Abstract,5,No,3,8
WB-0925,PL-0425,PL,Polish,Latin,POZIOM,POZIOM,POZIOM,6,P|O|Z|I|O|M,6,No,,Stopień zaawansowania,A degree of advancement,Hard,Pojęcia,Abstract,5,Yes,3,9
WB-0926,PL-0426,PL,Polish,Latin,PRAWDA,PRAWDA,PRAWDA,6,P|R|A|W|D|A,6,No,,"To, co jest zgodne z rzeczywistością",What matches reality,Hard,Pojęcia,Abstract,5,Yes,3,9
WB-0927,PL-0427,PL,Polish,Latin,PRAWO,PRAWO,PRAWO,5,P|R|A|W|O,5,No,,Zbiór zasad obowiązujących w kraju,The rules that apply in a country,Hard,Pojęcia,Abstract,5,No,3,8
WB-0928,PL-0428,PL,Polish,Latin,PREZENT,PREZENT,PREZENT,7,P|R|E|Z|E|N|T,7,No,,Rzecz dawana komuś w podarunku,A thing given to someone as a gift,Hard,Pojęcia,Abstract,6,Yes,3,10
WB-0929,PL-0429,PL,Polish,Latin,PROBLEM,PROBLEM,PROBLEM,7,P|R|O|B|L|E|M,7,No,,Trudna sprawa do rozwiązania,A difficult matter to solve,Hard,Pojęcia,Abstract,7,No,3,10
WB-0930,PL-0430,PL,Polish,Latin,PRÓBA,PROBA,PROBA,5,P|R|Ó|B|A,5,No,Ó,Podejście do zrobienia czegoś,An attempt to do something,Hard,Pojęcia,Abstract,5,No,3,8
WB-0931,PL-0431,PL,Polish,Latin,RADOŚĆ,RADOSC,RADOSC,6,R|A|D|O|Ś|Ć,6,No,Ś|Ć,Uczucie wielkiego szczęścia,A feeling of great happiness,Hard,Pojęcia,Abstract,6,No,3,9
WB-0932,PL-0432,PL,Polish,Latin,REGUŁA,REGULA,REGULA,6,R|E|G|U|Ł|A,6,No,Ł,Ustalony sposób postępowania,An established way of acting,Hard,Pojęcia,Abstract,6,No,3,9
WB-0933,PL-0433,PL,Polish,Latin,ROZMOWA,ROZMOWA,ROZMOWA,7,R|O|Z|M|O|W|A,7,No,,Wymiana zdań między ludźmi,An exchange of words between people,Hard,Pojęcia,Abstract,6,Yes,3,10
WB-0934,PL-0434,PL,Polish,Latin,ROZWÓJ,ROZWOJ,ROZWOJ,6,R|O|Z|W|Ó|J,6,No,Ó,Stopniowe stawanie się lepszym,Gradually becoming better,Hard,Pojęcia,Abstract,6,No,3,9
WB-0935,PL-0435,PL,Polish,Latin,RYZYKO,RYZYKO,RYZYKO,6,R|Y|Z|Y|K|O,6,No,,"Możliwość, że stanie się coś złego",The chance that something bad happens,Hard,Pojęcia,Abstract,5,Yes,3,9
WB-0936,PL-0436,PL,Polish,Latin,RÓŻNICA,ROZNICA,ROZNICA,7,R|Ó|Ż|N|I|C|A,7,No,Ó|Ż,"To, czym dwie rzeczy nie są takie same",How two things are not the same,Hard,Pojęcia,Abstract,7,No,3,10
WB-0937,PL-0437,PL,Polish,Latin,SKARGA,SKARGA,SKARGA,6,S|K|A|R|G|A,6,No,,Formalne zgłoszenie niezadowolenia,A formal report of dissatisfaction,Hard,Pojęcia,Abstract,5,Yes,3,9
WB-0938,PL-0438,PL,Polish,Latin,SKUTEK,SKUTEK,SKUTEK,6,S|K|U|T|E|K,6,No,,"To, co wynika z działania",What follows from an action,Hard,Pojęcia,Abstract,5,Yes,3,9
WB-0939,PL-0439,PL,Polish,Latin,SMUTEK,SMUTEK,SMUTEK,6,S|M|U|T|E|K,6,No,,Głębokie uczucie żalu,A deep feeling of sorrow,Hard,Pojęcia,Abstract,6,No,3,9
WB-0940,PL-0440,PL,Polish,Latin,SPOKÓJ,SPOKOJ,SPOKOJ,6,S|P|O|K|Ó|J,6,No,Ó,Stan bez hałasu i niepokoju,A state without noise or worry,Hard,Pojęcia,Abstract,6,No,3,9
WB-0941,PL-0441,PL,Polish,Latin,SPOSÓB,SPOSOB,SPOSOB,6,S|P|O|S|Ó|B,6,No,Ó,"To, jak coś się robi",How something is done,Hard,Pojęcia,Abstract,5,Yes,3,9
WB-0942,PL-0442,PL,Polish,Latin,STOPIEŃ,STOPIEN,STOPIEN,7,S|T|O|P|I|E|Ń,7,No,Ń,Miara nasilenia czegoś,A measure of how much,Hard,Pojęcia,Abstract,7,No,3,10
WB-0943,PL-0443,PL,Polish,Latin,STRACH,STRACH,STRACH,6,S|T|R|A|C|H,6,No,,Uczucie przed niebezpieczeństwem,The feeling before danger,Hard,Pojęcia,Abstract,6,No,3,9
WB-0944,PL-0444,PL,Polish,Latin,SUKCES,SUKCES,SUKCES,6,S|U|K|C|E|S,6,No,,Osiągnięcie zamierzonego celu,Reaching a goal you aimed for,Hard,Pojęcia,Abstract,5,Yes,3,9
WB-0945,PL-0445,PL,Polish,Latin,SZANSA,SZANSA,SZANSA,6,S|Z|A|N|S|A,6,No,,Możliwość powodzenia,A possibility of success,Hard,Pojęcia,Abstract,4,Yes,3,9
WB-0946,PL-0446,PL,Polish,Latin,UCZUCIE,UCZUCIE,UCZUCIE,7,U|C|Z|U|C|I|E,7,No,,"To, co czujemy w sercu",What we feel inside,Hard,Pojęcia,Abstract,5,Yes,3,10
WB-0947,PL-0447,PL,Polish,Latin,WARTOŚĆ,WARTOSC,WARTOSC,7,W|A|R|T|O|Ś|Ć,7,No,Ś|Ć,Jak bardzo coś jest cenne,How valuable something is,Hard,Pojęcia,Abstract,7,No,3,10
WB-0948,PL-0448,PL,Polish,Latin,WARUNEK,WARUNEK,WARUNEK,7,W|A|R|U|N|E|K,7,No,,"To, co musi być spełnione",Something that must be met,Hard,Pojęcia,Abstract,7,No,3,10
WB-0949,PL-0449,PL,Polish,Latin,WIEDZA,WIEDZA,WIEDZA,6,W|I|E|D|Z|A,6,No,,"Wszystko, czego się nauczyliśmy",Everything you have learned,Hard,Pojęcia,Abstract,6,No,3,9
WB-0950,PL-0450,PL,Polish,Latin,WNIOSEK,WNIOSEK,WNIOSEK,7,W|N|I|O|S|E|K,7,No,,Pismo z prośbą do urzędu,A written request to an office,Hard,Pojęcia,Abstract,7,No,3,10
WB-0951,PL-0451,PL,Polish,Latin,WOLNOŚĆ,WOLNOSC,WOLNOSC,7,W|O|L|N|O|Ś|Ć,7,No,Ś|Ć,Prawo do decydowania o sobie,The right to decide for yourself,Hard,Pojęcia,Abstract,6,Yes,3,10
WB-0952,PL-0452,PL,Polish,Latin,WYBÓR,WYBOR,WYBOR,5,W|Y|B|Ó|R,5,No,Ó,Decyzja między możliwościami,A decision between options,Hard,Pojęcia,Abstract,5,No,3,8
WB-0953,PL-0453,PL,Polish,Latin,WYROK,WYROK,WYROK,5,W|Y|R|O|K,5,No,,Decyzja sądu w sprawie,A court's decision in a case,Hard,Pojęcia,Abstract,5,No,3,8
WB-0954,PL-0454,PL,Polish,Latin,WYSIŁEK,WYSILEK,WYSILEK,7,W|Y|S|I|Ł|E|K,7,No,Ł,Praca włożona w zadanie,Work put into a task,Hard,Pojęcia,Abstract,7,No,3,10
WB-0955,PL-0455,PL,Polish,Latin,ZAKRES,ZAKRES,ZAKRES,6,Z|A|K|R|E|S,6,No,,"Granice tego, co coś obejmuje",The limits of what something covers,Hard,Pojęcia,Abstract,6,No,3,9
WB-0956,PL-0456,PL,Polish,Latin,ZASADA,ZASADA,ZASADA,6,Z|A|S|A|D|A,6,No,,"Reguła, której się trzymamy",A rule that we follow,Hard,Pojęcia,Abstract,4,Yes,3,9
WB-0957,PL-0457,PL,Polish,Latin,ZGODA,ZGODA,ZGODA,5,Z|G|O|D|A,5,No,,Pozwolenie na coś,Permission for something,Hard,Pojęcia,Abstract,5,No,3,8
WB-0958,PL-0458,PL,Polish,Latin,ZMIANA,ZMIANA,ZMIANA,6,Z|M|I|A|N|A,6,No,,Przejście z jednego stanu w inny,Moving from one state to another,Hard,Pojęcia,Abstract,5,Yes,3,9
WB-0959,PL-0459,PL,Polish,Latin,ZWYCZAJ,ZWYCZAJ,ZWYCZAJ,7,Z|W|Y|C|Z|A|J,7,No,,"To, co ludzie robią od dawna",What people have long done,Hard,Pojęcia,Abstract,6,Yes,3,10
WB-0960,PL-0460,PL,Polish,Latin,ŚWIĘTO,SWIETO,SWIETO,6,Ś|W|I|Ę|T|O,6,No,Ś|Ę,Dzień szczególnie obchodzony,A specially celebrated day,Hard,Pojęcia,Abstract,6,No,3,9
WB-0961,PL-0461,PL,Polish,Latin,KARIERA,KARIERA,KARIERA,7,K|A|R|I|E|R|A,7,No,,Praca wykonywana przez wiele lat,Work done over many years,Hard,Praca,Work,5,Yes,3,10
WB-0962,PL-0462,PL,Polish,Latin,PARAGON,PARAGON,PARAGON,7,P|A|R|A|G|O|N,7,No,,Papier potwierdzający zapłatę,Paper proving payment,Hard,Praca,Work,6,Yes,3,10
WB-0963,PL-0463,PL,Polish,Latin,WYDATEK,WYDATEK,WYDATEK,7,W|Y|D|A|T|E|K,7,No,,Pieniądze przeznaczone na zakup,Money that must be spent,Hard,Praca,Work,7,No,3,10
WB-0964,PL-0464,PL,Polish,Latin,ZAROBEK,ZAROBEK,ZAROBEK,7,Z|A|R|O|B|E|K,7,No,,Pieniądze otrzymane za pracę,Money received for work,Hard,Praca,Work,7,No,3,10
WB-0965,PL-0465,PL,Polish,Latin,BADANIE,BADANIE,BADANIE,7,B|A|D|A|N|I|E,7,No,,Dokładne sprawdzanie czegoś,Careful examination of something,Hard,Szkoła,School,6,Yes,3,10
WB-0966,PL-0466,PL,Polish,Latin,DYPLOM,DYPLOM,DYPLOM,6,D|Y|P|L|O|M,6,No,,Dokument po ukończeniu nauki,A certificate for finishing study,Hard,Szkoła,School,6,No,3,9
WB-0967,PL-0467,PL,Polish,Latin,WYKRES,WYKRES,WYKRES,6,W|Y|K|R|E|S,6,No,,Rysunek pokazujący dane,A drawing showing data,Hard,Szkoła,School,6,No,3,9
WB-0968,PL-0468,PL,Polish,Latin,WZÓR,WZOR,WZOR,4,W|Z|Ó|R,4,No,Ó,Zasada zapisana symbolami,A rule written in symbols,Hard,Szkoła,School,4,No,3,7
WB-0969,PL-0469,PL,Polish,Latin,ANTENA,ANTENA,ANTENA,6,A|N|T|E|N|A,6,No,,Urządzenie odbierające sygnał,A device that receives a signal,Hard,Technologia,Technology,4,Yes,3,9
WB-0970,PL-0470,PL,Polish,Latin,CYFROWY,CYFROWY,CYFROWY,7,C|Y|F|R|O|W|Y,7,No,,Zapisany w postaci liczb,Stored as numbers,Hard,Technologia,Technology,6,Yes,3,10
WB-0971,PL-0471,PL,Polish,Latin,MASZYNA,MASZYNA,MASZYNA,7,M|A|S|Z|Y|N|A,7,No,,Urządzenie wykonujące pracę,A device that does work,Hard,Technologia,Technology,6,Yes,3,10
WB-0972,PL-0472,PL,Polish,Latin,OBWÓD,OBWOD,OBWOD,5,O|B|W|Ó|D,5,No,Ó,"Droga, którą płynie prąd",The path electricity flows around,Hard,Technologia,Technology,5,No,3,8
WB-0973,PL-0473,PL,Polish,Latin,CHOMIK,CHOMIK,CHOMIK,6,C|H|O|M|I|K,6,No,,Mały gryzoń trzymany w domu,A small rodent kept as a pet,Hard,Zwierzęta,Animals,6,No,3,9
WB-0974,PL-0474,PL,Polish,Latin,DELFIN,DELFIN,DELFIN,6,D|E|L|F|I|N,6,No,,"Mądre zwierzę morskie, które skacze",A clever sea animal that leaps,Hard,Zwierzęta,Animals,6,No,3,9
WB-0975,PL-0475,PL,Polish,Latin,LAMPART,LAMPART,LAMPART,7,L|A|M|P|A|R|T,7,No,,Duży dziki kot w cętki,A large spotted wild cat,Hard,Zwierzęta,Animals,6,Yes,3,10
WB-0976,PL-0476,PL,Polish,Latin,PINGWIN,PINGWIN,PINGWIN,7,P|I|N|G|W|I|N,7,No,,"Czarno-biały ptak, który nie lata",A black and white bird that cannot fly,Hard,Zwierzęta,Animals,5,Yes,3,10
WB-0977,PL-0477,PL,Polish,Latin,SSAK,SSAK,SSAK,4,S|S|A|K,4,No,,Zwierzę karmiące młode mlekiem,An animal that feeds young with milk,Hard,Zwierzęta,Animals,3,Yes,3,7
WB-0978,PL-0478,PL,Polish,Latin,ŻYRAFA,ZYRAFA,ZYRAFA,6,Ż|Y|R|A|F|A,6,No,Ż,Najwyższe zwierzę o długiej szyi,"The tallest animal, with a long neck",Hard,Zwierzęta,Animals,5,Yes,3,9
WB-0979,PL-0479,PL,Polish,Latin,BANKNOT,BANKNOT,BANKNOT,7,B|A|N|K|N|O|T,7,No,,Papierowy pieniądz,Paper money,Hard,Życie w Polsce,Local life,6,Yes,3,10
WB-0980,PL-0480,PL,Polish,Latin,CZYNSZ,CZYNSZ,CZYNSZ,6,C|Z|Y|N|S|Z,6,No,,Opłata za mieszkanie co miesiąc,The monthly fee for a flat,Hard,Życie w Polsce,Local life,5,Yes,3,9
WB-0981,PL-0481,PL,Polish,Latin,GOTÓWKA,GOTOWKA,GOTOWKA,7,G|O|T|Ó|W|K|A,7,No,Ó,Pieniądze w banknotach i monetach,Money in notes and coins,Hard,Życie w Polsce,Local life,7,No,3,10
WB-0982,PL-0482,PL,Polish,Latin,KANTOR,KANTOR,KANTOR,6,K|A|N|T|O|R,6,No,,Punkt wymiany obcych pieniędzy,A place to exchange foreign money,Hard,Życie w Polsce,Local life,6,No,3,9
WB-0983,PL-0483,PL,Polish,Latin,KUPON,KUPON,KUPON,5,K|U|P|O|N,5,No,,Papier dający prawo do rabatu,Paper giving the right to a discount,Hard,Życie w Polsce,Local life,5,No,3,8
WB-0984,PL-0484,PL,Polish,Latin,LOKATOR,LOKATOR,LOKATOR,7,L|O|K|A|T|O|R,7,No,,Osoba mieszkająca w wynajętym miejscu,A person living in a rented place,Hard,Życie w Polsce,Local life,6,Yes,3,10
WB-0985,PL-0485,PL,Polish,Latin,MONETA,MONETA,MONETA,6,M|O|N|E|T|A,6,No,,Okrągły metalowy pieniądz,A round metal piece of money,Hard,Życie w Polsce,Local life,6,No,3,9
WB-0986,PL-0486,PL,Polish,Latin,OPŁATA,OPLATA,OPLATA,6,O|P|Ł|A|T|A,6,No,Ł,"Kwota, którą trzeba uiścić",An amount that must be paid,Hard,Życie w Polsce,Local life,5,Yes,3,9
WB-0987,PL-0487,PL,Polish,Latin,PARASOL,PARASOL,PARASOL,7,P|A|R|A|S|O|L,7,No,,Chroni przed deszczem nad głową,It protects you from rain,Hard,Życie w Polsce,Local life,6,Yes,3,10
WB-0988,PL-0488,PL,Polish,Latin,PLECAK,PLECAK,PLECAK,6,P|L|E|C|A|K,6,No,,Torba z dwoma paskami na ramiona,A bag carried on the back,Hard,Życie w Polsce,Local life,6,No,3,9
WB-0989,PL-0489,PL,Polish,Latin,POBYT,POBYT,POBYT,5,P|O|B|Y|T,5,No,,Przebywanie w kraju przez pewien czas,Staying in a country for a time,Hard,Życie w Polsce,Local life,5,No,3,8
WB-0990,PL-0490,PL,Polish,Latin,PODPIS,PODPIS,PODPIS,6,P|O|D|P|I|S,6,No,,Własnoręczny znak pod dokumentem,Your own mark under a document,Hard,Życie w Polsce,Local life,5,Yes,3,9
WB-0991,PL-0491,PL,Polish,Latin,PORTFEL,PORTFEL,PORTFEL,7,P|O|R|T|F|E|L,7,No,,Trzymamy w nim pieniądze i karty,Where you keep money and cards,Hard,Życie w Polsce,Local life,7,No,3,10
WB-0992,PL-0492,PL,Polish,Latin,PRZELEW,PRZELEW,PRZELEW,7,P|R|Z|E|L|E|W,7,No,,Wysłanie pieniędzy z konta na konto,Sending money between accounts,Hard,Życie w Polsce,Local life,6,Yes,3,10
WB-0993,PL-0493,PL,Polish,Latin,URZĄD,URZAD,URZAD,5,U|R|Z|Ą|D,5,No,Ą,"Instytucja państwowa, gdzie załatwia się sprawy",A government office for official matters,Hard,Życie w Polsce,Local life,5,No,3,8
WB-0994,PL-0494,PL,Polish,Latin,WALIZKA,WALIZKA,WALIZKA,7,W|A|L|I|Z|K|A,7,No,,Duża torba na ubrania w podróż,A large bag for clothes when travelling,Hard,Życie w Polsce,Local life,6,Yes,3,10
WB-0995,PL-0495,PL,Polish,Latin,WALUTA,WALUTA,WALUTA,6,W|A|L|U|T|A,6,No,,Pieniądze danego kraju,The money of a country,Hard,Życie w Polsce,Local life,5,Yes,3,9
WB-0996,PL-0496,PL,Polish,Latin,WIZA,WIZA,WIZA,4,W|I|Z|A,4,No,,Zgoda na wjazd do obcego kraju,Permission to enter a foreign country,Hard,Życie w Polsce,Local life,4,No,3,7
WB-0997,PL-0497,PL,Polish,Latin,WPŁATA,WPLATA,WPLATA,6,W|P|Ł|A|T|A,6,No,Ł,Włożenie pieniędzy na konto,Putting money into an account,Hard,Życie w Polsce,Local life,5,Yes,3,9
WB-0998,PL-0498,PL,Polish,Latin,WYNAJEM,WYNAJEM,WYNAJEM,7,W|Y|N|A|J|E|M,7,No,,Korzystanie z cudzego mieszkania za opłatą,Using someone's flat for a fee,Hard,Życie w Polsce,Local life,7,No,3,10
WB-0999,PL-0499,PL,Polish,Latin,WYPŁATA,WYPLATA,WYPLATA,7,W|Y|P|Ł|A|T|A,7,No,Ł,Pobranie pieniędzy z konta,Taking money out of an account,Hard,Życie w Polsce,Local life,6,Yes,3,10
WB-1000,PL-0500,PL,Polish,Latin,ZNIŻKA,ZNIZKA,ZNIZKA,6,Z|N|I|Ż|K|A,6,No,Ż,Obniżenie ceny dla kupującego,A reduction in price for the buyer,Hard,Życie w Polsce,Local life,6,No,3,9
WB-1001,UZ-0001,UZ,Uzbek,Latin,OSMON,OSMON,OSMON,5,O|S|M|O|N,5,No,,Tepamizda koʻrinadigan keng boʻshliq,The wide space above us,Easy,Tabiat,Nature,4,Yes,2,7
WB-1002,UZ-0002,UZ,Uzbek,Latin,MUSHUK,MUSHUK,MUSHUK,5,M|U|SH|U|K,6,Yes,SH,Uyda saqlanadigan mayin hayvon,A soft animal kept at home,Easy,Hayvonlar,Animals,4,Yes,2,7
WB-1003,UZ-0003,UZ,Uzbek,Latin,GOʻSHT,GO'SHT,GO'SHT,4,G|Oʻ|SH|T,6,Yes,Oʻ|SH,Hayvondan olinadigan ovqat,Food that comes from animals,Easy,Ovqat,Food,4,No,2,6
WB-1004,UZ-0004,UZ,Uzbek,Latin,ESHIK,ESHIK,ESHIK,4,E|SH|I|K,5,Yes,SH,Kirish uchun ochiladigan narsa,You open it to go in,Easy,Uy,Home,4,No,2,6
WB-1005,UZ-0005,UZ,Uzbek,Latin,ETIK,ETIK,ETIK,4,E|T|I|K,4,No,,Oyoqqa kiyiladigan baland poyabzal,Tall footwear for the feet,Easy,Kiyim,Clothing,4,No,2,6
WB-1006,UZ-0006,UZ,Uzbek,Latin,OYOQ,OYOQ,OYOQ,4,O|Y|O|Q,4,No,,Yurish uchun tana qismi,The body part for walking,Easy,Tana,Body,3,Yes,2,6
WB-1007,UZ-0007,UZ,Uzbek,Latin,SHAHAR,SHAHAR,SHAHAR,5,SH|A|H|A|R,6,Yes,SH,Koʻp odam yashaydigan katta joy,A large place where many people live,Easy,Shahar,City,4,Yes,2,7
WB-1008,UZ-0008,UZ,Uzbek,Latin,MAKTAB,MAKTAB,MAKTAB,6,M|A|K|T|A|B,6,No,,Bolalar oʻqiydigan joy,A place where children study,Easy,Maktab,School,5,Yes,2,8
WB-1009,UZ-0009,UZ,Uzbek,Latin,HAFTA,HAFTA,HAFTA,5,H|A|F|T|A,5,No,,Yetti kun birgalikda,Seven days together,Easy,Vaqt,Time,4,Yes,2,7
WB-1010,UZ-0010,UZ,Uzbek,Latin,NARX,NARX,NARX,4,N|A|R|X,4,No,,Toʻlanishi kerak boʻlgan miqdor,The amount that must be paid,Easy,Ish,Work,4,No,2,6
WB-1011,UZ-0011,UZ,Uzbek,Latin,QORA,QORA,QORA,4,Q|O|R|A,4,No,,Eng toʻq rang,The darkest colour,Easy,Ranglar,Colours,4,No,2,6
WB-1012,UZ-0012,UZ,Uzbek,Latin,OʻYIN,O'YIN,O'YIN,4,Oʻ|Y|I|N,5,Yes,Oʻ,Koʻngil ochish uchun mashgʻulot,An activity done for fun,Easy,Sport,Sport,4,No,2,6
WB-1013,UZ-0013,UZ,Uzbek,Latin,KATTA,KATTA,KATTA,5,K|A|T|T|A,5,No,,Hajmi yirik,Big in size,Easy,Sifatlar,Qualities,3,Yes,2,7
WB-1014,UZ-0014,UZ,Uzbek,Latin,YOZMOQ,YOZMOQ,YOZMOQ,6,Y|O|Z|M|O|Q,6,No,,Qogʻozga harf tushirmoq,To put letters on paper,Easy,Harakatlar,Actions,5,Yes,2,8
WB-1015,UZ-0015,UZ,Uzbek,Latin,BOLA,BOLA,BOLA,4,B|O|L|A,4,No,,Juda yosh inson,A very young person,Easy,Odamlar,People,4,No,2,6
WB-1016,UZ-0016,UZ,Uzbek,Latin,EKRAN,EKRAN,EKRAN,5,E|K|R|A|N,5,No,,Telefonning tekis koʻrinadigan qismi,The flat visible part of a phone,Easy,Texnologiya,Technology,5,No,2,7
WB-1017,UZ-0017,UZ,Uzbek,Latin,QUYOSH,QUYOSH,QUYOSH,5,Q|U|Y|O|SH,6,Yes,SH,Kunduzi yorugʻlik va issiqlik beradi,It gives light and heat by day,Easy,Tabiat,Nature,5,No,2,7
WB-1018,UZ-0018,UZ,Uzbek,Latin,BALIQ,BALIQ,BALIQ,5,B|A|L|I|Q,5,No,,Suvda yashaydigan jonivor,A creature that lives in water,Easy,Hayvonlar,Animals,5,No,2,7
WB-1019,UZ-0019,UZ,Uzbek,Latin,TUXUM,TUXUM,TUXUM,5,T|U|X|U|M,5,No,,Tovuq qoʻyadigan oq narsa,The white thing a hen lays,Easy,Ovqat,Food,4,Yes,2,7
WB-1020,UZ-0020,UZ,Uzbek,Latin,DEVOR,DEVOR,DEVOR,5,D|E|V|O|R,5,No,,Xonaning tekis yon tomoni,The flat side of a room,Easy,Uy,Home,5,No,2,7
WB-1021,UZ-0021,UZ,Uzbek,Latin,PALTO,PALTO,PALTO,5,P|A|L|T|O,5,No,,Sovuqda ustdan kiyiladi,Worn on top in cold weather,Easy,Kiyim,Clothing,5,No,2,7
WB-1022,UZ-0022,UZ,Uzbek,Latin,QULOQ,QULOQ,QULOQ,5,Q|U|L|O|Q,5,No,,Ovoz eshitadigan aʼzo,The organ that hears sound,Easy,Tana,Body,4,Yes,2,7
WB-1023,UZ-0023,UZ,Uzbek,Latin,KOʻCHA,KO'CHA,KO'CHA,4,K|Oʻ|CH|A,6,Yes,Oʻ|CH,Uylar joylashgan yoʻl,A road lined with houses,Easy,Shahar,City,4,No,2,6
WB-1024,UZ-0024,UZ,Uzbek,Latin,KITOB,KITOB,KITOB,5,K|I|T|O|B,5,No,,Sahifalardan iborat toʻplam,Pages bound together,Easy,Maktab,School,5,No,2,7
WB-1025,UZ-0025,UZ,Uzbek,Latin,DAQIQA,DAQIQA,DAQIQA,6,D|A|Q|I|Q|A,6,No,,Oltmish soniya,Sixty seconds,Easy,Vaqt,Time,4,Yes,2,8
WB-1026,UZ-0026,UZ,Uzbek,Latin,ISHCHI,ISHCHI,ISHCHI,4,I|SH|CH|I,6,Yes,SH|CH,Qoʻl mehnati bilan shugʻullanuvchi,One who does manual labour,Easy,Ish,Work,3,Yes,2,6
WB-1027,UZ-0027,UZ,Uzbek,Latin,QIZIL,QIZIL,QIZIL,5,Q|I|Z|I|L,5,No,,Qon va olov rangi,The colour of blood and fire,Easy,Ranglar,Colours,4,Yes,2,7
WB-1028,UZ-0028,UZ,Uzbek,Latin,SPORT,SPORT,SPORT,5,S|P|O|R|T,5,No,,Qoidalari bor jismoniy mashgʻulot,Physical activity with rules,Easy,Sport,Sport,5,No,2,7
WB-1029,UZ-0029,UZ,Uzbek,Latin,KICHIK,KICHIK,KICHIK,5,K|I|CH|I|K,6,Yes,CH,Hajmi oz,Little in size,Easy,Sifatlar,Qualities,3,Yes,2,7
WB-1030,UZ-0030,UZ,Uzbek,Latin,OʻQIMOQ,O'QIMOQ,O'QIMOQ,6,Oʻ|Q|I|M|O|Q,7,Yes,Oʻ,Matnni koʻrib tushunmoq,To look at text and understand,Easy,Harakatlar,Actions,5,Yes,2,8
WB-1031,UZ-0031,UZ,Uzbek,Latin,OILA,OILA,OILA,4,O|I|L|A,4,No,,"Ota, ona va bolalar","Father, mother and children",Easy,Odamlar,People,4,No,2,6
WB-1032,UZ-0032,UZ,Uzbek,Latin,PAROL,PAROL,PAROL,5,P|A|R|O|L,5,No,,Hisobga kirish uchun maxfiy soʻz,A secret word for an account,Easy,Texnologiya,Technology,5,No,2,7
WB-1033,UZ-0033,UZ,Uzbek,Latin,YULDUZ,YULDUZ,YULDUZ,6,Y|U|L|D|U|Z,6,No,,Kechasi osmonda yaltiraydigan nuqta,A point that shines in the night sky,Easy,Tabiat,Nature,5,Yes,2,8
WB-1034,UZ-0034,UZ,Uzbek,Latin,SIGIR,SIGIR,SIGIR,5,S|I|G|I|R,5,No,,Bizga sut beradigan hayvon,An animal that gives us milk,Easy,Hayvonlar,Animals,4,Yes,2,7
WB-1035,UZ-0035,UZ,Uzbek,Latin,GURUCH,GURUCH,GURUCH,5,G|U|R|U|CH,6,Yes,CH,Palov tayyorlanadigan oq don,White grain used for pilaf,Easy,Ovqat,Food,4,Yes,2,7
WB-1036,UZ-0036,UZ,Uzbek,Latin,STOL,STOL,STOL,4,S|T|O|L,4,No,,Ustida ovqatlanadigan mebel,Furniture you eat at,Easy,Uy,Home,4,No,2,6
WB-1037,UZ-0037,UZ,Uzbek,Latin,KAMAR,KAMAR,KAMAR,5,K|A|M|A|R,5,No,,Belga bogʻlanadigan tasma,A strip tied at the waist,Easy,Kiyim,Clothing,4,Yes,2,7
WB-1038,UZ-0038,UZ,Uzbek,Latin,BURUN,BURUN,BURUN,5,B|U|R|U|N,5,No,,Hid sezadigan aʼzo,The organ that smells,Easy,Tana,Body,4,Yes,2,7
WB-1039,UZ-0039,UZ,Uzbek,Latin,BOZOR,BOZOR,BOZOR,5,B|O|Z|O|R,5,No,,Koʻp sotuvchi savdo qiladigan joy,A place where many sellers trade,Easy,Shahar,City,4,Yes,2,7
WB-1040,UZ-0040,UZ,Uzbek,Latin,DAFTAR,DAFTAR,DAFTAR,6,D|A|F|T|A|R,6,No,,Yoziladigan yupqa kitobcha,A thin book for writing in,Easy,Maktab,School,5,Yes,2,8
WB-1041,UZ-0041,UZ,Uzbek,Latin,ERTA,ERTA,ERTA,4,E|R|T|A,4,No,,Bugundan keyingi kun,The day after today,Easy,Vaqt,Time,4,No,2,6
WB-1042,UZ-0042,UZ,Uzbek,Latin,XODIM,XODIM,XODIM,5,X|O|D|I|M,5,No,,Tashkilotda ishlaydigan kishi,A person working in an organisation,Easy,Ish,Work,5,No,2,7
WB-1043,UZ-0043,UZ,Uzbek,Latin,YASHIL,YASHIL,YASHIL,5,Y|A|SH|I|L,6,Yes,SH,Maysa rangi,The colour of grass,Easy,Ranglar,Colours,5,No,2,7
WB-1044,UZ-0044,UZ,Uzbek,Latin,MEDAL,MEDAL,MEDAL,5,M|E|D|A|L,5,No,,Gʻolibga beriladigan metall belgi,A metal token given to a winner,Easy,Sport,Sport,5,No,2,7
WB-1045,UZ-0045,UZ,Uzbek,Latin,YANGI,YANGI,YANGI,5,Y|A|N|G|I,5,No,,Endigina paydo boʻlgan,Just come into being,Easy,Sifatlar,Qualities,5,No,2,7
WB-1046,UZ-0046,UZ,Uzbek,Latin,YURMOQ,YURMOQ,YURMOQ,6,Y|U|R|M|O|Q,6,No,,Oyoqda harakatlanmoq,To move on foot,Easy,Harakatlar,Actions,6,No,2,8
WB-1047,UZ-0047,UZ,Uzbek,Latin,DOʻST,DO'ST,DO'ST,4,D|Oʻ|S|T,5,Yes,Oʻ,Ishonadigan yaqin kishi,A close person you trust,Easy,Odamlar,People,4,No,2,6
WB-1048,UZ-0048,UZ,Uzbek,Latin,FAYL,FAYL,FAYL,4,F|A|Y|L,4,No,,Kompyuterda saqlangan hujjat,A document saved on a computer,Easy,Texnologiya,Technology,4,No,2,6
WB-1049,UZ-0049,UZ,Uzbek,Latin,DARAXT,DARAXT,DARAXT,6,D|A|R|A|X|T,6,No,,Tanasi va shoxlari bor baland oʻsimlik,A tall plant with a trunk and branches,Easy,Tabiat,Nature,5,Yes,2,8
WB-1050,UZ-0050,UZ,Uzbek,Latin,ECHKI,ECHKI,ECHKI,4,E|CH|K|I,5,Yes,CH,"Shoxi bor, tepalikka chiqadigan hayvon",A horned animal that climbs,Easy,Hayvonlar,Animals,4,No,2,6
WB-1051,UZ-0051,UZ,Uzbek,Latin,SHAKAR,SHAKAR,SHAKAR,5,SH|A|K|A|R,6,Yes,SH,Choyga soladigan shirin oq kukun,Sweet white powder added to tea,Easy,Ovqat,Food,4,Yes,2,7
WB-1052,UZ-0052,UZ,Uzbek,Latin,STUL,STUL,STUL,4,S|T|U|L,4,No,,Oʻtirish uchun mebel,Furniture for sitting,Easy,Uy,Home,4,No,2,6
WB-1053,UZ-0053,UZ,Uzbek,Latin,KUYLAK,KUYLAK,KUYLAK,6,K|U|Y|L|A|K,6,No,,Ustki tanaga kiyiladigan yengli kiyim,A sleeved garment for the upper body,Easy,Kiyim,Clothing,5,Yes,2,8
WB-1054,UZ-0054,UZ,Uzbek,Latin,OGʻIZ,OG'IZ,OG'IZ,4,O|Gʻ|I|Z,5,Yes,Gʻ,Gapiradigan va ovqat yeydigan joy,Where you speak and eat,Easy,Tana,Body,4,No,2,6
WB-1055,UZ-0055,UZ,Uzbek,Latin,DOʻKON,DO'KON,DO'KON,5,D|Oʻ|K|O|N,6,Yes,Oʻ,Narsalar sotib olinadigan joy,A place where you buy things,Easy,Shahar,City,5,No,2,7
WB-1056,UZ-0056,UZ,Uzbek,Latin,QALAM,QALAM,QALAM,5,Q|A|L|A|M,5,No,,Yozish uchun yogʻoch asbob,A wooden tool for writing,Easy,Maktab,School,4,Yes,2,7
WB-1057,UZ-0057,UZ,Uzbek,Latin,BUGUN,BUGUN,BUGUN,5,B|U|G|U|N,5,No,,Hozirgi shu kun,This present day,Easy,Vaqt,Time,4,Yes,2,7
WB-1058,UZ-0058,UZ,Uzbek,Latin,RAHBAR,RAHBAR,RAHBAR,6,R|A|H|B|A|R,6,No,,Boshqalarni boshqaradigan kishi,A person who leads others,Easy,Ish,Work,4,Yes,2,8
WB-1059,UZ-0059,UZ,Uzbek,Latin,SARIQ,SARIQ,SARIQ,5,S|A|R|I|Q,5,No,,Limon rangi,The colour of a lemon,Easy,Ranglar,Colours,5,No,2,7
WB-1060,UZ-0060,UZ,Uzbek,Latin,KURASH,KURASH,KURASH,5,K|U|R|A|SH,6,Yes,SH,Uzbeklarning milliy olishuvi,The national Uzbek wrestling sport,Easy,Sport,Sport,5,No,2,7
WB-1061,UZ-0061,UZ,Uzbek,Latin,ESKI,ESKI,ESKI,4,E|S|K|I,4,No,,Uzoq vaqtdan beri mavjud,Existing for a long time,Easy,Sifatlar,Qualities,4,No,2,6
WB-1062,UZ-0062,UZ,Uzbek,Latin,UXLAMOQ,UXLAMOQ,UXLAMOQ,7,U|X|L|A|M|O|Q,7,No,,Koʻzni yumib dam olmoq,To rest with eyes closed,Easy,Harakatlar,Actions,7,No,2,9
WB-1063,UZ-0063,UZ,Uzbek,Latin,MEHMON,MEHMON,MEHMON,6,M|E|H|M|O|N,6,No,,Uyga taklif qilingan kishi,A person invited to the home,Easy,Odamlar,People,5,Yes,2,8
WB-1064,UZ-0064,UZ,Uzbek,Latin,TELEFON,TELEFON,TELEFON,7,T|E|L|E|F|O|N,7,No,,Uzoqdan gaplashish uchun asbob,A device for speaking from far away,Easy,Texnologiya,Technology,6,Yes,2,9
WB-1065,UZ-0065,UZ,Uzbek,Latin,BARG,BARG,BARG,4,B|A|R|G,4,No,,Oʻsimlikning yashil qismi,The green part of a plant,Easy,Tabiat,Nature,4,No,2,6
WB-1066,UZ-0066,UZ,Uzbek,Latin,TOVUQ,TOVUQ,TOVUQ,5,T|O|V|U|Q,5,No,,Tuxum qoʻyadigan uy parrandasi,A farm bird that lays eggs,Easy,Hayvonlar,Animals,5,No,2,7
WB-1067,UZ-0067,UZ,Uzbek,Latin,QAHVA,QAHVA,QAHVA,5,Q|A|H|V|A,5,No,,Uygʻotadigan issiq qora ichimlik,A hot dark drink that wakes you,Easy,Ovqat,Food,4,Yes,2,7
WB-1068,UZ-0068,UZ,Uzbek,Latin,SHIFT,SHIFT,SHIFT,4,SH|I|F|T,5,Yes,SH,Xonada tepamizdagi yuza,The surface above us in a room,Easy,Uy,Home,4,No,2,6
WB-1069,UZ-0069,UZ,Uzbek,Latin,ROʻMOL,RO'MOL,RO'MOL,5,R|Oʻ|M|O|L,6,Yes,Oʻ,Boshga oʻraladigan mato,Cloth wrapped around the head,Easy,Kiyim,Clothing,5,No,2,7
WB-1070,UZ-0070,UZ,Uzbek,Latin,YURAK,YURAK,YURAK,5,Y|U|R|A|K,5,No,,Koʻkrakda uradigan aʼzo,The organ beating in your chest,Easy,Tana,Body,5,No,2,7
WB-1071,UZ-0071,UZ,Uzbek,Latin,BANK,BANK,BANK,4,B|A|N|K,4,No,,Pul saqlanadigan muassasa,Where money is kept safe,Easy,Shahar,City,4,No,2,6
WB-1072,UZ-0072,UZ,Uzbek,Latin,HARF,HARF,HARF,4,H|A|R|F,4,No,,Alifbodagi bitta belgi,One sign of the alphabet,Easy,Maktab,School,4,No,2,6
WB-1073,UZ-0073,UZ,Uzbek,Latin,KECHA,KECHA,KECHA,4,K|E|CH|A,5,Yes,CH,Bugundan oldingi kun,The day before today,Easy,Vaqt,Time,4,No,2,6
WB-1074,UZ-0074,UZ,Uzbek,Latin,MAOSH,MAOSH,MAOSH,4,M|A|O|SH,5,Yes,SH,Ish uchun olinadigan pul,Money received for work,Easy,Ish,Work,4,No,2,6
WB-1075,UZ-0075,UZ,Uzbek,Latin,OLTIN,OLTIN,OLTIN,5,O|L|T|I|N,5,No,,Qimmatbaho sariq metall,A precious yellow metal,Easy,Ranglar,Colours,5,No,2,7
WB-1076,UZ-0076,UZ,Uzbek,Latin,GʻOLIB,G'OLIB,G'OLIB,5,Gʻ|O|L|I|B,6,Yes,Gʻ,Musobaqada birinchi chiqqan,The one who came first in a contest,Easy,Sport,Sport,5,No,2,7
WB-1077,UZ-0077,UZ,Uzbek,Latin,YAXSHI,YAXSHI,YAXSHI,5,Y|A|X|SH|I,6,Yes,SH,"Qanday boʻlishi kerak boʻlsa, shunday",As it should be,Easy,Sifatlar,Qualities,5,No,2,7
WB-1078,UZ-0078,UZ,Uzbek,Latin,ICHMOQ,ICHMOQ,ICHMOQ,5,I|CH|M|O|Q,6,Yes,CH,Suyuqlikni ogʻizga olmoq,To take liquid into the mouth,Easy,Harakatlar,Actions,5,No,2,7
WB-1079,UZ-0079,UZ,Uzbek,Latin,ODAM,ODAM,ODAM,4,O|D|A|M,4,No,,Bitta inson,One human being,Easy,Odamlar,People,4,No,2,6
WB-1080,UZ-0080,UZ,Uzbek,Latin,DARYO,DARYO,DARYO,5,D|A|R|Y|O,5,No,,Dengiz tomon oqadigan suv,Water flowing towards the sea,Easy,Tabiat,Nature,5,No,2,7
WB-1081,UZ-0081,UZ,Uzbek,Latin,AYIQ,AYIQ,AYIQ,4,A|Y|I|Q,4,No,,Qalin junli yirik yovvoyi hayvon,A large wild animal with thick fur,Easy,Hayvonlar,Animals,4,No,2,6
WB-1082,UZ-0082,UZ,Uzbek,Latin,OLMA,OLMA,OLMA,4,O|L|M|A,4,No,,Qizil yoki yashil dumaloq meva,A round red or green fruit,Easy,Ovqat,Food,4,No,2,6
WB-1083,UZ-0083,UZ,Uzbek,Latin,KALIT,KALIT,KALIT,5,K|A|L|I|T,5,No,,Qulfni ochadigan narsa,It opens a lock,Easy,Uy,Home,5,No,2,7
WB-1084,UZ-0084,UZ,Uzbek,Latin,QALPOQ,QALPOQ,QALPOQ,6,Q|A|L|P|O|Q,6,No,,Boshga kiyiladigan yumshoq narsa,A soft thing worn on the head,Easy,Kiyim,Clothing,5,Yes,2,8
WB-1085,UZ-0085,UZ,Uzbek,Latin,BARMOQ,BARMOQ,BARMOQ,6,B|A|R|M|O|Q,6,No,,Qoʻldagi beshta qismdan biri,One of five parts on the hand,Easy,Tana,Body,6,No,2,8
WB-1086,UZ-0086,UZ,Uzbek,Latin,MAYDON,MAYDON,MAYDON,6,M|A|Y|D|O|N,6,No,,Shahardagi keng ochiq joy,An open space in a city,Easy,Shahar,City,6,No,2,8
WB-1087,UZ-0087,UZ,Uzbek,Latin,RAQAM,RAQAM,RAQAM,5,R|A|Q|A|M,5,No,,Sanashda ishlatiladigan belgi,A sign used for counting,Easy,Maktab,School,4,Yes,2,7
WB-1088,UZ-0088,UZ,Uzbek,Latin,KUNDUZ,KUNDUZ,KUNDUZ,6,K|U|N|D|U|Z,6,No,,Yorugʻlik boʻlgan vaqt,The time when there is light,Easy,Vaqt,Time,5,Yes,2,8
WB-1089,UZ-0089,UZ,Uzbek,Latin,HISOB,HISOB,HISOB,5,H|I|S|O|B,5,No,,Toʻlanishi kerak boʻlgan yozuv,A record of what must be paid,Easy,Ish,Work,5,No,2,7
WB-1090,UZ-0090,UZ,Uzbek,Latin,KUMUSH,KUMUSH,KUMUSH,5,K|U|M|U|SH,6,Yes,SH,Yaltiroq oq qimmatbaho metall,A shiny white precious metal,Easy,Ranglar,Colours,4,Yes,2,7
WB-1091,UZ-0091,UZ,Uzbek,Latin,MASHQ,MASHQ,MASHQ,4,M|A|SH|Q,5,Yes,SH,Takrorlab bajariladigan harakat,A movement done repeatedly,Easy,Sport,Sport,4,No,2,6
WB-1092,UZ-0092,UZ,Uzbek,Latin,SOVUQ,SOVUQ,SOVUQ,5,S|O|V|U|Q,5,No,,Harorati past,Low in temperature,Easy,Sifatlar,Qualities,5,No,2,7
WB-1093,UZ-0093,UZ,Uzbek,Latin,SEVMOQ,SEVMOQ,SEVMOQ,6,S|E|V|M|O|Q,6,No,,Yuragida iliqlik sezmoq,To feel warmth in the heart,Easy,Harakatlar,Actions,6,No,2,8
WB-1094,UZ-0094,UZ,Uzbek,Latin,AYOL,AYOL,AYOL,4,A|Y|O|L,4,No,,Katta yoshli urgʻochi kishi,An adult female person,Easy,Odamlar,People,4,No,2,6
WB-1095,UZ-0095,UZ,Uzbek,Latin,DENGIZ,DENGIZ,DENGIZ,6,D|E|N|G|I|Z,6,No,,Juda katta sho'r suv havzasi,A very large body of salt water,Easy,Tabiat,Nature,6,No,2,8
WB-1096,UZ-0096,UZ,Uzbek,Latin,BOʻRI,BO'RI,BO'RI,4,B|Oʻ|R|I,5,Yes,Oʻ,Itga oʻxshash yovvoyi hayvon,A wild animal like a dog,Easy,Hayvonlar,Animals,4,No,2,6
WB-1097,UZ-0097,UZ,Uzbek,Latin,UZUM,UZUM,UZUM,4,U|Z|U|M,4,No,,Shingil boʻlib oʻsadigan kichik meva,A small fruit growing in bunches,Easy,Ovqat,Food,3,Yes,2,6
WB-1098,UZ-0098,UZ,Uzbek,Latin,CHIROQ,CHIROQ,CHIROQ,5,CH|I|R|O|Q,6,Yes,CH,Xonaga yorugʻlik beradi,It gives light in a room,Easy,Uy,Home,5,No,2,7
WB-1099,UZ-0099,UZ,Uzbek,Latin,PAYPOQ,PAYPOQ,PAYPOQ,6,P|A|Y|P|O|Q,6,No,,Oyoqqa kiyiladigan yupqa kiyim,Thin clothing worn on the feet,Easy,Kiyim,Clothing,5,Yes,2,8
WB-1100,UZ-0100,UZ,Uzbek,Latin,TIZZA,TIZZA,TIZZA,5,T|I|Z|Z|A,5,No,,Oyoqning oʻrtasidagi boʻgʻim,The joint in the middle of the leg,Easy,Tana,Body,4,Yes,2,7
WB-1101,UZ-0101,UZ,Uzbek,Latin,BEKAT,BEKAT,BEKAT,5,B|E|K|A|T,5,No,,Transport toʻxtaydigan joy,Where transport stops,Easy,Shahar,City,5,No,2,7
WB-1102,UZ-0102,UZ,Uzbek,Latin,QOGʻOZ,QOG'OZ,QOG'OZ,5,Q|O|Gʻ|O|Z,6,Yes,Gʻ,Ustiga yoziladigan yupqa material,Thin material you write on,Easy,Maktab,School,4,Yes,2,7
WB-1103,UZ-0103,UZ,Uzbek,Latin,SONIYA,SONIYA,SONIYA,6,S|O|N|I|Y|A,6,No,,Vaqtning eng qisqa oddiy boʻlagi,The shortest common piece of time,Easy,Vaqt,Time,6,No,2,8
WB-1104,UZ-0104,UZ,Uzbek,Latin,SOVGʻA,SOVG'A,SOVG'A,5,S|O|V|Gʻ|A,6,Yes,Gʻ,Bepul beriladigan narsa,Something given for free,Easy,Ish,Work,5,No,2,7
WB-1105,UZ-0105,UZ,Uzbek,Latin,PUSHTI,PUSHTI,PUSHTI,5,P|U|SH|T|I,6,Yes,SH,Och qizil tusdagi rang,A pale red shade,Easy,Ranglar,Colours,5,No,2,7
WB-1106,UZ-0106,UZ,Uzbek,Latin,HAKAM,HAKAM,HAKAM,5,H|A|K|A|M,5,No,,Qoidalarni nazorat qiluvchi,One who watches over the rules,Easy,Sport,Sport,4,Yes,2,7
WB-1107,UZ-0107,UZ,Uzbek,Latin,ISSIQ,ISSIQ,ISSIQ,5,I|S|S|I|Q,5,No,,Harorati baland,High in temperature,Easy,Sifatlar,Qualities,3,Yes,2,7
WB-1108,UZ-0108,UZ,Uzbek,Latin,KULMOQ,KULMOQ,KULMOQ,6,K|U|L|M|O|Q,6,No,,Xursandlikdan ovoz chiqarmoq,To make a sound from joy,Easy,Harakatlar,Actions,6,No,2,8
WB-1109,UZ-0109,UZ,Uzbek,Latin,QOʻSHNI,QO'SHNI,QO'SHNI,5,Q|Oʻ|SH|N|I,7,Yes,Oʻ|SH,Yonginamizda yashaydigan kishi,A person living right next to us,Easy,Odamlar,People,5,No,2,7
WB-1110,UZ-0110,UZ,Uzbek,Latin,OʻRMON,O'RMON,O'RMON,5,Oʻ|R|M|O|N,6,Yes,Oʻ,Daraxtlar koʻp boʻlgan keng joy,A large area full of trees,Easy,Tabiat,Nature,5,No,2,7
WB-1111,UZ-0111,UZ,Uzbek,Latin,TULKI,TULKI,TULKI,5,T|U|L|K|I,5,No,,Ayyor deb ataladigan qizgʻish hayvon,A reddish animal called clever,Easy,Hayvonlar,Animals,5,No,2,7
WB-1112,UZ-0112,UZ,Uzbek,Latin,ANOR,ANOR,ANOR,4,A|N|O|R,4,No,,Ichida qizil donalari bor meva,A fruit with red seeds inside,Easy,Ovqat,Food,4,No,2,6
WB-1113,UZ-0113,UZ,Uzbek,Latin,SOAT,SOAT,SOAT,4,S|O|A|T,4,No,,Vaqtni koʻrsatadi,It shows the time,Easy,Uy,Home,4,No,2,6
WB-1114,UZ-0114,UZ,Uzbek,Latin,KOʻYLAK,KO'YLAK,KO'YLAK,6,K|Oʻ|Y|L|A|K,7,Yes,Oʻ,Bir boʻlak boʻlgan ayollar kiyimi,A one-piece garment for women,Easy,Kiyim,Clothing,5,Yes,2,8
WB-1115,UZ-0115,UZ,Uzbek,Latin,YELKA,YELKA,YELKA,5,Y|E|L|K|A,5,No,,Boʻyin bilan qoʻl orasidagi qism,The part between neck and arm,Easy,Tana,Body,5,No,2,7
WB-1116,UZ-0116,UZ,Uzbek,Latin,MUZEY,MUZEY,MUZEY,5,M|U|Z|E|Y,5,No,,Qadimiy buyumlar saqlanadigan bino,A building keeping old objects,Easy,Shahar,City,5,No,2,7
WB-1117,UZ-0117,UZ,Uzbek,Latin,DARS,DARS,DARS,4,D|A|R|S,4,No,,Maktabdagi oʻqitish vaqti,A period of teaching at school,Easy,Maktab,School,4,No,2,6
WB-1118,UZ-0118,UZ,Uzbek,Latin,FASL,FASL,FASL,4,F|A|S|L,4,No,,Yilning toʻrtdan bir qismi,One quarter of the year,Easy,Vaqt,Time,4,No,2,6
WB-1119,UZ-0119,UZ,Uzbek,Latin,KULRANG,KULRANG,KULRANG,7,K|U|L|R|A|N|G,7,No,,Oq bilan qora orasidagi tus,A shade between white and black,Easy,Ranglar,Colours,7,No,2,9
WB-1120,UZ-0120,UZ,Uzbek,Latin,SEKIN,SEKIN,SEKIN,5,S|E|K|I|N,5,No,,Asta harakatlanadigan,Moving slowly,Easy,Sifatlar,Qualities,5,No,2,7
WB-1121,UZ-0121,UZ,Uzbek,Latin,KOʻRMOQ,KO'RMOQ,KO'RMOQ,6,K|Oʻ|R|M|O|Q,7,Yes,Oʻ,Koʻz bilan sezmoq,To sense with the eyes,Easy,Harakatlar,Actions,6,No,2,8
WB-1122,UZ-0122,UZ,Uzbek,Latin,USTOZ,USTOZ,USTOZ,5,U|S|T|O|Z,5,No,,Bilim beradigan kishi,A person who gives knowledge,Easy,Odamlar,People,5,No,2,7
WB-1123,UZ-0123,UZ,Uzbek,Latin,DALA,DALA,DALA,4,D|A|L|A,4,No,,Ekin ekiladigan ochiq yer,Open land where crops grow,Easy,Tabiat,Nature,3,Yes,2,6
WB-1124,UZ-0124,UZ,Uzbek,Latin,QUYON,QUYON,QUYON,5,Q|U|Y|O|N,5,No,,"Uzun quloqli, sakraydigan hayvon",A jumping animal with long ears,Easy,Hayvonlar,Animals,5,No,2,7
WB-1125,UZ-0125,UZ,Uzbek,Latin,QOVUN,QOVUN,QOVUN,5,Q|O|V|U|N,5,No,,"Shirin, sargʻish yirik meva",A sweet large yellow fruit,Easy,Ovqat,Food,5,No,2,7
WB-1126,UZ-0126,UZ,Uzbek,Latin,OYNA,OYNA,OYNA,4,O|Y|N|A,4,No,,Oʻzimizni koʻradigan yuza,A surface where you see yourself,Easy,Uy,Home,4,No,2,6
WB-1127,UZ-0127,UZ,Uzbek,Latin,TUGMA,TUGMA,TUGMA,5,T|U|G|M|A,5,No,,Kiyimni yopadigan kichik dumaloq,A small round thing that closes clothing,Easy,Kiyim,Clothing,5,No,2,7
WB-1128,UZ-0128,UZ,Uzbek,Latin,QORIN,QORIN,QORIN,5,Q|O|R|I|N,5,No,,Koʻkrakdan pastdagi tana qismi,The body part below the chest,Easy,Tana,Body,5,No,2,7
WB-1129,UZ-0129,UZ,Uzbek,Latin,MASJID,MASJID,MASJID,6,M|A|S|J|I|D,6,No,,Namoz oʻqiladigan bino,A building where people pray,Easy,Shahar,City,6,No,2,8
WB-1130,UZ-0130,UZ,Uzbek,Latin,SAVOL,SAVOL,SAVOL,5,S|A|V|O|L,5,No,,Javob kutiladigan gap,A sentence expecting an answer,Easy,Maktab,School,5,No,2,7
WB-1131,UZ-0131,UZ,Uzbek,Latin,KUCHLI,KUCHLI,KUCHLI,5,K|U|CH|L|I,6,Yes,CH,Quvvati koʻp,Having great power,Easy,Sifatlar,Qualities,5,No,2,7
WB-1132,UZ-0132,UZ,Uzbek,Latin,BERMOQ,BERMOQ,BERMOQ,6,B|E|R|M|O|Q,6,No,,Boshqaga uzatmoq,To hand over to another,Easy,Harakatlar,Actions,6,No,2,8
WB-1133,UZ-0133,UZ,Uzbek,Latin,YOMGʻIR,YOMG'IR,YOMG'IR,6,Y|O|M|Gʻ|I|R,7,Yes,Gʻ,Bulutdan tushadigan suv,Water falling from clouds,Easy,Tabiat,Nature,6,No,2,8
WB-1134,UZ-0134,UZ,Uzbek,Latin,ILON,ILON,ILON,4,I|L|O|N,4,No,,Oyogʻi yoʻq uzun jonivor,A long creature with no legs,Easy,Hayvonlar,Animals,4,No,2,6
WB-1135,UZ-0135,UZ,Uzbek,Latin,SABZI,SABZI,SABZI,5,S|A|B|Z|I,5,No,,Uzun sargʻish ildizmeva,A long orange root vegetable,Easy,Ovqat,Food,5,No,2,7
WB-1136,UZ-0136,UZ,Uzbek,Latin,QOSHIQ,QOSHIQ,QOSHIQ,5,Q|O|SH|I|Q,6,Yes,SH,Shoʻrva ichadigan asbob,A tool for eating soup,Easy,Uy,Home,4,Yes,2,7
WB-1137,UZ-0137,UZ,Uzbek,Latin,TOMOQ,TOMOQ,TOMOQ,5,T|O|M|O|Q,5,No,,Ogʻizning orqasidagi yoʻl,The passage behind the mouth,Easy,Tana,Body,4,Yes,2,7
WB-1138,UZ-0138,UZ,Uzbek,Latin,CHIPTA,CHIPTA,CHIPTA,5,CH|I|P|T|A,6,Yes,CH,Yoʻlga huquq beradigan qogʻoz,Paper giving the right to travel,Easy,Shahar,City,5,No,2,7
WB-1139,UZ-0139,UZ,Uzbek,Latin,TARIX,TARIX,TARIX,5,T|A|R|I|X,5,No,,Oʻtmishda boʻlgan voqealar ilmi,The study of past events,Easy,Maktab,School,5,No,2,7
WB-1140,UZ-0140,UZ,Uzbek,Latin,JIMJIT,JIMJIT,JIMJIT,6,J|I|M|J|I|T,6,No,,Ovoz chiqmaydigan,Making no sound,Easy,Sifatlar,Qualities,4,Yes,2,8
WB-1141,UZ-0141,UZ,Uzbek,Latin,OLMOQ,OLMOQ,OLMOQ,5,O|L|M|O|Q,5,No,,Oʻziga qabul qilmoq,To take for oneself,Easy,Harakatlar,Actions,4,Yes,2,7
WB-1142,UZ-0142,UZ,Uzbek,Latin,SHAMOL,SHAMOL,SHAMOL,5,SH|A|M|O|L,6,Yes,SH,Harakatdagi havo,Moving air,Easy,Tabiat,Nature,5,No,2,7
WB-1143,UZ-0143,UZ,Uzbek,Latin,BAQA,BAQA,BAQA,4,B|A|Q|A,4,No,,Koʻlmakda yashovchi kichik jonivor,A small creature living in a pond,Easy,Hayvonlar,Animals,3,Yes,2,6
WB-1144,UZ-0144,UZ,Uzbek,Latin,PIYOZ,PIYOZ,PIYOZ,5,P|I|Y|O|Z,5,No,,Koʻzni yoshlantiradigan sabzavot,A vegetable that makes eyes water,Easy,Ovqat,Food,5,No,2,7
WB-1145,UZ-0145,UZ,Uzbek,Latin,PICHOQ,PICHOQ,PICHOQ,5,P|I|CH|O|Q,6,Yes,CH,Kesish uchun oʻtkir asbob,A sharp tool for cutting,Easy,Uy,Home,5,No,2,7
WB-1146,UZ-0146,UZ,Uzbek,Latin,KASAL,KASAL,KASAL,5,K|A|S|A|L,5,No,,Sogʻligʻi yaxshi boʻlmagan kishi,A person who is not well,Easy,Tana,Body,4,Yes,2,7
WB-1147,UZ-0147,UZ,Uzbek,Latin,KOʻPRIK,KO'PRIK,KO'PRIK,6,K|Oʻ|P|R|I|K,7,Yes,Oʻ,Daryo ustidan oʻtish uchun qurilma,A structure for crossing a river,Easy,Shahar,City,5,Yes,2,8
WB-1148,UZ-0148,UZ,Uzbek,Latin,SINF,SINF,SINF,4,S|I|N|F,4,No,,Oʻquvchilar yigʻiladigan xona,The room where pupils gather,Easy,Maktab,School,4,No,2,6
WB-1149,UZ-0149,UZ,Uzbek,Latin,UZUN,UZUN,UZUN,4,U|Z|U|N,4,No,,Boʻyi katta,Great in length,Easy,Sifatlar,Qualities,3,Yes,2,6
WB-1150,UZ-0150,UZ,Uzbek,Latin,SOTMOQ,SOTMOQ,SOTMOQ,6,S|O|T|M|O|Q,6,No,,Pulga ayirboshlamoq,To exchange for money,Easy,Harakatlar,Actions,5,Yes,2,8
WB-1151,UZ-0151,UZ,Uzbek,Latin,BULUT,BULUT,BULUT,5,B|U|L|U|T,5,No,,Osmonda suzib yuruvchi oq shakl,A white shape floating in the sky,Easy,Tabiat,Nature,4,Yes,2,7
WB-1152,UZ-0152,UZ,Uzbek,Latin,TUYA,TUYA,TUYA,4,T|U|Y|A,4,No,,"Choʻlda yuradigan, oʻrkachli hayvon",A humped desert animal,Easy,Hayvonlar,Animals,4,No,2,6
WB-1153,UZ-0153,UZ,Uzbek,Latin,ASAL,ASAL,ASAL,4,A|S|A|L,4,No,,Ari tayyorlaydigan shirin modda,A sweet food made by bees,Easy,Ovqat,Food,3,Yes,2,6
WB-1154,UZ-0154,UZ,Uzbek,Latin,SOCHIQ,SOCHIQ,SOCHIQ,5,S|O|CH|I|Q,6,Yes,CH,Yuvingandan keyin artinadigan mato,Cloth for drying after washing,Easy,Uy,Home,5,No,2,7
WB-1155,UZ-0155,UZ,Uzbek,Latin,DORI,DORI,DORI,4,D|O|R|I,4,No,,Kasallikda ichiladigan vosita,What you take when ill,Easy,Tana,Body,4,No,2,6
WB-1156,UZ-0156,UZ,Uzbek,Latin,YOʻLAK,YO'LAK,YO'LAK,5,Y|Oʻ|L|A|K,6,Yes,Oʻ,Piyodalar yuradigan tor yoʻl,A narrow path for people on foot,Easy,Shahar,City,5,No,2,7
WB-1157,UZ-0157,UZ,Uzbek,Latin,JAVOB,JAVOB,JAVOB,5,J|A|V|O|B,5,No,,Savoldan keyin aytiladigan gap,What is said after a question,Easy,Maktab,School,5,No,2,7
WB-1158,UZ-0158,UZ,Uzbek,Latin,QISQA,QISQA,QISQA,5,Q|I|S|Q|A,5,No,,Boʻyi kam,Not long,Easy,Sifatlar,Qualities,4,Yes,2,7
WB-1159,UZ-0159,UZ,Uzbek,Latin,ISHLAMOQ,ISHLAMOQ,ISHLAMOQ,7,I|SH|L|A|M|O|Q,8,Yes,SH,Mehnat qilib pul topmoq,To labour and earn money,Easy,Harakatlar,Actions,7,No,2,9
WB-1160,UZ-0160,UZ,Uzbek,Latin,OLOV,OLOV,OLOV,4,O|L|O|V,4,No,,Yonayotgan issiq alanga,Hot burning flames,Easy,Tabiat,Nature,3,Yes,2,6
WB-1161,UZ-0161,UZ,Uzbek,Latin,ESHAK,ESHAK,ESHAK,4,E|SH|A|K,5,Yes,SH,Yuk tashiydigan uzun quloqli hayvon,A long-eared animal that carries loads,Easy,Hayvonlar,Animals,4,No,2,6
WB-1162,UZ-0162,UZ,Uzbek,Latin,KABOB,KABOB,KABOB,5,K|A|B|O|B,5,No,,Olovda pishiriladigan goʻshtli taom,Meat cooked over fire,Easy,Ovqat,Food,4,Yes,2,7
WB-1163,UZ-0163,UZ,Uzbek,Latin,SOVUN,SOVUN,SOVUN,5,S|O|V|U|N,5,No,,Qoʻl yuvishda ishlatiladi,Used for washing hands,Easy,Uy,Home,5,No,2,7
WB-1164,UZ-0164,UZ,Uzbek,Latin,PESHANA,PESHANA,PESHANA,6,P|E|SH|A|N|A,7,Yes,SH,Koʻzlar ustidagi yuz qismi,The part of the face above the eyes,Easy,Tana,Body,5,Yes,2,8
WB-1165,UZ-0165,UZ,Uzbek,Latin,BINO,BINO,BINO,4,B|I|N|O,4,No,,Odamlar ishlaydigan qurilma,A structure where people work,Easy,Shahar,City,4,No,2,6
WB-1166,UZ-0166,UZ,Uzbek,Latin,BAHO,BAHO,BAHO,4,B|A|H|O,4,No,,Oʻqishdagi natija belgisi,A mark showing study results,Easy,Maktab,School,4,No,2,6
WB-1167,UZ-0167,UZ,Uzbek,Latin,OSON,OSON,OSON,4,O|S|O|N,4,No,,Qiyinchilik tugʻdirmaydigan,Not difficult,Easy,Sifatlar,Qualities,3,Yes,2,6
WB-1168,UZ-0168,UZ,Uzbek,Latin,SANAMOQ,SANAMOQ,SANAMOQ,7,S|A|N|A|M|O|Q,7,No,,Sonlarni ketma-ket aytmoq,To say numbers in order,Easy,Harakatlar,Actions,6,Yes,2,9
WB-1169,UZ-0169,UZ,Uzbek,Latin,OROL,OROL,OROL,4,O|R|O|L,4,No,,Atrofi suv bilan oʻralgan quruqlik,Land surrounded by water,Easy,Tabiat,Nature,3,Yes,2,6
WB-1170,UZ-0170,UZ,Uzbek,Latin,TOʻTI,TO'TI,TO'TI,4,T|Oʻ|T|I,5,Yes,Oʻ,Gapni takrorlaydigan rangli qush,A colourful bird that copies speech,Easy,Hayvonlar,Animals,3,Yes,2,6
WB-1171,UZ-0171,UZ,Uzbek,Latin,SOMSA,SOMSA,SOMSA,5,S|O|M|S|A,5,No,,Tandirda pishiriladigan xamirli taom,A pastry baked in a tandoor,Easy,Ovqat,Food,4,Yes,2,7
WB-1172,UZ-0172,UZ,Uzbek,Latin,GILAM,GILAM,GILAM,5,G|I|L|A|M,5,No,,Polga toʻshaladigan qalin mato,Thick material laid on the floor,Easy,Uy,Home,5,No,2,7
WB-1173,UZ-0173,UZ,Uzbek,Latin,TIRSAK,TIRSAK,TIRSAK,6,T|I|R|S|A|K,6,No,,Qoʻlning oʻrtasidagi boʻgʻim,The joint in the middle of the arm,Easy,Tana,Body,6,No,2,8
WB-1174,UZ-0174,UZ,Uzbek,Latin,BOGʻCHA,BOG'CHA,BOG'CHA,5,B|O|Gʻ|CH|A,7,Yes,Gʻ|CH,Kichik bolalar qoladigan joy,A place where small children stay,Easy,Shahar,City,5,No,2,7
WB-1175,UZ-0175,UZ,Uzbek,Latin,XARITA,XARITA,XARITA,6,X|A|R|I|T|A,6,No,,Yerning tekis tasviri,A flat picture of the land,Easy,Maktab,School,5,Yes,2,8
WB-1176,UZ-0176,UZ,Uzbek,Latin,QIYIN,QIYIN,QIYIN,5,Q|I|Y|I|N,5,No,,Bajarish mushkul boʻlgan,Hard to do,Easy,Sifatlar,Qualities,4,Yes,2,7
WB-1177,UZ-0177,UZ,Uzbek,Latin,KUTMOQ,KUTMOQ,KUTMOQ,6,K|U|T|M|O|Q,6,No,,Vaqt oʻtishiga chidamoq,To endure the passing of time,Easy,Harakatlar,Actions,6,No,2,8
WB-1178,UZ-0178,UZ,Uzbek,Latin,SAHRO,SAHRO,SAHRO,5,S|A|H|R|O,5,No,,Yomgʻir kam yogʻadigan quruq joy,A dry place with little rain,Easy,Tabiat,Nature,5,No,2,7
WB-1179,UZ-0179,UZ,Uzbek,Latin,CHUMOLI,CHUMOLI,CHUMOLI,6,CH|U|M|O|L|I,7,Yes,CH,Yerda yashaydigan mayda hasharot,A tiny insect living in the ground,Easy,Hayvonlar,Animals,6,No,2,8
WB-1180,UZ-0180,UZ,Uzbek,Latin,MANTI,MANTI,MANTI,5,M|A|N|T|I,5,No,,Bugʻda pishiriladigan xamirli taom,A dough dish cooked in steam,Easy,Ovqat,Food,5,No,2,7
WB-1181,UZ-0181,UZ,Uzbek,Latin,IQLIM,IQLIM,IQLIM,5,I|Q|L|I|M,5,No,,Joyning uzoq yillik ob-havo tartibi,The long-term weather pattern of a place,Medium,Tabiat,Nature,4,Yes,3,8
WB-1182,UZ-0182,UZ,Uzbek,Latin,LAYLAK,LAYLAK,LAYLAK,6,L|A|Y|L|A|K,6,No,,"Uzun oyoqli, uchib ketadigan katta qush",A big long-legged bird that migrates,Medium,Hayvonlar,Animals,4,Yes,3,9
WB-1183,UZ-0183,UZ,Uzbek,Latin,ZIRAVOR,ZIRAVOR,ZIRAVOR,7,Z|I|R|A|V|O|R,7,No,,Taomga hid va taʼm qoʻshadigan modda,A substance adding scent and taste to food,Medium,Ovqat,Food,6,Yes,3,10
WB-1184,UZ-0184,UZ,Uzbek,Latin,PARDA,PARDA,PARDA,5,P|A|R|D|A,5,No,,Derazani yopadigan osilgan mato,Hanging cloth that covers a window,Medium,Uy,Home,4,Yes,3,8
WB-1185,UZ-0185,UZ,Uzbek,Latin,MAHALLA,MAHALLA,MAHALLA,7,M|A|H|A|L|L|A,7,No,,Qoʻshnilar birlashgan kichik hudud,A small district where neighbours unite,Medium,Shahar,City,4,Yes,3,10
WB-1186,UZ-0186,UZ,Uzbek,Latin,DAROMAD,DAROMAD,DAROMAD,7,D|A|R|O|M|A|D,7,No,,Ishdan keladigan pul oqimi,The flow of money coming from work,Medium,Ish,Work,5,Yes,3,10
WB-1187,UZ-0187,UZ,Uzbek,Latin,DASTUR,DASTUR,DASTUR,6,D|A|S|T|U|R,6,No,,Qurilmaga vazifa beruvchi buyruqlar,Commands that give a device its task,Medium,Texnologiya,Technology,6,No,3,9
WB-1188,UZ-0188,UZ,Uzbek,Latin,ILMIY,ILMIY,ILMIY,5,I|L|M|I|Y,5,No,,Tekshirilgan bilimga asoslangan,Based on tested knowledge,Medium,Maktab,School,4,Yes,3,8
WB-1189,UZ-0189,UZ,Uzbek,Latin,BOBO,BOBO,BOBO,4,B|O|B|O,4,No,,Otaning yoki onaning otasi,The father of a father or mother,Medium,Odamlar,People,2,Yes,3,7
WB-1190,UZ-0190,UZ,Uzbek,Latin,CHUQUR,CHUQUR,CHUQUR,5,CH|U|Q|U|R,6,Yes,CH,Ustidan tubiga uzoq boʻlgan,Having a long way from top to bottom,Medium,Sifatlar,Qualities,4,Yes,3,8
WB-1191,UZ-0191,UZ,Uzbek,Latin,QURMOQ,QURMOQ,QURMOQ,6,Q|U|R|M|O|Q,6,No,,Yangi bino paydo qilmoq,To bring a new building into being,Medium,Harakatlar,Actions,5,Yes,3,9
WB-1192,UZ-0192,UZ,Uzbek,Latin,DAVR,DAVR,DAVR,4,D|A|V|R,4,No,,Tarixning ajratilgan boʻlagi,A marked-off piece of history,Medium,Vaqt,Time,4,No,3,7
WB-1193,UZ-0193,UZ,Uzbek,Latin,JAMOA,JAMOA,JAMOA,5,J|A|M|O|A,5,No,,Birga oʻynaydigan sportchilar guruhi,A group of players competing together,Medium,Sport,Sport,4,Yes,3,8
WB-1194,UZ-0194,UZ,Uzbek,Latin,CHOPON,CHOPON,CHOPON,5,CH|O|P|O|N,6,Yes,CH,Ustdan kiyiladigan milliy toʻn,A national robe worn over clothes,Medium,Kiyim,Clothing,4,Yes,3,8
WB-1195,UZ-0195,UZ,Uzbek,Latin,TUMAN,TUMAN,TUMAN,5,T|U|M|A|N,5,No,,Koʻrishni toʻsadigan quyuq nam havo,Thick damp air that blocks the view,Medium,Tabiat,Nature,5,No,3,8
WB-1196,UZ-0196,UZ,Uzbek,Latin,BURGUT,BURGUT,BURGUT,6,B|U|R|G|U|T,6,No,,Baland uchadigan yirik yirtqich qush,A large bird of prey that flies high,Medium,Hayvonlar,Animals,5,Yes,3,9
WB-1197,UZ-0197,UZ,Uzbek,Latin,XAMIR,XAMIR,XAMIR,5,X|A|M|I|R,5,No,,Un va suvdan qorilgan massa,A mass kneaded from flour and water,Medium,Ovqat,Food,5,No,3,8
WB-1198,UZ-0198,UZ,Uzbek,Latin,YOSTIQ,YOSTIQ,YOSTIQ,6,Y|O|S|T|I|Q,6,No,,Boshni qoʻyish uchun yumshoq narsa,A soft thing for resting the head,Medium,Uy,Home,6,No,3,9
WB-1199,UZ-0199,UZ,Uzbek,Latin,METRO,METRO,METRO,5,M|E|T|R|O,5,No,,Yer ostida yuruvchi shahar transporti,City transport running underground,Medium,Shahar,City,5,No,3,8
WB-1200,UZ-0200,UZ,Uzbek,Latin,XARAJAT,XARAJAT,XARAJAT,7,X|A|R|A|J|A|T,7,No,,Sarflangan pul miqdori,The amount of money spent,Medium,Ish,Work,5,Yes,3,10
WB-1201,UZ-0201,UZ,Uzbek,Latin,TARMOQ,TARMOQ,TARMOQ,6,T|A|R|M|O|Q,6,No,,Qurilmalarni bogʻlovchi tizim,A system linking devices together,Medium,Texnologiya,Technology,6,No,3,9
WB-1202,UZ-0202,UZ,Uzbek,Latin,TAJRIBA,TAJRIBA,TAJRIBA,7,T|A|J|R|I|B|A,7,No,,Haqiqatni tekshirish uchun sinov,A test carried out to check a truth,Medium,Maktab,School,6,Yes,3,10
WB-1203,UZ-0203,UZ,Uzbek,Latin,BUVI,BUVI,BUVI,4,B|U|V|I,4,No,,Otaning yoki onaning onasi,The mother of a father or mother,Medium,Odamlar,People,4,No,3,7
WB-1204,UZ-0204,UZ,Uzbek,Latin,SAYOZ,SAYOZ,SAYOZ,5,S|A|Y|O|Z,5,No,,Tubi yaqin boʻlgan suv,Water whose bottom is near,Medium,Sifatlar,Qualities,5,No,3,8
WB-1205,UZ-0205,UZ,Uzbek,Latin,BUZMOQ,BUZMOQ,BUZMOQ,6,B|U|Z|M|O|Q,6,No,,Butunni yaroqsiz holga keltirmoq,To render a whole thing unusable,Medium,Harakatlar,Actions,6,No,3,9
WB-1206,UZ-0206,UZ,Uzbek,Latin,MUDDAT,MUDDAT,MUDDAT,6,M|U|D|D|A|T,6,No,,Bajarish uchun berilgan vaqt,The time given to complete something,Medium,Vaqt,Time,5,Yes,3,9
WB-1207,UZ-0207,UZ,Uzbek,Latin,NATIJA,NATIJA,NATIJA,6,N|A|T|I|J|A,6,No,,Oʻyin oxiridagi son,The number at the end of a match,Medium,Sport,Sport,5,Yes,3,9
WB-1208,UZ-0208,UZ,Uzbek,Latin,DOʻPPI,DO'PPI,DO'PPI,5,D|Oʻ|P|P|I,6,Yes,Oʻ,Uzbeklarning tikilgan milliy boshkiyimi,The embroidered Uzbek national headwear,Medium,Kiyim,Clothing,4,Yes,3,8
WB-1209,UZ-0209,UZ,Uzbek,Latin,SHUDRING,SHUDRING,SHUDRING,7,SH|U|D|R|I|N|G,8,Yes,SH,Ertalab oʻtlarda paydo boʻlgan tomchilar,Drops appearing on grass in the morning,Medium,Tabiat,Nature,7,No,3,10
WB-1210,UZ-0210,UZ,Uzbek,Latin,CHUMCHUQ,CHUMCHUQ,CHUMCHUQ,6,CH|U|M|CH|U|Q,8,Yes,CH|CH,Shaharda koʻp uchraydigan mayda qush,A tiny bird common in cities,Medium,Hayvonlar,Animals,4,Yes,3,9
WB-1211,UZ-0211,UZ,Uzbek,Latin,TANDIR,TANDIR,TANDIR,6,T|A|N|D|I|R,6,No,,Non yopiladigan loy oʻchoq,A clay oven where bread is baked,Medium,Ovqat,Food,6,No,3,9
WB-1212,UZ-0212,UZ,Uzbek,Latin,KOʻRPA,KO'RPA,KO'RPA,5,K|Oʻ|R|P|A,6,Yes,Oʻ,Uxlaganda ustga yopiladigan qalin narsa,A thick cover put over you when sleeping,Medium,Uy,Home,5,No,3,8
WB-1213,UZ-0213,UZ,Uzbek,Latin,QATNOV,QATNOV,QATNOV,6,Q|A|T|N|O|V,6,No,,Transportning borib-kelishi,The going and coming of transport,Medium,Shahar,City,6,No,3,9
WB-1214,UZ-0214,UZ,Uzbek,Latin,FOYDA,FOYDA,FOYDA,5,F|O|Y|D|A,5,No,,Daromaddan xarajat ayirilgandan qolgan,What remains after costs are taken away,Medium,Ish,Work,5,No,3,8
WB-1215,UZ-0215,UZ,Uzbek,Latin,QURILMA,QURILMA,QURILMA,7,Q|U|R|I|L|M|A,7,No,,Vazifa bajaradigan texnik buyum,A technical object that performs a task,Medium,Texnologiya,Technology,7,No,3,10
WB-1216,UZ-0216,UZ,Uzbek,Latin,QOIDA,QOIDA,QOIDA,5,Q|O|I|D|A,5,No,,Amal qilinishi kerak boʻlgan tartib,An order that must be followed,Medium,Maktab,School,5,No,3,8
WB-1217,UZ-0217,UZ,Uzbek,Latin,JIYAN,JIYAN,JIYAN,5,J|I|Y|A|N,5,No,,Aka yoki opaning farzandi,The child of a brother or sister,Medium,Odamlar,People,5,No,3,8
WB-1218,UZ-0218,UZ,Uzbek,Latin,SILLIQ,SILLIQ,SILLIQ,6,S|I|L|L|I|Q,6,No,,Qoʻl tekkizganda gʻadir-budursiz,Without roughness to the touch,Medium,Sifatlar,Qualities,4,Yes,3,9
WB-1219,UZ-0219,UZ,Uzbek,Latin,OʻLCHAMOQ,O'LCHAMOQ,O'LCHAMOQ,7,Oʻ|L|CH|A|M|O|Q,9,Yes,Oʻ|CH,Miqdorini aniqlamoq,To determine the amount of something,Medium,Harakatlar,Actions,7,No,3,10
WB-1220,UZ-0220,UZ,Uzbek,Latin,TONG,TONG,TONG,4,T|O|N|G,4,No,,Kun yorishayotgan payt,The moment when day is breaking,Medium,Vaqt,Time,4,No,3,7
WB-1221,UZ-0221,UZ,Uzbek,Latin,ZARBA,ZARBA,ZARBA,5,Z|A|R|B|A,5,No,,Kuch bilan tegizilgan harakat,A movement made with force,Medium,Sport,Sport,4,Yes,3,8
WB-1222,UZ-0222,UZ,Uzbek,Latin,ATLAS,ATLAS,ATLAS,5,A|T|L|A|S,5,No,,"Yaltiroq, rangli milliy ipak mato",A shiny colourful national silk cloth,Medium,Kiyim,Clothing,4,Yes,3,8
WB-1223,UZ-0223,UZ,Uzbek,Latin,CHAQMOQ,CHAQMOQ,CHAQMOQ,6,CH|A|Q|M|O|Q,7,Yes,CH,Bulutdan yalt etib oʻtadigan yorugʻlik,A flash of light darting from a cloud,Medium,Tabiat,Nature,5,Yes,3,9
WB-1224,UZ-0224,UZ,Uzbek,Latin,KABUTAR,KABUTAR,KABUTAR,7,K|A|B|U|T|A|R,7,No,,Maydonlarda don yigʻadigan qush,A bird that gathers grain in squares,Medium,Hayvonlar,Animals,6,Yes,3,10
WB-1225,UZ-0225,UZ,Uzbek,Latin,PATIR,PATIR,PATIR,5,P|A|T|I|R,5,No,,"Qatlamli, yumshoq milliy non",A layered soft national bread,Medium,Ovqat,Food,5,No,3,8
WB-1226,UZ-0226,UZ,Uzbek,Latin,JOʻMRAK,JO'MRAK,JO'MRAK,6,J|Oʻ|M|R|A|K,7,Yes,Oʻ,Suvni ochib-yopadigan qurilma,A device that turns water on and off,Medium,Uy,Home,6,No,3,9
WB-1227,UZ-0227,UZ,Uzbek,Latin,PIYODA,PIYODA,PIYODA,6,P|I|Y|O|D|A,6,No,,Oyoqda yuradigan yoʻl foydalanuvchisi,A road user travelling on foot,Medium,Shahar,City,6,No,3,9
WB-1228,UZ-0228,UZ,Uzbek,Latin,ZARAR,ZARAR,ZARAR,5,Z|A|R|A|R,5,No,,"Foydaning teskarisi, pul yoʻqotish","The opposite of gain, losing money",Medium,Ish,Work,3,Yes,3,8
WB-1229,UZ-0229,UZ,Uzbek,Latin,BOSMA,BOSMA,BOSMA,5,B|O|S|M|A,5,No,,Qogʻozga tushirilgan nusxa,A copy put onto paper,Medium,Texnologiya,Technology,5,No,3,8
WB-1230,UZ-0230,UZ,Uzbek,Latin,MISOL,MISOL,MISOL,5,M|I|S|O|L,5,No,,Tushuntirish uchun keltirilgan holat,A case brought to explain something,Medium,Maktab,School,5,No,3,8
WB-1231,UZ-0231,UZ,Uzbek,Latin,KUYOV,KUYOV,KUYOV,5,K|U|Y|O|V,5,No,,Toʻyda uylanayotgan erkak,The man marrying at a wedding,Medium,Odamlar,People,5,No,3,8
WB-1232,UZ-0232,UZ,Uzbek,Latin,QALIN,QALIN,QALIN,5,Q|A|L|I|N,5,No,,Ikki yuzasi orasi keng,Wide between its two surfaces,Medium,Sifatlar,Qualities,5,No,3,8
WB-1233,UZ-0233,UZ,Uzbek,Latin,YIGʻMOQ,YIG'MOQ,YIG'MOQ,6,Y|I|Gʻ|M|O|Q,7,Yes,Gʻ,Tarqoqni bir joyga keltirmoq,To bring scattered things into one place,Medium,Harakatlar,Actions,6,No,3,9
WB-1234,UZ-0234,UZ,Uzbek,Latin,NAVBAT,NAVBAT,NAVBAT,6,N|A|V|B|A|T,6,No,,Kutib turib keladigan oʻrin,A place that comes after waiting,Medium,Vaqt,Time,5,Yes,3,9
WB-1235,UZ-0235,UZ,Uzbek,Latin,ADRAS,ADRAS,ADRAS,5,A|D|R|A|S,5,No,,Ipak va paxtadan toʻqilgan mato,Cloth woven from silk and cotton,Medium,Kiyim,Clothing,4,Yes,3,8
WB-1236,UZ-0236,UZ,Uzbek,Latin,ZILZILA,ZILZILA,ZILZILA,7,Z|I|L|Z|I|L|A,7,No,,Yerning kuchli tebranishi,A powerful shaking of the ground,Medium,Tabiat,Nature,4,Yes,3,10
WB-1237,UZ-0237,UZ,Uzbek,Latin,BEDANA,BEDANA,BEDANA,6,B|E|D|A|N|A,6,No,,"Kichik, semiz, past uchadigan qush",A small plump bird that flies low,Medium,Hayvonlar,Animals,5,Yes,3,9
WB-1238,UZ-0238,UZ,Uzbek,Latin,DIMLAMA,DIMLAMA,DIMLAMA,7,D|I|M|L|A|M|A,7,No,,Bugʻda uzoq pishirilgan aralash taom,A mixed dish steamed for a long time,Medium,Ovqat,Food,5,Yes,3,10
WB-1239,UZ-0239,UZ,Uzbek,Latin,TOKCHA,TOKCHA,TOKCHA,5,T|O|K|CH|A,6,Yes,CH,Devordagi narsa qoʻyiladigan javon,A wall shelf where things are placed,Medium,Uy,Home,5,No,3,8
WB-1240,UZ-0240,UZ,Uzbek,Latin,QAVAT,QAVAT,QAVAT,5,Q|A|V|A|T,5,No,,Binoning bir balandlik darajasi,One height level of a building,Medium,Shahar,City,4,Yes,3,8
WB-1241,UZ-0241,UZ,Uzbek,Latin,QARZ,QARZ,QARZ,4,Q|A|R|Z,4,No,,Qaytarib berilishi kerak boʻlgan pul,Money that must be given back,Medium,Ish,Work,4,No,3,7
WB-1242,UZ-0242,UZ,Uzbek,Latin,XOTIRA,XOTIRA,XOTIRA,6,X|O|T|I|R|A,6,No,,Maʼlumot saqlanadigan qism,The part where information is kept,Medium,Texnologiya,Technology,6,No,3,9
WB-1243,UZ-0243,UZ,Uzbek,Latin,IMTIHON,IMTIHON,IMTIHON,7,I|M|T|I|H|O|N,7,No,,Bilimni sinash uchun rasmiy tekshiruv,A formal test of knowledge,Medium,Maktab,School,6,Yes,3,10
WB-1244,UZ-0244,UZ,Uzbek,Latin,KELIN,KELIN,KELIN,5,K|E|L|I|N,5,No,,Toʻyda turmushga chiqayotgan ayol,The woman marrying at a wedding,Medium,Odamlar,People,5,No,3,8
WB-1245,UZ-0245,UZ,Uzbek,Latin,YUPQA,YUPQA,YUPQA,5,Y|U|P|Q|A,5,No,,Ikki yuzasi orasi juda kam,Very little between its two surfaces,Medium,Sifatlar,Qualities,5,No,3,8
WB-1246,UZ-0246,UZ,Uzbek,Latin,ULASHMOQ,ULASHMOQ,ULASHMOQ,7,U|L|A|SH|M|O|Q,8,Yes,SH,Boshqalar bilan boʻlishmoq,To share with others,Medium,Harakatlar,Actions,7,No,3,10
WB-1247,UZ-0247,UZ,Uzbek,Latin,ODATIY,ODATIY,ODATIY,6,O|D|A|T|I|Y,6,No,,Har doim boʻladigandek,As it always happens,Medium,Vaqt,Time,6,No,3,9
WB-1248,UZ-0248,UZ,Uzbek,Latin,KAVUSH,KAVUSH,KAVUSH,5,K|A|V|U|SH,6,Yes,SH,"Yengil, orqasi ochiq poyabzal",Light footwear open at the back,Medium,Kiyim,Clothing,5,No,3,8
WB-1249,UZ-0249,UZ,Uzbek,Latin,TOSHQIN,TOSHQIN,TOSHQIN,6,T|O|SH|Q|I|N,7,Yes,SH,Suvning qirgʻoqdan chiqib ketishi,Water rising over its banks,Medium,Tabiat,Nature,6,No,3,9
WB-1250,UZ-0250,UZ,Uzbek,Latin,TOSHBAQA,TOSHBAQA,TOSHBAQA,7,T|O|SH|B|A|Q|A,8,Yes,SH,Ustida qattiq qobigʻi bor sekin jonivor,A slow creature with a hard shell on top,Medium,Hayvonlar,Animals,6,Yes,3,10
WB-1251,UZ-0251,UZ,Uzbek,Latin,QOVURMA,QOVURMA,QOVURMA,7,Q|O|V|U|R|M|A,7,No,,Yogʻda qizartirilgan goʻshtli taom,A meat dish browned in oil,Medium,Ovqat,Food,7,No,3,10
WB-1252,UZ-0252,UZ,Uzbek,Latin,SANDIQ,SANDIQ,SANDIQ,6,S|A|N|D|I|Q,6,No,,Buyum saqlanadigan katta yogʻoch idish,A large wooden chest for keeping goods,Medium,Uy,Home,6,No,3,9
WB-1253,UZ-0253,UZ,Uzbek,Latin,HOVLI,HOVLI,HOVLI,5,H|O|V|L|I,5,No,,Uy oldidagi devor bilan oʻralgan joy,A walled space in front of a house,Medium,Shahar,City,5,No,3,8
WB-1254,UZ-0254,UZ,Uzbek,Latin,SOLIQ,SOLIQ,SOLIQ,5,S|O|L|I|Q,5,No,,Davlatga toʻlanadigan majburiy pul,Compulsory money paid to the state,Medium,Ish,Work,5,No,3,8
WB-1255,UZ-0255,UZ,Uzbek,Latin,SIGNAL,SIGNAL,SIGNAL,6,S|I|G|N|A|L,6,No,,Uzatiladigan xabar toʻlqini,A transmitted wave carrying a message,Medium,Texnologiya,Technology,6,No,3,9
WB-1256,UZ-0256,UZ,Uzbek,Latin,DIPLOM,DIPLOM,DIPLOM,6,D|I|P|L|O|M,6,No,,Oʻqish tugaganini tasdiqlovchi hujjat,A paper proving studies are finished,Medium,Maktab,School,6,No,3,9
WB-1257,UZ-0257,UZ,Uzbek,Latin,QUDA,QUDA,QUDA,4,Q|U|D|A,4,No,,Farzandlar nikohi bilan bogʻlangan oila,A family joined by a children's marriage,Medium,Odamlar,People,4,No,3,7
WB-1258,UZ-0258,UZ,Uzbek,Latin,SHAFFOF,SHAFFOF,SHAFFOF,6,SH|A|F|F|O|F,7,Yes,SH,Orqasidagini koʻrsatib turadigan,Letting what is behind it be seen,Medium,Sifatlar,Qualities,4,Yes,3,9
WB-1259,UZ-0259,UZ,Uzbek,Latin,ESLAMOQ,ESLAMOQ,ESLAMOQ,7,E|S|L|A|M|O|Q,7,No,,Oʻtganni xayolga keltirmoq,To bring the past into mind,Medium,Harakatlar,Actions,7,No,3,10
WB-1260,UZ-0260,UZ,Uzbek,Latin,TIKUV,TIKUV,TIKUV,5,T|I|K|U|V,5,No,,Ikki matoni ulagan iz,The seam joining two cloths,Medium,Kiyim,Clothing,5,No,3,8
WB-1261,UZ-0261,UZ,Uzbek,Latin,BULOQ,BULOQ,BULOQ,5,B|U|L|O|Q,5,No,,Yerdan oʻzi chiqadigan toza suv,Clean water coming up by itself from the earth,Medium,Tabiat,Nature,5,No,3,8
WB-1262,UZ-0262,UZ,Uzbek,Latin,CHAYON,CHAYON,CHAYON,5,CH|A|Y|O|N,6,Yes,CH,Dumida zahri bor kichik jonivor,A small creature with poison in its tail,Medium,Hayvonlar,Animals,5,No,3,8
WB-1263,UZ-0263,UZ,Uzbek,Latin,ZIRVAK,ZIRVAK,ZIRVAK,6,Z|I|R|V|A|K,6,No,,Palovning pastidagi qovurilgan asos,The fried base beneath pilaf,Medium,Ovqat,Food,6,No,3,9
WB-1264,UZ-0264,UZ,Uzbek,Latin,ELAK,ELAK,ELAK,4,E|L|A|K,4,No,,Unni ajratib oʻtkazadigan asbob,A tool that sifts flour through,Medium,Uy,Home,4,No,3,7
WB-1265,UZ-0265,UZ,Uzbek,Latin,DARVOZA,DARVOZA,DARVOZA,7,D|A|R|V|O|Z|A,7,No,,Hovliga kiradigan katta eshik,A large door leading into a yard,Medium,Shahar,City,6,Yes,3,10
WB-1266,UZ-0266,UZ,Uzbek,Latin,HISOBOT,HISOBOT,HISOBOT,7,H|I|S|O|B|O|T,7,No,,Natijalar yozilgan rasmiy hujjat,An official paper stating results,Medium,Ish,Work,6,Yes,3,10
WB-1267,UZ-0267,UZ,Uzbek,Latin,SIMSIZ,SIMSIZ,SIMSIZ,6,S|I|M|S|I|Z,6,No,,Ulanish uchun sim talab qilmaydigan,Needing no cable to connect,Medium,Texnologiya,Technology,4,Yes,3,9
WB-1268,UZ-0268,UZ,Uzbek,Latin,LUGʻAT,LUG'AT,LUG'AT,5,L|U|Gʻ|A|T,6,Yes,Gʻ,Soʻzlar maʼnosi yozilgan kitob,A book giving the meaning of words,Medium,Maktab,School,5,No,3,8
WB-1269,UZ-0269,UZ,Uzbek,Latin,OSHNA,OSHNA,OSHNA,4,O|SH|N|A,5,Yes,SH,Uzoq yillik yaqin tanish,A close acquaintance of many years,Medium,Odamlar,People,4,No,3,7
WB-1270,UZ-0270,UZ,Uzbek,Latin,XIRA,XIRA,XIRA,4,X|I|R|A,4,No,,"Yorugʻligi kam, aniq emas","Having little light, not clear",Medium,Sifatlar,Qualities,4,No,3,7
WB-1271,UZ-0271,UZ,Uzbek,Latin,UNUTMOQ,UNUTMOQ,UNUTMOQ,7,U|N|U|T|M|O|Q,7,No,,Xayoldan chiqarib yubormoq,To let something leave the mind,Medium,Harakatlar,Actions,6,Yes,3,10
WB-1272,UZ-0272,UZ,Uzbek,Latin,NAQSH,NAQSH,NAQSH,4,N|A|Q|SH,5,Yes,SH,Takrorlanuvchi bezak chizmasi,A repeating decorative pattern,Medium,Kiyim,Clothing,4,No,3,7
WB-1273,UZ-0273,UZ,Uzbek,Latin,QIRGʻOQ,QIRG'OQ,QIRG'OQ,6,Q|I|R|Gʻ|O|Q,7,Yes,Gʻ,Suv bilan quruqlik chegarasi,The border between water and land,Medium,Tabiat,Nature,5,Yes,3,9
WB-1274,UZ-0274,UZ,Uzbek,Latin,QUNDUZ,QUNDUZ,QUNDUZ,6,Q|U|N|D|U|Z,6,No,,Daryoda toʻgʻon quradigan jonivor,A creature that builds dams in rivers,Medium,Hayvonlar,Animals,5,Yes,3,9
WB-1275,UZ-0275,UZ,Uzbek,Latin,SUZMA,SUZMA,SUZMA,5,S|U|Z|M|A,5,No,,Suvi siqib olingan qatiq,Yoghurt with the liquid pressed out,Medium,Ovqat,Food,5,No,3,8
WB-1276,UZ-0276,UZ,Uzbek,Latin,CHELAK,CHELAK,CHELAK,5,CH|E|L|A|K,6,Yes,CH,Suv tashiydigan dastali idish,A handled container for carrying water,Medium,Uy,Home,5,No,3,8
WB-1277,UZ-0277,UZ,Uzbek,Latin,MINORA,MINORA,MINORA,6,M|I|N|O|R|A,6,No,,Baland va ingichka qurilma,A tall and narrow structure,Medium,Shahar,City,6,No,3,9
WB-1278,UZ-0278,UZ,Uzbek,Latin,MIJOZ,MIJOZ,MIJOZ,5,M|I|J|O|Z,5,No,,Xizmatdan foydalanuvchi kishi,A person who uses a service,Medium,Ish,Work,5,No,3,8
WB-1279,UZ-0279,UZ,Uzbek,Latin,JADVAL,JADVAL,JADVAL,6,J|A|D|V|A|L,6,No,,Satr va ustunlardan tuzilgan tartib,An arrangement of rows and columns,Medium,Texnologiya,Technology,5,Yes,3,9
WB-1280,UZ-0280,UZ,Uzbek,Latin,ERTAK,ERTAK,ERTAK,5,E|R|T|A|K,5,No,,Bolalarga aytiladigan xayoliy hikoya,An imaginary story told to children,Medium,Maktab,School,5,No,3,8
WB-1281,UZ-0281,UZ,Uzbek,Latin,RAQIB,RAQIB,RAQIB,5,R|A|Q|I|B,5,No,,Musobaqada qarshi turuvchi,One who stands against you in a contest,Medium,Odamlar,People,5,No,3,8
WB-1282,UZ-0282,UZ,Uzbek,Latin,TIRIK,TIRIK,TIRIK,5,T|I|R|I|K,5,No,,Hayoti davom etayotgan,Whose life still continues,Medium,Sifatlar,Qualities,4,Yes,3,8
WB-1283,UZ-0283,UZ,Uzbek,Latin,ISHONMOQ,ISHONMOQ,ISHONMOQ,7,I|SH|O|N|M|O|Q,8,Yes,SH,Shubhasiz qabul qilmoq,To accept without doubt,Medium,Harakatlar,Actions,6,Yes,3,10
WB-1284,UZ-0284,UZ,Uzbek,Latin,ADIR,ADIR,ADIR,4,A|D|I|R,4,No,,Togʻ oldidagi past tepaliklar,Low hills at the foot of mountains,Medium,Tabiat,Nature,4,No,3,7
WB-1285,UZ-0285,UZ,Uzbek,Latin,BOʻRSIQ,BO'RSIQ,BO'RSIQ,6,B|Oʻ|R|S|I|Q,7,Yes,Oʻ,Yer ostida in qazuvchi kichik hayvon,A small animal that digs a burrow,Medium,Hayvonlar,Animals,6,No,3,9
WB-1286,UZ-0286,UZ,Uzbek,Latin,QATIQ,QATIQ,QATIQ,5,Q|A|T|I|Q,5,No,,Achitilgan quyuq sut mahsuloti,A thick soured milk product,Medium,Ovqat,Food,4,Yes,3,8
WB-1287,UZ-0287,UZ,Uzbek,Latin,TAROQ,TAROQ,TAROQ,5,T|A|R|O|Q,5,No,,Sochni tekislaydigan tishli asbob,A toothed tool that smooths hair,Medium,Uy,Home,5,No,3,8
WB-1288,UZ-0288,UZ,Uzbek,Latin,GUMBAZ,GUMBAZ,GUMBAZ,6,G|U|M|B|A|Z,6,No,,Binoning yarim shar shaklidagi tomi,A half-sphere roof of a building,Medium,Shahar,City,6,No,3,9
WB-1289,UZ-0289,UZ,Uzbek,Latin,TALAB,TALAB,TALAB,5,T|A|L|A|B,5,No,,Bozordagi sotib olish istagi,The desire to buy in a market,Medium,Ish,Work,4,Yes,3,8
WB-1290,UZ-0290,UZ,Uzbek,Latin,BELGI,BELGI,BELGI,5,B|E|L|G|I,5,No,,Maʼno bildiruvchi kichik tasvir,A small image carrying meaning,Medium,Texnologiya,Technology,5,No,3,8
WB-1291,UZ-0291,UZ,Uzbek,Latin,MAQOL,MAQOL,MAQOL,5,M|A|Q|O|L,5,No,,Xalq donoligini ifodalovchi qisqa gap,A short saying holding folk wisdom,Medium,Maktab,School,5,No,3,8
WB-1292,UZ-0292,UZ,Uzbek,Latin,HAMKOR,HAMKOR,HAMKOR,6,H|A|M|K|O|R,6,No,,Bir ishda birga harakat qiluvchi,One acting together with you in a task,Medium,Odamlar,People,6,No,3,9
WB-1293,UZ-0293,UZ,Uzbek,Latin,DONO,DONO,DONO,4,D|O|N|O,4,No,,"Koʻp bilib, toʻgʻri qaror qiladigan",Knowing much and deciding rightly,Medium,Sifatlar,Qualities,3,Yes,3,7
WB-1294,UZ-0294,UZ,Uzbek,Latin,SHOSHMOQ,SHOSHMOQ,SHOSHMOQ,6,SH|O|SH|M|O|Q,8,Yes,SH|SH,Vaqt yetmagandek tez harakat qilmoq,To act fast as if time is short,Medium,Harakatlar,Actions,4,Yes,3,9
WB-1295,UZ-0295,UZ,Uzbek,Latin,YAYLOV,YAYLOV,YAYLOV,6,Y|A|Y|L|O|V,6,No,,Mol boqiladigan oʻtloq,Grassland where livestock graze,Medium,Tabiat,Nature,5,Yes,3,9
WB-1296,UZ-0296,UZ,Uzbek,Latin,QOPLON,QOPLON,QOPLON,6,Q|O|P|L|O|N,6,No,,Terisi nuqtali tez yirtqich hayvon,A fast spotted beast of prey,Medium,Hayvonlar,Animals,5,Yes,3,9
WB-1297,UZ-0297,UZ,Uzbek,Latin,AYRON,AYRON,AYRON,5,A|Y|R|O|N,5,No,,Suv qoʻshilgan sovuq sut ichimligi,A cold milk drink mixed with water,Medium,Ovqat,Food,5,No,3,8
WB-1298,UZ-0298,UZ,Uzbek,Latin,SOYABON,SOYABON,SOYABON,7,S|O|Y|A|B|O|N,7,No,,Yomgʻirdan saqlaydigan buklanma narsa,A folding thing that shields from rain,Medium,Uy,Home,6,Yes,3,10
WB-1299,UZ-0299,UZ,Uzbek,Latin,KOSHIN,KOSHIN,KOSHIN,5,K|O|SH|I|N,6,Yes,SH,Devorga yopishtiriladigan sirli plita,A glazed tile fixed onto a wall,Medium,Shahar,City,5,No,3,8
WB-1300,UZ-0300,UZ,Uzbek,Latin,TAKLIF,TAKLIF,TAKLIF,6,T|A|K|L|I|F,6,No,,Bozorga chiqarilgan mahsulot hajmi,The volume of goods put on a market,Medium,Ish,Work,6,No,3,9
WB-1301,UZ-0301,UZ,Uzbek,Latin,MAVZU,MAVZU,MAVZU,5,M|A|V|Z|U,5,No,,Matn nima haqida boʻlgani,What a text is about,Medium,Maktab,School,5,No,3,8
WB-1302,UZ-0302,UZ,Uzbek,Latin,GUVOH,GUVOH,GUVOH,5,G|U|V|O|H,5,No,,Voqeani oʻz koʻzi bilan koʻrgan,One who saw an event with their own eyes,Medium,Odamlar,People,5,No,3,8
WB-1303,UZ-0303,UZ,Uzbek,Latin,JASUR,JASUR,JASUR,5,J|A|S|U|R,5,No,,Qoʻrquvni yenga oladigan,Able to overcome fear,Medium,Sifatlar,Qualities,5,No,3,8
WB-1304,UZ-0304,UZ,Uzbek,Latin,CHIDAMOQ,CHIDAMOQ,CHIDAMOQ,7,CH|I|D|A|M|O|Q,8,Yes,CH,Qiyinlikka bardosh bermoq,To bear a hardship,Medium,Harakatlar,Actions,7,No,3,10
WB-1305,UZ-0305,UZ,Uzbek,Latin,URUGʻ,URUG',URUG',4,U|R|U|Gʻ,5,Yes,Gʻ,Ekilsa oʻsimlik beradigan mayda narsa,A tiny thing that grows into a plant when sown,Medium,Tabiat,Nature,3,Yes,3,7
WB-1306,UZ-0306,UZ,Uzbek,Latin,BUGʻU,BUG'U,BUG'U,4,B|U|Gʻ|U,5,Yes,Gʻ,Shoxlari shoxlangan yovvoyi hayvon,A wild animal with branched antlers,Medium,Hayvonlar,Animals,3,Yes,3,7
WB-1307,UZ-0307,UZ,Uzbek,Latin,SHARBAT,SHARBAT,SHARBAT,6,SH|A|R|B|A|T,7,Yes,SH,Mevadan siqib olingan ichimlik,A drink squeezed from fruit,Medium,Ovqat,Food,5,Yes,3,9
WB-1308,UZ-0308,UZ,Uzbek,Latin,QAYCHI,QAYCHI,QAYCHI,5,Q|A|Y|CH|I,6,Yes,CH,Ikki pichoqli kesuvchi asbob,A cutting tool with two blades,Medium,Uy,Home,5,No,3,8
WB-1309,UZ-0309,UZ,Uzbek,Latin,RASTA,RASTA,RASTA,5,R|A|S|T|A,5,No,,Bozordagi sotuv qatori,A row of sales stalls in a market,Medium,Shahar,City,4,Yes,3,8
WB-1310,UZ-0310,UZ,Uzbek,Latin,NAQD,NAQD,NAQD,4,N|A|Q|D,4,No,,Qoʻldagi jonli pul shakli,Money in its physical hand-held form,Medium,Ish,Work,4,No,3,7
WB-1311,UZ-0311,UZ,Uzbek,Latin,BOʻLIM,BO'LIM,BO'LIM,5,B|Oʻ|L|I|M,6,Yes,Oʻ,Kitobning ajratilgan qismi,A separated part of a book,Medium,Maktab,School,5,No,3,8
WB-1312,UZ-0312,UZ,Uzbek,Latin,AHOLI,AHOLI,AHOLI,5,A|H|O|L|I,5,No,,Bir joyda yashovchilar soni,The number of those living in one place,Medium,Odamlar,People,5,No,3,8
WB-1313,UZ-0313,UZ,Uzbek,Latin,SAXIY,SAXIY,SAXIY,5,S|A|X|I|Y,5,No,,Boshqalarga koʻp beradigan,Giving much to others,Medium,Sifatlar,Qualities,5,No,3,8
WB-1314,UZ-0314,UZ,Uzbek,Latin,GʻUNCHA,G'UNCHA,G'UNCHA,5,Gʻ|U|N|CH|A,7,Yes,Gʻ|CH,Hali ochilmagan gul,A flower that has not yet opened,Medium,Tabiat,Nature,5,No,3,8
WB-1315,UZ-0315,UZ,Uzbek,Latin,ASALARI,ASALARI,ASALARI,7,A|S|A|L|A|R|I,7,No,,Gulchanglardan shirinlik tayyorlaydi,It makes a sweetness from flower pollen,Medium,Hayvonlar,Animals,5,Yes,3,10
WB-1316,UZ-0316,UZ,Uzbek,Latin,MURABBO,MURABBO,MURABBO,7,M|U|R|A|B|B|O,7,No,,Shakar bilan qaynatilgan meva,Fruit boiled with sugar,Medium,Ovqat,Food,6,Yes,3,10
WB-1317,UZ-0317,UZ,Uzbek,Latin,IGNA,IGNA,IGNA,4,I|G|N|A,4,No,,Tikish uchun ingichka oʻtkir narsa,A thin sharp thing for sewing,Medium,Uy,Home,4,No,3,7
WB-1318,UZ-0318,UZ,Uzbek,Latin,OMBOR,OMBOR,OMBOR,5,O|M|B|O|R,5,No,,Mahsulot saqlanadigan katta bino,A large building where goods are stored,Medium,Shahar,City,4,Yes,3,8
WB-1319,UZ-0319,UZ,Uzbek,Latin,OMONAT,OMONAT,OMONAT,6,O|M|O|N|A|T,6,No,,Bankda saqlashga qoʻyilgan pul,Money placed in a bank for keeping,Medium,Ish,Work,5,Yes,3,9
WB-1320,UZ-0320,UZ,Uzbek,Latin,XULOSA,XULOSA,XULOSA,6,X|U|L|O|S|A,6,No,,Fikrlardan kelib chiqqan yakuniy soʻz,The final word drawn from the reasoning,Medium,Maktab,School,6,No,3,9
WB-1321,UZ-0321,UZ,Uzbek,Latin,MILLAT,MILLAT,MILLAT,6,M|I|L|L|A|T,6,No,,Til va tarixi umumiy boʻlgan xalq,A people sharing a language and history,Medium,Odamlar,People,5,Yes,3,9
WB-1322,UZ-0322,UZ,Uzbek,Latin,ZIQNA,ZIQNA,ZIQNA,5,Z|I|Q|N|A,5,No,,Bermaslikka urinadigan,Trying not to give anything,Medium,Sifatlar,Qualities,5,No,3,8
WB-1323,UZ-0323,UZ,Uzbek,Latin,POYA,POYA,POYA,4,P|O|Y|A,4,No,,Gulni tutib turadigan yashil qism,The green part holding a flower up,Medium,Tabiat,Nature,4,No,3,7
WB-1324,UZ-0324,UZ,Uzbek,Latin,QURBAQA,QURBAQA,QURBAQA,7,Q|U|R|B|A|Q|A,7,No,,Suv yaqinida sakraydigan jonivor,A hopping creature found near water,Medium,Hayvonlar,Animals,5,Yes,3,10
WB-1325,UZ-0325,UZ,Uzbek,Latin,NAVVOT,NAVVOT,NAVVOT,6,N|A|V|V|O|T,6,No,,Yirik kristalli shirinlik,A sweet made of large crystals,Medium,Ovqat,Food,5,Yes,3,9
WB-1326,UZ-0326,UZ,Uzbek,Latin,KALAVA,KALAVA,KALAVA,6,K|A|L|A|V|A,6,No,,Oʻralgan ip toʻplami,A wound bundle of thread,Medium,Uy,Home,4,Yes,3,9
WB-1327,UZ-0327,UZ,Uzbek,Latin,FOIZ,FOIZ,FOIZ,4,F|O|I|Z,4,No,,Yuzdan bir qismni bildiruvchi ulush,A share meaning one part of a hundred,Medium,Ish,Work,4,No,3,7
WB-1328,UZ-0328,UZ,Uzbek,Latin,KESMA,KESMA,KESMA,5,K|E|S|M|A,5,No,,Ikki nuqta orasidagi toʻgʻri chiziq,A straight line between two points,Medium,Maktab,School,5,No,3,8
WB-1329,UZ-0329,UZ,Uzbek,Latin,BAYRAM,BAYRAM,BAYRAM,6,B|A|Y|R|A|M,6,No,,Xalq birga nishonlaydigan kun,A day a people celebrate together,Medium,Odamlar,People,5,Yes,3,9
WB-1330,UZ-0330,UZ,Uzbek,Latin,HALOL,HALOL,HALOL,5,H|A|L|O|L,5,No,,Toʻgʻri yoʻl bilan olingan,Obtained by a rightful way,Medium,Sifatlar,Qualities,4,Yes,3,8
WB-1331,UZ-0331,UZ,Uzbek,Latin,QATRON,QATRON,QATRON,6,Q|A|T|R|O|N,6,No,,Qarigʻaydan chiqadigan yopishqoq modda,A sticky substance from pine trees,Medium,Tabiat,Nature,6,No,3,9
WB-1332,UZ-0332,UZ,Uzbek,Latin,CHIVIN,CHIVIN,CHIVIN,5,CH|I|V|I|N,6,Yes,CH,Qonni soʻradigan mayda hasharot,A tiny insect that sucks blood,Medium,Hayvonlar,Animals,4,Yes,3,8
WB-1333,UZ-0333,UZ,Uzbek,Latin,TURSHAK,TURSHAK,TURSHAK,6,T|U|R|SH|A|K,7,Yes,SH,Quritilgan sargʻish meva,A dried orange-yellow fruit,Medium,Ovqat,Food,6,No,3,9
WB-1334,UZ-0334,UZ,Uzbek,Latin,ZAMBIL,ZAMBIL,ZAMBIL,6,Z|A|M|B|I|L,6,No,,Yuk tashiydigan bir gʻildirakli aravacha,A one-wheeled cart for carrying loads,Medium,Uy,Home,6,No,3,9
WB-1335,UZ-0335,UZ,Uzbek,Latin,SHERIK,SHERIK,SHERIK,5,SH|E|R|I|K,6,Yes,SH,Ishni birga olib boruvchi kishi,A person who runs a business with you,Medium,Ish,Work,5,No,3,8
WB-1336,UZ-0336,UZ,Uzbek,Latin,BURCHAK,BURCHAK,BURCHAK,6,B|U|R|CH|A|K,7,Yes,CH,Ikki chiziq kesishgan joydagi ochilish,The opening where two lines meet,Medium,Maktab,School,6,No,3,9
WB-1337,UZ-0337,UZ,Uzbek,Latin,MEHR,MEHR,MEHR,4,M|E|H|R,4,No,,Yaqinlarga boʻlgan iliq tuygʻu,A warm feeling towards those close,Medium,Odamlar,People,4,No,3,7
WB-1338,UZ-0338,UZ,Uzbek,Latin,OGOH,OGOH,OGOH,4,O|G|O|H,4,No,,Xavfni oldin sezib turadigan,Sensing danger in advance,Medium,Sifatlar,Qualities,3,Yes,3,7
WB-1339,UZ-0339,UZ,Uzbek,Latin,TUPROQ,TUPROQ,TUPROQ,6,T|U|P|R|O|Q,6,No,,Oʻsimlik ildiz otadigan yumshoq yer,Soft earth where roots take hold,Medium,Tabiat,Nature,6,No,3,9
WB-1340,UZ-0340,UZ,Uzbek,Latin,KUYA,KUYA,KUYA,4,K|U|Y|A,4,No,,Kiyimni yeb qoʻyadigan hasharot,An insect that eats clothing,Medium,Hayvonlar,Animals,4,No,3,7
WB-1341,UZ-0341,UZ,Uzbek,Latin,MAYIZ,MAYIZ,MAYIZ,5,M|A|Y|I|Z,5,No,,Quritilgan uzum donasi,A dried grape,Medium,Ovqat,Food,5,No,3,8
WB-1342,UZ-0342,UZ,Uzbek,Latin,BOLTA,BOLTA,BOLTA,5,B|O|L|T|A,5,No,,Yogʻoch yoradigan dastali asbob,A handled tool for splitting wood,Medium,Uy,Home,5,No,3,8
WB-1343,UZ-0343,UZ,Uzbek,Latin,IMZO,IMZO,IMZO,4,I|M|Z|O,4,No,,Hujjatga qoʻyiladigan shaxsiy belgi,A personal mark put on a document,Medium,Ish,Work,4,No,3,7
WB-1344,UZ-0344,UZ,Uzbek,Latin,AYLANA,AYLANA,AYLANA,6,A|Y|L|A|N|A,6,No,,Markazdan teng uzoqlikdagi egri chiziq,A curve equally far from a centre,Medium,Maktab,School,4,Yes,3,9
WB-1345,UZ-0345,UZ,Uzbek,Latin,HURMAT,HURMAT,HURMAT,6,H|U|R|M|A|T,6,No,,Boshqani qadrlash tuygʻusi,The feeling of valuing another,Medium,Odamlar,People,6,No,3,9
WB-1346,UZ-0346,UZ,Uzbek,Latin,TANBAL,TANBAL,TANBAL,6,T|A|N|B|A|L,6,No,,Ishlashni xohlamaydigan,Not wanting to work,Medium,Sifatlar,Qualities,5,Yes,3,9
WB-1347,UZ-0347,UZ,Uzbek,Latin,HOSIL,HOSIL,HOSIL,5,H|O|S|I|L,5,No,,Yerdan yigʻib olinadigan mahsulot,What is gathered from the land,Medium,Tabiat,Nature,5,No,3,8
WB-1348,UZ-0348,UZ,Uzbek,Latin,QAFAS,QAFAS,QAFAS,5,Q|A|F|A|S,5,No,,Hayvon saqlanadigan temirli joy,A barred place where an animal is kept,Medium,Hayvonlar,Animals,4,Yes,3,8
WB-1349,UZ-0349,UZ,Uzbek,Latin,YANGʻOQ,YANG'OQ,YANG'OQ,6,Y|A|N|Gʻ|O|Q,7,Yes,Gʻ,"Poʻsti qattiq, magʻzi buramali danak",A nut with a hard shell and folded kernel,Medium,Ovqat,Food,6,No,3,9
WB-1350,UZ-0350,UZ,Uzbek,Latin,ARRA,ARRA,ARRA,4,A|R|R|A,4,No,,Tishlari bilan yogʻoch kesadi,It cuts wood with its teeth,Medium,Uy,Home,2,Yes,3,7
WB-1351,UZ-0351,UZ,Uzbek,Latin,MUHR,MUHR,MUHR,4,M|U|H|R,4,No,,Rasmiy tasdiq uchun bosiladigan belgi,A stamp pressed for official approval,Medium,Ish,Work,4,No,3,7
WB-1352,UZ-0352,UZ,Uzbek,Latin,YUZA,YUZA,YUZA,4,Y|U|Z|A,4,No,,Shaklning ustki oʻlchovi,The upper measure of a shape,Medium,Maktab,School,4,No,3,7
WB-1353,UZ-0353,UZ,Uzbek,Latin,ISHONCH,ISHONCH,ISHONCH,5,I|SH|O|N|CH,7,Yes,SH|CH,Shubhasiz qabul qilish holati,A state of accepting without doubt,Medium,Odamlar,People,5,No,3,8
WB-1354,UZ-0354,UZ,Uzbek,Latin,OʻJAR,O'JAR,O'JAR,4,Oʻ|J|A|R,5,Yes,Oʻ,Fikridan qaytmaydigan,Not turning back from an opinion,Medium,Sifatlar,Qualities,4,No,3,7
WB-1355,UZ-0355,UZ,Uzbek,Latin,PODA,PODA,PODA,4,P|O|D|A,4,No,,Birga yuruvchi mollar toʻdasi,A group of livestock moving together,Medium,Hayvonlar,Animals,4,No,3,7
WB-1356,UZ-0356,UZ,Uzbek,Latin,IDROK,IDROK,IDROK,5,I|D|R|O|K,5,No,,Narsani aql bilan anglash qobiliyati,The ability to grasp a thing with the mind,Hard,Tushuncha,Abstract,5,No,3,8
WB-1357,UZ-0357,UZ,Uzbek,Latin,NAFRAT,NAFRAT,NAFRAT,6,N|A|F|R|A|T,6,No,,Kuchli yoqtirmaslik tuygʻusi,A strong feeling of dislike,Hard,Tuygʻu,Emotions,5,Yes,3,9
WB-1358,UZ-0358,UZ,Uzbek,Latin,UNDOSH,UNDOSH,UNDOSH,5,U|N|D|O|SH,6,Yes,SH,Ovoz yordamisiz aytiladigan tovush,A sound made without voicing alone,Hard,Til,Language,5,No,3,8
WB-1359,UZ-0359,UZ,Uzbek,Latin,UNSUR,UNSUR,UNSUR,5,U|N|S|U|R,5,No,,Boʻlinmaydigan kimyoviy modda turi,An indivisible kind of chemical matter,Hard,Ilm,Science,4,Yes,3,8
WB-1360,UZ-0360,UZ,Uzbek,Latin,QONUN,QONUN,QONUN,5,Q|O|N|U|N,5,No,,Davlat oʻrnatgan majburiy qoida,A binding rule set by the state,Hard,Huquq,Law,4,Yes,3,8
WB-1361,UZ-0361,UZ,Uzbek,Latin,SARMOYA,SARMOYA,SARMOYA,7,S|A|R|M|O|Y|A,7,No,,Foyda olish uchun qoʻyilgan mablagʻ,Funds put in to gain a return,Hard,Iqtisod,Economics,6,Yes,3,10
WB-1362,UZ-0362,UZ,Uzbek,Latin,MEROS,MEROS,MEROS,5,M|E|R|O|S,5,No,,Avlodlardan qolgan boylik,Wealth left by earlier generations,Hard,Tarix,History,5,No,3,8
WB-1363,UZ-0363,UZ,Uzbek,Latin,USTUN,USTUN,USTUN,5,U|S|T|U|N,5,No,,Yuklamani tik koʻtaruvchi qism,The part bearing a load upright,Hard,Qurilish,Construction,4,Yes,3,8
WB-1364,UZ-0364,UZ,Uzbek,Latin,ZEHN,ZEHN,ZEHN,4,Z|E|H|N,4,No,,Tez tushunish va eslab qolish quvvati,The power of quick grasp and recall,Hard,Tushuncha,Abstract,4,No,3,7
WB-1365,UZ-0365,UZ,Uzbek,Latin,HASAD,HASAD,HASAD,5,H|A|S|A|D,5,No,,Boshqaning yutugʻidan siqilish,Feeling pinched by another's success,Hard,Tuygʻu,Emotions,4,Yes,3,8
WB-1366,UZ-0366,UZ,Uzbek,Latin,UNLI,UNLI,UNLI,4,U|N|L|I,4,No,,Ovoz bilan ochiq aytiladigan tovush,A sound spoken openly with voice,Hard,Til,Language,4,No,3,7
WB-1367,UZ-0367,UZ,Uzbek,Latin,ZARRA,ZARRA,ZARRA,5,Z|A|R|R|A,5,No,,Moddaning eng mayda boʻlagi,The tiniest piece of matter,Hard,Ilm,Science,3,Yes,3,8
WB-1368,UZ-0368,UZ,Uzbek,Latin,HUQUQ,HUQUQ,HUQUQ,5,H|U|Q|U|Q,5,No,,Kishiga berilgan qonuniy imkon,A lawful entitlement given to a person,Hard,Huquq,Law,3,Yes,3,8
WB-1369,UZ-0369,UZ,Uzbek,Latin,MABLAGʻ,MABLAG',MABLAG',6,M|A|B|L|A|Gʻ,7,Yes,Gʻ,Ish uchun ajratilgan pul zaxirasi,A money reserve set aside for a task,Hard,Iqtisod,Economics,5,Yes,3,9
WB-1370,UZ-0370,UZ,Uzbek,Latin,SULOLA,SULOLA,SULOLA,6,S|U|L|O|L|A,6,No,,Bir urugʻdan chiqqan hukmdorlar,Rulers coming from one lineage,Hard,Tarix,History,5,Yes,3,9
WB-1371,UZ-0371,UZ,Uzbek,Latin,GʻISHT,G'ISHT,G'ISHT,4,Gʻ|I|SH|T,6,Yes,Gʻ|SH,Devor tiklanadigan kuydirilgan boʻlak,A fired block from which walls rise,Hard,Qurilish,Construction,4,No,3,7
WB-1372,UZ-0372,UZ,Uzbek,Latin,HIKMAT,HIKMAT,HIKMAT,6,H|I|K|M|A|T,6,No,,Tajribadan tugʻilgan chuqur donolik,Deep wisdom born of experience,Hard,Tushuncha,Abstract,6,No,3,9
WB-1373,UZ-0373,UZ,Uzbek,Latin,GʻURUR,G'URUR,G'URUR,5,Gʻ|U|R|U|R,6,Yes,Gʻ,Oʻzidan mamnun boʻlish tuygʻusi,A feeling of being pleased with oneself,Hard,Tuygʻu,Emotions,3,Yes,3,8
WB-1374,UZ-0374,UZ,Uzbek,Latin,BOʻGʻIN,BO'G'IN,BO'G'IN,5,B|Oʻ|Gʻ|I|N,7,Yes,Oʻ|Gʻ,Bir zarb bilan aytiladigan qism,A part said in one beat,Hard,Til,Language,5,No,3,8
WB-1375,UZ-0375,UZ,Uzbek,Latin,MODDA,MODDA,MODDA,5,M|O|D|D|A,5,No,,Massaga ega boʻlgan borliq,Being that possesses mass,Hard,Ilm,Science,4,Yes,3,8
WB-1376,UZ-0376,UZ,Uzbek,Latin,BURCH,BURCH,BURCH,4,B|U|R|CH,5,Yes,CH,Bajarilishi shart boʻlgan majburiyat,An obligation that must be fulfilled,Hard,Huquq,Law,4,No,3,7
WB-1377,UZ-0377,UZ,Uzbek,Latin,TANNARX,TANNARX,TANNARX,7,T|A|N|N|A|R|X,7,No,,Mahsulot yaratishga ketgan xarajat,The cost gone into making goods,Hard,Iqtisod,Economics,5,Yes,3,10
WB-1378,UZ-0378,UZ,Uzbek,Latin,LASHKAR,LASHKAR,LASHKAR,6,L|A|SH|K|A|R,7,Yes,SH,Jangga tayyorlangan qoʻshin,An army readied for battle,Hard,Tarix,History,5,Yes,3,9
WB-1379,UZ-0379,UZ,Uzbek,Latin,SUVOQ,SUVOQ,SUVOQ,5,S|U|V|O|Q,5,No,,Devor yuzasiga tekis surtilgan qatlam,A layer spread evenly on a wall face,Hard,Qurilish,Construction,5,No,3,8
WB-1380,UZ-0380,UZ,Uzbek,Latin,MANTIQ,MANTIQ,MANTIQ,6,M|A|N|T|I|Q,6,No,,Fikrlar bogʻlanishining qonuni,The law by which thoughts connect,Hard,Tushuncha,Abstract,6,No,3,9
WB-1381,UZ-0381,UZ,Uzbek,Latin,UYAT,UYAT,UYAT,4,U|Y|A|T,4,No,,Nomaʼqul ish keyin sezilgan siqilish,The tightness felt after an improper act,Hard,Tuygʻu,Emotions,4,No,3,7
WB-1382,UZ-0382,UZ,Uzbek,Latin,OʻZAK,O'ZAK,O'ZAK,4,Oʻ|Z|A|K,5,Yes,Oʻ,Soʻzning oʻzgarmas asos qismi,The unchanging base part of a word,Hard,Til,Language,4,No,3,7
WB-1383,UZ-0383,UZ,Uzbek,Latin,BOSIM,BOSIM,BOSIM,5,B|O|S|I|M,5,No,,Yuzaga tik tushadigan kuch,Force falling straight onto a surface,Hard,Ilm,Science,5,No,3,8
WB-1384,UZ-0384,UZ,Uzbek,Latin,JAZO,JAZO,JAZO,4,J|A|Z|O,4,No,,Qonun buzilganda beriladigan chora,A measure applied when law is broken,Hard,Huquq,Law,4,No,3,7
WB-1385,UZ-0385,UZ,Uzbek,Latin,QIYMAT,QIYMAT,QIYMAT,6,Q|I|Y|M|A|T,6,No,,Narsaning almashuv oʻlchovi,The exchange measure of a thing,Hard,Iqtisod,Economics,6,No,3,9
WB-1386,UZ-0386,UZ,Uzbek,Latin,ELCHI,ELCHI,ELCHI,4,E|L|CH|I,5,Yes,CH,Boshqa yurtga yuborilgan vakil,An envoy sent to another land,Hard,Tarix,History,4,No,3,7
WB-1387,UZ-0387,UZ,Uzbek,Latin,SEMENT,SEMENT,SEMENT,6,S|E|M|E|N|T,6,No,,Suv bilan qotib qoladigan kukun,A powder that hardens when mixed with water,Hard,Qurilish,Construction,5,Yes,3,9
WB-1388,UZ-0388,UZ,Uzbek,Latin,MOHIYAT,MOHIYAT,MOHIYAT,7,M|O|H|I|Y|A|T,7,No,,Narsaning eng asosiy ichki maʼnosi,The innermost essential meaning of a thing,Hard,Tushuncha,Abstract,7,No,3,10
WB-1389,UZ-0389,UZ,Uzbek,Latin,ARMON,ARMON,ARMON,5,A|R|M|O|N,5,No,,Amalga oshmay qolgan istak dardi,The ache of a wish never fulfilled,Hard,Tuygʻu,Emotions,5,No,3,8
WB-1390,UZ-0390,UZ,Uzbek,Latin,SIFAT,SIFAT,SIFAT,5,S|I|F|A|T,5,No,,Belgini bildiruvchi soʻz turkumi,The word class that names a quality,Hard,Til,Language,5,No,3,8
WB-1391,UZ-0391,UZ,Uzbek,Latin,TEZLIK,TEZLIK,TEZLIK,6,T|E|Z|L|I|K,6,No,,Vaqt birligidagi yoʻl miqdori,Distance covered in a unit of time,Hard,Ilm,Science,6,No,3,9
WB-1392,UZ-0392,UZ,Uzbek,Latin,JINOYAT,JINOYAT,JINOYAT,7,J|I|N|O|Y|A|T,7,No,,Qonunga zid ogʻir qilmish,A grave deed against the law,Hard,Huquq,Law,7,No,3,10
WB-1393,UZ-0393,UZ,Uzbek,Latin,RAQOBAT,RAQOBAT,RAQOBAT,7,R|A|Q|O|B|A|T,7,No,,Bozorda oʻzaro kurash holati,A state of mutual struggle in a market,Hard,Iqtisod,Economics,6,Yes,3,10
WB-1394,UZ-0394,UZ,Uzbek,Latin,KARVON,KARVON,KARVON,6,K|A|R|V|O|N,6,No,,Yoʻlga birga chiqqan savdogarlar,Traders setting out together on a road,Hard,Tarix,History,6,No,3,9
WB-1395,UZ-0395,UZ,Uzbek,Latin,BETON,BETON,BETON,5,B|E|T|O|N,5,No,,Toshli aralashmadan qotgan material,Material hardened from a stony mixture,Hard,Qurilish,Construction,5,No,3,8
WB-1396,UZ-0396,UZ,Uzbek,Latin,HAQIQAT,HAQIQAT,HAQIQAT,7,H|A|Q|I|Q|A|T,7,No,,Voqelikka toʻliq mos keladigan holat,A state fully matching reality,Hard,Tushuncha,Abstract,5,Yes,3,10
WB-1397,UZ-0397,UZ,Uzbek,Latin,SOGʻINCH,SOG'INCH,SOG'INCH,6,S|O|Gʻ|I|N|CH,8,Yes,Gʻ|CH,Yiroqdagini koʻrish istagi,The longing to see one who is far,Hard,Tuygʻu,Emotions,6,No,3,9
WB-1398,UZ-0398,UZ,Uzbek,Latin,OLMOSH,OLMOSH,OLMOSH,5,O|L|M|O|SH,6,Yes,SH,Nomni oʻrniga ishlatiladigan soʻz,A word used in place of a name,Hard,Til,Language,4,Yes,3,8
WB-1399,UZ-0399,UZ,Uzbek,Latin,QUVVAT,QUVVAT,QUVVAT,6,Q|U|V|V|A|T,6,No,,Ish bajarish imkoni miqdori,The measure of capacity to do work,Hard,Ilm,Science,5,Yes,3,9
WB-1400,UZ-0400,UZ,Uzbek,Latin,HUKM,HUKM,HUKM,4,H|U|K|M,4,No,,Sud chiqargan rasmiy qaror,The formal decision issued by a court,Hard,Huquq,Law,4,No,3,7
WB-1401,UZ-0401,UZ,Uzbek,Latin,MONOPOL,MONOPOL,MONOPOL,7,M|O|N|O|P|O|L,7,No,,Bozorda yolgʻiz hukmron boʻlgan,Ruling alone in a market,Hard,Iqtisod,Economics,5,Yes,3,10
WB-1402,UZ-0402,UZ,Uzbek,Latin,BITIK,BITIK,BITIK,5,B|I|T|I|K,5,No,,Toshga oʻyilgan qadimiy yozuv,An ancient inscription cut into stone,Hard,Tarix,History,4,Yes,3,8
WB-1403,UZ-0403,UZ,Uzbek,Latin,PANJARA,PANJARA,PANJARA,7,P|A|N|J|A|R|A,7,No,,Kesishgan tayoqlardan toʻsiq,A barrier of crossing bars,Hard,Qurilish,Construction,5,Yes,3,10
WB-1404,UZ-0404,UZ,Uzbek,Latin,YOLGʻON,YOLG'ON,YOLG'ON,6,Y|O|L|Gʻ|O|N,7,Yes,Gʻ,Voqelikka mos kelmaydigan gap,A statement not matching reality,Hard,Tushuncha,Abstract,5,Yes,3,9
WB-1405,UZ-0405,UZ,Uzbek,Latin,QAYGʻU,QAYG'U,QAYG'U,5,Q|A|Y|Gʻ|U,6,Yes,Gʻ,Yoʻqotishdan tugʻilgan ogʻir holat,A heavy state born of loss,Hard,Tuygʻu,Emotions,5,No,3,8
WB-1406,UZ-0406,UZ,Uzbek,Latin,KESIM,KESIM,KESIM,5,K|E|S|I|M,5,No,,Gapda harakatni bildiruvchi asosiy boʻlak,The main part of a clause naming the action,Hard,Til,Language,5,No,3,8
WB-1407,UZ-0407,UZ,Uzbek,Latin,HARORAT,HARORAT,HARORAT,7,H|A|R|O|R|A|T,7,No,,Issiqlik darajasining oʻlchovi,The measure of the degree of heat,Hard,Ilm,Science,5,Yes,3,10
WB-1408,UZ-0408,UZ,Uzbek,Latin,DAVLAT,DAVLAT,DAVLAT,6,D|A|V|L|A|T,6,No,,Hududni boshqaradigan siyosiy tuzum,The political order governing a territory,Hard,Huquq,Law,5,Yes,3,9
WB-1409,UZ-0409,UZ,Uzbek,Latin,EKSPORT,EKSPORT,EKSPORT,7,E|K|S|P|O|R|T,7,No,,Chetga sotib chiqarish faoliyati,The activity of selling abroad,Hard,Iqtisod,Economics,7,No,3,10
WB-1410,UZ-0410,UZ,Uzbek,Latin,XATTOT,XATTOT,XATTOT,6,X|A|T|T|O|T,6,No,,Goʻzal yozuv ustasi,A master of beautiful writing,Hard,Tarix,History,4,Yes,3,9
WB-1411,UZ-0411,UZ,Uzbek,Latin,QUVUR,QUVUR,QUVUR,5,Q|U|V|U|R,5,No,,Suyuqlik oʻtadigan ichi boʻsh naycha,A hollow tube through which liquid passes,Hard,Qurilish,Construction,4,Yes,3,8
WB-1412,UZ-0412,UZ,Uzbek,Latin,SHUBHA,SHUBHA,SHUBHA,5,SH|U|B|H|A,6,Yes,SH,Ishonch bilan rad orasidagi holat,A state between belief and denial,Hard,Tushuncha,Abstract,5,No,3,8
WB-1413,UZ-0413,UZ,Uzbek,Latin,TASHVISH,TASHVISH,TASHVISH,6,T|A|SH|V|I|SH,8,Yes,SH|SH,Boʻlishi mumkin yomonlikdan bezovtalik,Unease about a possible ill,Hard,Tuygʻu,Emotions,5,Yes,3,9
WB-1414,UZ-0414,UZ,Uzbek,Latin,URGʻU,URG'U,URG'U,4,U|R|Gʻ|U,5,Yes,Gʻ,Bir boʻgʻinga tushadigan kuch,The force falling on one syllable,Hard,Til,Language,3,Yes,3,7
WB-1415,UZ-0415,UZ,Uzbek,Latin,TOʻLQIN,TO'LQIN,TO'LQIN,6,T|Oʻ|L|Q|I|N,7,Yes,Oʻ,Tebranib tarqaladigan harakat,Motion spreading by vibration,Hard,Ilm,Science,6,No,3,9
WB-1416,UZ-0416,UZ,Uzbek,Latin,SIYOSAT,SIYOSAT,SIYOSAT,7,S|I|Y|O|S|A|T,7,No,,Davlatni boshqarish faoliyati,The activity of governing a state,Hard,Huquq,Law,6,Yes,3,10
WB-1417,UZ-0417,UZ,Uzbek,Latin,IMPORT,IMPORT,IMPORT,6,I|M|P|O|R|T,6,No,,Chetdan sotib keltirish faoliyati,The activity of buying from abroad,Hard,Iqtisod,Economics,6,No,3,9
WB-1418,UZ-0418,UZ,Uzbek,Latin,HUNAR,HUNAR,HUNAR,5,H|U|N|A|R,5,No,,Qoʻl bilan yaratish mahorati,Skill in making things by hand,Hard,Tarix,History,5,No,3,8
WB-1419,UZ-0419,UZ,Uzbek,Latin,CHIZGI,CHIZGI,CHIZGI,5,CH|I|Z|G|I,6,Yes,CH,Qurilma rejasi tushirilgan tasvir,A drawing carrying a plan of a structure,Hard,Qurilish,Construction,4,Yes,3,8
WB-1420,UZ-0420,UZ,Uzbek,Latin,GUMON,GUMON,GUMON,5,G|U|M|O|N,5,No,,Asossiz taxmin qilish holati,A state of assuming without grounds,Hard,Tushuncha,Abstract,5,No,3,8
WB-1421,UZ-0421,UZ,Uzbek,Latin,HAYRAT,HAYRAT,HAYRAT,6,H|A|Y|R|A|T,6,No,,Kutilmaganni koʻrgandagi hayajon,The stir of seeing the unexpected,Hard,Tuygʻu,Emotions,5,Yes,3,9
WB-1422,UZ-0422,UZ,Uzbek,Latin,SHEVA,SHEVA,SHEVA,4,SH|E|V|A,5,Yes,SH,Bir hududdagi til koʻrinishi,A form of speech in one region,Hard,Til,Language,4,No,3,7
WB-1423,UZ-0423,UZ,Uzbek,Latin,MAGNIT,MAGNIT,MAGNIT,6,M|A|G|N|I|T,6,No,,Temirni oʻziga tortadigan jism,A body that pulls iron to itself,Hard,Ilm,Science,6,No,3,9
WB-1424,UZ-0424,UZ,Uzbek,Latin,FUQARO,FUQARO,FUQARO,6,F|U|Q|A|R|O,6,No,,Davlatga rasmiy tegishli kishi,A person formally belonging to a state,Hard,Huquq,Law,6,No,3,9
WB-1425,UZ-0425,UZ,Uzbek,Latin,AKSIYA,AKSIYA,AKSIYA,6,A|K|S|I|Y|A,6,No,,Kompaniya ulushini bildiruvchi qogʻoz,A paper showing a share of a company,Hard,Iqtisod,Economics,5,Yes,3,9
WB-1426,UZ-0426,UZ,Uzbek,Latin,KULOL,KULOL,KULOL,5,K|U|L|O|L,5,No,,Loydan idish yasovchi hunarmand,A craftsman shaping vessels from clay,Hard,Tarix,History,4,Yes,3,8
WB-1427,UZ-0427,UZ,Uzbek,Latin,OʻLCHOV,O'LCHOV,O'LCHOV,5,Oʻ|L|CH|O|V,7,Yes,Oʻ|CH,Kattalikni aniqlash birligi,A unit for determining magnitude,Hard,Qurilish,Construction,5,No,3,8
WB-1428,UZ-0428,UZ,Uzbek,Latin,XAYOL,XAYOL,XAYOL,5,X|A|Y|O|L,5,No,,Aqldagi voqelikdan tashqari tasvir,An image in the mind beyond reality,Hard,Tushuncha,Abstract,5,No,3,8
WB-1429,UZ-0429,UZ,Uzbek,Latin,RAHM,RAHM,RAHM,4,R|A|H|M,4,No,,Qiyinlikdagiga yumshoq munosabat,A soft attitude towards one in hardship,Hard,Tuygʻu,Emotions,4,No,3,7
WB-1430,UZ-0430,UZ,Uzbek,Latin,TARJIMA,TARJIMA,TARJIMA,7,T|A|R|J|I|M|A,7,No,,Boshqa tilga oʻgirilgan matn,A text turned into another language,Hard,Til,Language,6,Yes,3,10
WB-1431,UZ-0431,UZ,Uzbek,Latin,KISLOTA,KISLOTA,KISLOTA,7,K|I|S|L|O|T|A,7,No,,Nordon taʼmli faol kimyoviy modda,An active chemical with a sour taste,Hard,Ilm,Science,7,No,3,10
WB-1432,UZ-0432,UZ,Uzbek,Latin,SAYLOV,SAYLOV,SAYLOV,6,S|A|Y|L|O|V,6,No,,Ovoz berib tanlash jarayoni,The process of choosing by voting,Hard,Huquq,Law,6,No,3,9
WB-1433,UZ-0433,UZ,Uzbek,Latin,KREDIT,KREDIT,KREDIT,6,K|R|E|D|I|T,6,No,,Foiz bilan qaytariladigan pul,Money returned with a percentage,Hard,Iqtisod,Economics,6,No,3,9
WB-1434,UZ-0434,UZ,Uzbek,Latin,ZARGAR,ZARGAR,ZARGAR,6,Z|A|R|G|A|R,6,No,,Qimmatbaho metalldan bezak yasovchi,One making ornaments from precious metal,Hard,Tarix,History,4,Yes,3,9
WB-1435,UZ-0435,UZ,Uzbek,Latin,TARAZI,TARAZI,TARAZI,6,T|A|R|A|Z|I,6,No,,Vaznni aniqlaydigan qurilma,A device that determines weight,Hard,Qurilish,Construction,5,Yes,3,9
WB-1436,UZ-0436,UZ,Uzbek,Latin,ORZU,ORZU,ORZU,4,O|R|Z|U,4,No,,Amalga oshishi kutilgan istak,A wish hoped to come true,Hard,Tushuncha,Abstract,4,No,3,7
WB-1437,UZ-0437,UZ,Uzbek,Latin,NADOMAT,NADOMAT,NADOMAT,7,N|A|D|O|M|A|T,7,No,,Qilgan ishdan afsuslanish,Regret over a deed done,Hard,Tuygʻu,Emotions,6,Yes,3,10
WB-1438,UZ-0438,UZ,Uzbek,Latin,MAJOZ,MAJOZ,MAJOZ,5,M|A|J|O|Z,5,No,,Koʻchma maʼnodagi ifoda,An expression in a transferred sense,Hard,Til,Language,5,No,3,8
WB-1439,UZ-0439,UZ,Uzbek,Latin,ERITMA,ERITMA,ERITMA,6,E|R|I|T|M|A,6,No,,Bir moddaning suyuqlikda tarqalgani,One substance spread through a liquid,Hard,Ilm,Science,6,No,3,9
WB-1440,UZ-0440,UZ,Uzbek,Latin,ARIZA,ARIZA,ARIZA,5,A|R|I|Z|A,5,No,,Rasmiy soʻrov yozilgan hujjat,A document stating an official request,Hard,Huquq,Law,4,Yes,3,8
WB-1441,UZ-0441,UZ,Uzbek,Latin,GAROV,GAROV,GAROV,5,G|A|R|O|V,5,No,,Toʻlov kafolati uchun qoʻyilgan mulk,Property put up to guarantee payment,Hard,Iqtisod,Economics,5,No,3,8
WB-1442,UZ-0442,UZ,Uzbek,Latin,MISGAR,MISGAR,MISGAR,6,M|I|S|G|A|R,6,No,,Qizil metalldan buyum yasovchi,One making goods from the red metal,Hard,Tarix,History,6,No,3,9
WB-1443,UZ-0443,UZ,Uzbek,Latin,SATH,SATH,SATH,4,S|A|T|H,4,No,,Bir tekis yuza darajasi,The level of an even surface,Hard,Qurilish,Construction,4,No,3,7
WB-1444,UZ-0444,UZ,Uzbek,Latin,MAQSAD,MAQSAD,MAQSAD,6,M|A|Q|S|A|D,6,No,,Harakat qaratilgan yakuniy nuqta,The end point that action is aimed at,Hard,Tushuncha,Abstract,5,Yes,3,9
WB-1445,UZ-0445,UZ,Uzbek,Latin,IZTIROB,IZTIROB,IZTIROB,7,I|Z|T|I|R|O|B,7,No,,Uzoq davom etgan ichki ogʻriq,A long-lasting inner pain,Hard,Tuygʻu,Emotions,6,Yes,3,10
WB-1446,UZ-0446,UZ,Uzbek,Latin,QOFIYA,QOFIYA,QOFIYA,6,Q|O|F|I|Y|A,6,No,,Misra oxiridagi tovush mosligi,The sound match at the end of verse lines,Hard,Til,Language,6,No,3,9
WB-1447,UZ-0447,UZ,Uzbek,Latin,HUJAYRA,HUJAYRA,HUJAYRA,7,H|U|J|A|Y|R|A,7,No,,Tirik organizmning eng kichik birligi,The smallest unit of a living organism,Hard,Ilm,Science,6,Yes,3,10
WB-1448,UZ-0448,UZ,Uzbek,Latin,VAKIL,VAKIL,VAKIL,5,V|A|K|I|L,5,No,,Boshqa nomidan ish yurituvchi,One acting in another's name,Hard,Huquq,Law,5,No,3,8
WB-1449,UZ-0449,UZ,Uzbek,Latin,SUGʻURTA,SUG'URTA,SUG'URTA,7,S|U|Gʻ|U|R|T|A,8,Yes,Gʻ,Zararni qoplash shartnomasi,A contract to cover a loss,Hard,Iqtisod,Economics,6,Yes,3,10
WB-1450,UZ-0450,UZ,Uzbek,Latin,DUTOR,DUTOR,DUTOR,5,D|U|T|O|R,5,No,,Ikki torli milliy musiqa asbobi,A two-stringed national instrument,Hard,Tarix,History,5,No,3,8
WB-1451,UZ-0451,UZ,Uzbek,Latin,PARRAK,PARRAK,PARRAK,6,P|A|R|R|A|K,6,No,,Aylanib havo suradigan qism,A part that turns and drives air,Hard,Qurilish,Construction,4,Yes,3,9
WB-1452,UZ-0452,UZ,Uzbek,Latin,IRODA,IRODA,IRODA,5,I|R|O|D|A,5,No,,Qarorda qatʼiy turish quvvati,The power of standing firm in a decision,Hard,Tushuncha,Abstract,5,No,3,8
WB-1453,UZ-0453,UZ,Uzbek,Latin,SABOT,SABOT,SABOT,5,S|A|B|O|T,5,No,,Qiyinlikda ham buzilmaslik,Not breaking even under hardship,Hard,Tuygʻu,Emotions,5,No,3,8
WB-1454,UZ-0454,UZ,Uzbek,Latin,MISRA,MISRA,MISRA,5,M|I|S|R|A,5,No,,Sheʼrning bitta qatori,One line of a poem,Hard,Til,Language,5,No,3,8
WB-1455,UZ-0455,UZ,Uzbek,Latin,TOʻQIMA,TO'QIMA,TO'QIMA,6,T|Oʻ|Q|I|M|A,7,Yes,Oʻ,Bir turdagi hujayralar qatlami,A layer of cells of one kind,Hard,Ilm,Science,6,No,3,9
WB-1456,UZ-0456,UZ,Uzbek,Latin,NIZOM,NIZOM,NIZOM,5,N|I|Z|O|M,5,No,,Tashkilotning asosiy qoidalar hujjati,An organisation's core rules document,Hard,Huquq,Law,5,No,3,8
WB-1457,UZ-0457,UZ,Uzbek,Latin,BUDJET,BUDJET,BUDJET,6,B|U|D|J|E|T,6,No,,Kirim va chiqim rejasi,A plan of income and outgo,Hard,Iqtisod,Economics,6,No,3,9
WB-1458,UZ-0458,UZ,Uzbek,Latin,DOIRA,DOIRA,DOIRA,5,D|O|I|R|A,5,No,,Qoʻl bilan urib chalinadigan asbob,An instrument struck with the hand,Hard,Tarix,History,5,No,3,8
WB-1459,UZ-0459,UZ,Uzbek,Latin,DASTAK,DASTAK,DASTAK,6,D|A|S|T|A|K,6,No,,Qoʻl bilan bosiladigan boshqaruv qismi,A control part pressed by hand,Hard,Qurilish,Construction,5,Yes,3,9
WB-1460,UZ-0460,UZ,Uzbek,Latin,QISMAT,QISMAT,QISMAT,6,Q|I|S|M|A|T,6,No,,Insonga yozilgan deb bilingan yoʻl,The path believed to be written for a person,Hard,Tushuncha,Abstract,6,No,3,9
WB-1461,UZ-0461,UZ,Uzbek,Latin,VAHIMA,VAHIMA,VAHIMA,6,V|A|H|I|M|A,6,No,,Tez yoyiladigan kuchli qoʻrquv,A strong fear that spreads fast,Hard,Tuygʻu,Emotions,5,Yes,3,9
WB-1462,UZ-0462,UZ,Uzbek,Latin,GʻAZAL,G'AZAL,G'AZAL,5,Gʻ|A|Z|A|L,6,Yes,Gʻ,Sharq sheʼriyatining sevgi janri,The love genre of Eastern poetry,Hard,Til,Language,4,Yes,3,8
WB-1463,UZ-0463,UZ,Uzbek,Latin,NAFAS,NAFAS,NAFAS,5,N|A|F|A|S,5,No,,Havoni olish va chiqarish jarayoni,The process of taking and letting out air,Hard,Ilm,Science,4,Yes,3,8
WB-1464,UZ-0464,UZ,Uzbek,Latin,MAJBUR,MAJBUR,MAJBUR,6,M|A|J|B|U|R,6,No,,Xohishiga qarshi qilishga qoʻyilgan,Put to act against one's wish,Hard,Huquq,Law,6,No,3,9
WB-1465,UZ-0465,UZ,Uzbek,Latin,TAQCHIL,TAQCHIL,TAQCHIL,6,T|A|Q|CH|I|L,7,Yes,CH,"Yetishmayotgan, kam topiladigan","Lacking, hard to come by",Hard,Iqtisod,Economics,6,No,3,9
WB-1466,UZ-0466,UZ,Uzbek,Latin,MAQOM,MAQOM,MAQOM,5,M|A|Q|O|M,5,No,,Sharq musiqasining klassik tizimi,The classical system of Eastern music,Hard,Tarix,History,4,Yes,3,8
WB-1467,UZ-0467,UZ,Uzbek,Latin,ABADIY,ABADIY,ABADIY,6,A|B|A|D|I|Y,6,No,,Hech qachon tugamaydigan,Never coming to an end,Hard,Tushuncha,Abstract,5,Yes,3,9
WB-1468,UZ-0468,UZ,Uzbek,Latin,RUBOIY,RUBOIY,RUBOIY,6,R|U|B|O|I|Y,6,No,,Toʻrt qatorli sheʼr shakli,A four-line verse form,Hard,Til,Language,6,No,3,9
WB-1469,UZ-0469,UZ,Uzbek,Latin,ASAB,ASAB,ASAB,4,A|S|A|B,4,No,,Tanada xabar uzatuvchi tola,A fibre carrying messages in the body,Hard,Ilm,Science,3,Yes,3,7
WB-1470,UZ-0470,UZ,Uzbek,Latin,ODIL,ODIL,ODIL,4,O|D|I|L,4,No,,Har kimga haqqini beradigan,Giving each one their due,Hard,Huquq,Law,4,No,3,7
WB-1471,UZ-0471,UZ,Uzbek,Latin,SAMARA,SAMARA,SAMARA,6,S|A|M|A|R|A,6,No,,Harakatdan kelgan foydali natija,The useful result coming from effort,Hard,Iqtisod,Economics,4,Yes,3,9
WB-1472,UZ-0472,UZ,Uzbek,Latin,FONIY,FONIY,FONIY,5,F|O|N|I|Y,5,No,,Vaqti kelib yoʻqoladigan,Passing away in due time,Hard,Tushuncha,Abstract,5,No,3,8
WB-1473,UZ-0473,UZ,Uzbek,Latin,DOSTON,DOSTON,DOSTON,6,D|O|S|T|O|N,6,No,,Uzun voqeaband sheʼriy asar,A long narrative work in verse,Hard,Til,Language,5,Yes,3,9
WB-1474,UZ-0474,UZ,Uzbek,Latin,MIYA,MIYA,MIYA,4,M|I|Y|A,4,No,,Bosh ichidagi boshqaruv organi,The controlling organ inside the head,Hard,Ilm,Science,4,No,3,7
WB-1475,UZ-0475,UZ,Uzbek,Latin,ULGURJI,ULGURJI,ULGURJI,7,U|L|G|U|R|J|I,7,No,,Katta hajmda savdo qilish usuli,A way of trading in large volume,Hard,Iqtisod,Economics,6,Yes,3,10
WB-1476,UZ-0476,UZ,Uzbek,Latin,RUHIY,RUHIY,RUHIY,5,R|U|H|I|Y,5,No,,Ichki kechinmalarga tegishli,Belonging to inner experience,Hard,Tushuncha,Abstract,5,No,3,8
WB-1477,UZ-0477,UZ,Uzbek,Latin,HAJV,HAJV,HAJV,4,H|A|J|V,4,No,,Kamchilikni kulgi bilan ochish,Exposing a flaw through laughter,Hard,Til,Language,4,No,3,7
WB-1478,UZ-0478,UZ,Uzbek,Latin,IRSIY,IRSIY,IRSIY,5,I|R|S|I|Y,5,No,,Ota-onadan oʻtib keladigan,Passing down from parents,Hard,Ilm,Science,4,Yes,3,8
WB-1479,UZ-0479,UZ,Uzbek,Latin,CHAKANA,CHAKANA,CHAKANA,6,CH|A|K|A|N|A,7,Yes,CH,Birma-bir sotish usuli,A way of selling piece by piece,Hard,Iqtisod,Economics,4,Yes,3,9
WB-1480,UZ-0480,UZ,Uzbek,Latin,NAFOSAT,NAFOSAT,NAFOSAT,7,N|A|F|O|S|A|T,7,No,,Goʻzallikni sezish nozikligi,Fineness in sensing beauty,Hard,Tushuncha,Abstract,6,Yes,3,10
WB-1481,UZ-0481,UZ,Uzbek,Latin,RIVOYAT,RIVOYAT,RIVOYAT,7,R|I|V|O|Y|A|T,7,No,,Ogʻizdan ogʻizga oʻtgan qadimiy hikoya,An old tale passed from mouth to mouth,Hard,Til,Language,7,No,3,10
WB-1482,UZ-0482,UZ,Uzbek,Latin,TURKUM,TURKUM,TURKUM,6,T|U|R|K|U|M,6,No,,Oʻxshash narsalar birlashgan guruh,A group where like things are joined,Hard,Ilm,Science,5,Yes,3,9
WB-1483,UZ-0483,UZ,Uzbek,Latin,SALOBAT,SALOBAT,SALOBAT,7,S|A|L|O|B|A|T,7,No,,Hurmat uygʻotadigan vazminlik,A gravity that awakens respect,Hard,Tushuncha,Abstract,6,Yes,3,10
WB-1484,UZ-0484,UZ,Uzbek,Latin,NASR,NASR,NASR,4,N|A|S|R,4,No,,Sheʼr boʻlmagan oddiy yozuv,Ordinary writing that is not verse,Hard,Til,Language,4,No,3,7
WB-1485,UZ-0485,UZ,Uzbek,Latin,MUHIT,MUHIT,MUHIT,5,M|U|H|I|T,5,No,,Tirik jonni oʻrab turgan sharoit,The conditions surrounding a living thing,Hard,Ilm,Science,5,No,3,8
WB-1486,UZ-0486,UZ,Uzbek,Latin,MAHOBAT,MAHOBAT,MAHOBAT,7,M|A|H|O|B|A|T,7,No,,Koʻrinishning ulugʻvor kattaligi,The grand scale of an appearance,Hard,Tushuncha,Abstract,6,Yes,3,10
WB-1487,UZ-0487,UZ,Uzbek,Latin,OHANG,OHANG,OHANG,5,O|H|A|N|G,5,No,,Tovushlarning yoqimli ketma-ketligi,A pleasing sequence of sounds,Hard,Tushuncha,Abstract,5,No,3,8
WB-1488,UZ-0488,UZ,Uzbek,Latin,SUKUNAT,SUKUNAT,SUKUNAT,7,S|U|K|U|N|A|T,7,No,,Hech qanday ovoz yoʻq holat,A state with no sound at all,Hard,Tushuncha,Abstract,6,Yes,3,10
WB-1489,UZ-0489,UZ,Uzbek,Latin,ZULMAT,ZULMAT,ZULMAT,6,Z|U|L|M|A|T,6,No,,Yorugʻlik butunlay yoʻq holat,A state with no light at all,Hard,Tushuncha,Abstract,6,No,3,9
WB-1490,UZ-0490,UZ,Uzbek,Latin,SHAFAQ,SHAFAQ,SHAFAQ,5,SH|A|F|A|Q,6,Yes,SH,Quyosh chiqishi va botishidagi qizillik,The redness at sunrise and sunset,Hard,Tushuncha,Abstract,4,Yes,3,8
WB-1491,UZ-0491,UZ,Uzbek,Latin,SAROB,SAROB,SAROB,5,S|A|R|O|B,5,No,,Choʻlda koʻringan aldamchi tasvir,A deceiving image seen in the desert,Hard,Tushuncha,Abstract,5,No,3,8
WB-1492,UZ-0492,UZ,Uzbek,Latin,GIRDOB,GIRDOB,GIRDOB,6,G|I|R|D|O|B,6,No,,Suvning aylanib tortuvchi joyi,The spot where water turns and pulls down,Hard,Tushuncha,Abstract,6,No,3,9
WB-1493,UZ-0493,UZ,Uzbek,Latin,MASOFA,MASOFA,MASOFA,6,M|A|S|O|F|A,6,No,,Ikki joy orasidagi uzoqlik,The remoteness between two places,Hard,Tushuncha,Abstract,5,Yes,3,9
WB-1494,UZ-0494,UZ,Uzbek,Latin,CHEGARA,CHEGARA,CHEGARA,6,CH|E|G|A|R|A,7,Yes,CH,Ikki hududni ajratuvchi chiziq,A line separating two territories,Hard,Tushuncha,Abstract,5,Yes,3,9
WB-1495,UZ-0495,UZ,Uzbek,Latin,HUDUD,HUDUD,HUDUD,5,H|U|D|U|D,5,No,,Chegara bilan belgilangan joy,A place marked out by a border,Hard,Tushuncha,Abstract,3,Yes,3,8
WB-1496,UZ-0496,UZ,Uzbek,Latin,TARTIB,TARTIB,TARTIB,6,T|A|R|T|I|B,6,No,,Narsalarning joylashuv qoidasi,The rule by which things are arranged,Hard,Tushuncha,Abstract,5,Yes,3,9
WB-1497,UZ-0497,UZ,Uzbek,Latin,TIZIM,TIZIM,TIZIM,5,T|I|Z|I|M,5,No,,Bogʻlangan qismlar butunligi,A whole of connected parts,Hard,Tushuncha,Abstract,4,Yes,3,8
WB-1498,UZ-0498,UZ,Uzbek,Latin,USLUB,USLUB,USLUB,5,U|S|L|U|B,5,No,,Ish bajarishning oʻziga xos tarzi,A distinctive manner of doing something,Hard,Tushuncha,Abstract,4,Yes,3,8
WB-1499,UZ-0499,UZ,Uzbek,Latin,SHAROIT,SHAROIT,SHAROIT,6,SH|A|R|O|I|T,7,Yes,SH,Ish bajarilishi uchun zarur holat,The state required for something to happen,Hard,Tushuncha,Abstract,6,No,3,9
WB-1500,UZ-0500,UZ,Uzbek,Latin,OMIL,OMIL,OMIL,4,O|M|I|L,4,No,,Natijaga taʼsir qiluvchi sabab,A cause affecting an outcome,Hard,Tushuncha,Abstract,4,No,3,7
WB-1501,RU-0001,RU,Russian,Cyrillic,НЕБО,NEBO,НЕБО,4,Н|Е|Б|О,4,No,,Широкое пространство над нами,The wide space above us,Easy,Природа,Nature,4,No,2,6
WB-1502,RU-0002,RU,Russian,Cyrillic,КОШКА,KOSHKA,КОШКА,5,К|О|Ш|К|А,5,No,,"Домашний зверь, который мурлычет",A house animal that purrs,Easy,Животные,Animals,4,Yes,2,7
WB-1503,RU-0003,RU,Russian,Cyrillic,МЯСО,MYASO,МЯСО,4,М|Я|С|О,4,No,,Еда из животного,Food that comes from an animal,Easy,Еда,Food,4,No,2,6
WB-1504,RU-0004,RU,Russian,Cyrillic,ДВЕРЬ,DVER,ДВЕРЬ,5,Д|В|Е|Р|Ь,5,No,Ь,"Открывают, чтобы войти",You open it to go in,Easy,Дом,Home,5,No,2,7
WB-1505,RU-0005,RU,Russian,Cyrillic,РУБАШКА,RUBASHKA,РУБАШКА,7,Р|У|Б|А|Ш|К|А,7,No,,Одежда с рукавами на верх тела,A sleeved garment for the upper body,Easy,Одежда,Clothing,6,Yes,2,9
WB-1506,RU-0006,RU,Russian,Cyrillic,НОГА,NOGA,НОГА,4,Н|О|Г|А,4,No,,Часть тела для ходьбы,The body part for walking,Easy,Тело,Body,4,No,2,6
WB-1507,RU-0007,RU,Russian,Cyrillic,ГОРОД,GOROD,ГОРОД,5,Г|О|Р|О|Д,5,No,,"Большое место, где живёт много людей",A large place where many people live,Easy,Город,City,4,Yes,2,7
WB-1508,RU-0008,RU,Russian,Cyrillic,НЕДЕЛЯ,NEDELYA,НЕДЕЛЯ,6,Н|Е|Д|Е|Л|Я,6,No,,Семь дней вместе,Seven days together,Easy,Время,Time,5,Yes,2,8
WB-1509,RU-0009,RU,Russian,Cyrillic,ЦЕНА,TSENA,ЦЕНА,4,Ц|Е|Н|А,4,No,,"Сумма, которую надо заплатить",The amount that must be paid,Easy,Работа,Work,4,No,2,6
WB-1510,RU-0010,RU,Russian,Cyrillic,КНИГА,KNIGA,КНИГА,5,К|Н|И|Г|А,5,No,,Скреплённые вместе страницы,Pages bound together,Easy,Школа,School,5,No,2,7
WB-1511,RU-0011,RU,Russian,Cyrillic,ЧЁРНЫЙ,CHYORNYY,ЧЕРНЫЙ,6,Ч|Ё|Р|Н|Ы|Й,6,No,Ё,Самый тёмный цвет,The darkest colour,Easy,Цвета,Colours,6,No,2,8
WB-1512,RU-0012,RU,Russian,Cyrillic,ИГРА,IGRA,ИГРА,4,И|Г|Р|А,4,No,,Занятие ради удовольствия,An activity done for pleasure,Easy,Спорт,Sport,4,No,2,6
WB-1513,RU-0013,RU,Russian,Cyrillic,БОЛЬШОЙ,BOLSHOY,БОЛЬШОЙ,7,Б|О|Л|Ь|Ш|О|Й,7,No,Ь,Крупный по размеру,Large in size,Easy,Качества,Qualities,6,Yes,2,9
WB-1514,RU-0014,RU,Russian,Cyrillic,ПИСАТЬ,PISAT,ПИСАТЬ,6,П|И|С|А|Т|Ь,6,No,Ь,Наносить знаки на бумагу,To put marks on paper,Easy,Действия,Actions,6,No,2,8
WB-1515,RU-0015,RU,Russian,Cyrillic,РЕБЁНОК,REBYONOK,РЕБЕНОК,7,Р|Е|Б|Ё|Н|О|К,7,No,Ё,Очень юный человек,A very young person,Easy,Люди,People,7,No,2,9
WB-1516,RU-0016,RU,Russian,Cyrillic,ЭКРАН,EKRAN,ЭКРАН,5,Э|К|Р|А|Н,5,No,,Плоская видимая часть устройства,The flat visible part of a device,Easy,Техника,Technology,5,No,2,7
WB-1517,RU-0017,RU,Russian,Cyrillic,СОЛНЦЕ,SOLNTSE,СОЛНЦЕ,6,С|О|Л|Н|Ц|Е,6,No,,Даёт свет и тепло днём,It gives light and heat by day,Easy,Природа,Nature,6,No,2,8
WB-1518,RU-0018,RU,Russian,Cyrillic,СОБАКА,SOBAKA,СОБАКА,6,С|О|Б|А|К|А,6,No,,"Домашний зверь, который лает",A house animal that barks,Easy,Животные,Animals,5,Yes,2,8
WB-1519,RU-0019,RU,Russian,Cyrillic,ЯЙЦО,YAYTSO,ЯЙЦО,4,Я|Й|Ц|О,4,No,,"Белое, что несёт курица",The white thing a hen lays,Easy,Еда,Food,4,No,2,6
WB-1520,RU-0020,RU,Russian,Cyrillic,СТЕНА,STENA,СТЕНА,5,С|Т|Е|Н|А,5,No,,Ровная боковая сторона комнаты,The flat side of a room,Easy,Дом,Home,5,No,2,7
WB-1521,RU-0021,RU,Russian,Cyrillic,БРЮКИ,BRYUKI,БРЮКИ,5,Б|Р|Ю|К|И,5,No,,Одежда на обе ноги,Clothing for both legs,Easy,Одежда,Clothing,5,No,2,7
WB-1522,RU-0022,RU,Russian,Cyrillic,РУКА,RUKA,РУКА,4,Р|У|К|А,4,No,,"Часть тела, которой берут",The body part you take things with,Easy,Тело,Body,4,No,2,6
WB-1523,RU-0023,RU,Russian,Cyrillic,УЛИЦА,ULITSA,УЛИЦА,5,У|Л|И|Ц|А,5,No,,"Дорога, вдоль которой дома",A road lined with houses,Easy,Город,City,5,No,2,7
WB-1524,RU-0024,RU,Russian,Cyrillic,МИНУТА,MINUTA,МИНУТА,6,М|И|Н|У|Т|А,6,No,,Шестьдесят секунд,Sixty seconds,Easy,Время,Time,6,No,2,8
WB-1525,RU-0025,RU,Russian,Cyrillic,ДЕНЬГИ,DENGI,ДЕНЬГИ,6,Д|Е|Н|Ь|Г|И,6,No,Ь,Ими платят за товары,Goods are paid for with them,Easy,Работа,Work,6,No,2,8
WB-1526,RU-0026,RU,Russian,Cyrillic,ТЕТРАДЬ,TETRAD,ТЕТРАДЬ,7,Т|Е|Т|Р|А|Д|Ь,7,No,Ь,Тонкая книжка для записей,A thin booklet for writing in,Easy,Школа,School,6,Yes,2,9
WB-1527,RU-0027,RU,Russian,Cyrillic,КРАСНЫЙ,KRASNYY,КРАСНЫЙ,7,К|Р|А|С|Н|Ы|Й,7,No,,Цвет крови и огня,The colour of blood and fire,Easy,Цвета,Colours,7,No,2,9
WB-1528,RU-0028,RU,Russian,Cyrillic,СПОРТ,SPORT,СПОРТ,5,С|П|О|Р|Т,5,No,,Телесное занятие с правилами,A physical activity with rules,Easy,Спорт,Sport,5,No,2,7
WB-1529,RU-0029,RU,Russian,Cyrillic,НОВЫЙ,NOVYY,НОВЫЙ,5,Н|О|В|Ы|Й,5,No,,Только что появившийся,Just come into being,Easy,Качества,Qualities,5,No,2,7
WB-1530,RU-0030,RU,Russian,Cyrillic,ЧИТАТЬ,CHITAT,ЧИТАТЬ,6,Ч|И|Т|А|Т|Ь,6,No,Ь,Смотреть на текст и понимать,To look at text and understand,Easy,Действия,Actions,5,Yes,2,8
WB-1531,RU-0031,RU,Russian,Cyrillic,СЕМЬЯ,SEMYA,СЕМЬЯ,5,С|Е|М|Ь|Я,5,No,Ь,"Отец, мать и дети","Father, mother and children",Easy,Люди,People,5,No,2,7
WB-1532,RU-0032,RU,Russian,Cyrillic,ПАРОЛЬ,PAROL,ПАРОЛЬ,6,П|А|Р|О|Л|Ь,6,No,Ь,Тайное слово для входа,A secret word for entry,Easy,Техника,Technology,6,No,2,8
WB-1533,RU-0033,RU,Russian,Cyrillic,ЗВЕЗДА,ZVEZDA,ЗВЕЗДА,6,З|В|Е|З|Д|А,6,No,,Светящаяся точка на ночном небе,A shining point in the night sky,Easy,Природа,Nature,5,Yes,2,8
WB-1534,RU-0034,RU,Russian,Cyrillic,РЫБА,RYBA,РЫБА,4,Р|Ы|Б|А,4,No,,"Существо, живущее в воде",A creature that lives in water,Easy,Животные,Animals,4,No,2,6
WB-1535,RU-0035,RU,Russian,Cyrillic,САХАР,SAKHAR,САХАР,5,С|А|Х|А|Р,5,No,,Сладкий белый порошок для чая,Sweet white powder for tea,Easy,Еда,Food,4,Yes,2,7
WB-1536,RU-0036,RU,Russian,Cyrillic,СТОЛ,STOL,СТОЛ,4,С|Т|О|Л,4,No,,"Мебель, за которой едят",Furniture you eat at,Easy,Дом,Home,4,No,2,6
WB-1537,RU-0037,RU,Russian,Cyrillic,ПЛАТОК,PLATOK,ПЛАТОК,6,П|Л|А|Т|О|К,6,No,,"Ткань, которой повязывают голову",Cloth tied around the head,Easy,Одежда,Clothing,6,No,2,8
WB-1538,RU-0038,RU,Russian,Cyrillic,ГЛАЗ,GLAZ,ГЛАЗ,4,Г|Л|А|З,4,No,,"Орган, которым видят",The organ that sees,Easy,Тело,Body,4,No,2,6
WB-1539,RU-0039,RU,Russian,Cyrillic,РЫНОК,RYNOK,РЫНОК,5,Р|Ы|Н|О|К,5,No,,"Место, где много продавцов",A place with many sellers,Easy,Город,City,5,No,2,7
WB-1540,RU-0040,RU,Russian,Cyrillic,ЗАВТРА,ZAVTRA,ЗАВТРА,6,З|А|В|Т|Р|А,6,No,,День после нынешнего,The day after this one,Easy,Время,Time,5,Yes,2,8
WB-1541,RU-0041,RU,Russian,Cyrillic,СЧЁТ,SCHYOT,СЧЕТ,4,С|Ч|Ё|Т,4,No,Ё,"Запись о том, сколько надо заплатить",A record of how much must be paid,Easy,Работа,Work,4,No,2,6
WB-1542,RU-0042,RU,Russian,Cyrillic,БУКВА,BUKVA,БУКВА,5,Б|У|К|В|А,5,No,,Один знак алфавита,One sign of the alphabet,Easy,Школа,School,5,No,2,7
WB-1543,RU-0043,RU,Russian,Cyrillic,ЗЕЛЁНЫЙ,ZELYONYY,ЗЕЛЕНЫЙ,7,З|Е|Л|Ё|Н|Ы|Й,7,No,Ё,Цвет травы,The colour of grass,Easy,Цвета,Colours,7,No,2,9
WB-1544,RU-0044,RU,Russian,Cyrillic,МЕДАЛЬ,MEDAL,МЕДАЛЬ,6,М|Е|Д|А|Л|Ь,6,No,Ь,Металлический знак победителю,A metal token for a winner,Easy,Спорт,Sport,6,No,2,8
WB-1545,RU-0045,RU,Russian,Cyrillic,СТАРЫЙ,STARYY,СТАРЫЙ,6,С|Т|А|Р|Ы|Й,6,No,,Существующий долгое время,Existing for a long time,Easy,Качества,Qualities,6,No,2,8
WB-1546,RU-0046,RU,Russian,Cyrillic,ИДТИ,IDTI,ИДТИ,4,И|Д|Т|И,4,No,,Двигаться на ногах,To move on foot,Easy,Действия,Actions,3,Yes,2,6
WB-1547,RU-0047,RU,Russian,Cyrillic,ДРУГ,DRUG,ДРУГ,4,Д|Р|У|Г,4,No,,"Близкий человек, которому доверяют",A close person you trust,Easy,Люди,People,4,No,2,6
WB-1548,RU-0048,RU,Russian,Cyrillic,ФАЙЛ,FAYL,ФАЙЛ,4,Ф|А|Й|Л,4,No,,"Документ, сохранённый в устройстве",A document saved in a device,Easy,Техника,Technology,4,No,2,6
WB-1549,RU-0049,RU,Russian,Cyrillic,ДЕРЕВО,DEREVO,ДЕРЕВО,6,Д|Е|Р|Е|В|О,6,No,,Высокое растение со стволом и ветвями,A tall plant with a trunk and branches,Easy,Природа,Nature,5,Yes,2,8
WB-1550,RU-0050,RU,Russian,Cyrillic,КОРОВА,KOROVA,КОРОВА,6,К|О|Р|О|В|А,6,No,,Даёт нам молоко,It gives us milk,Easy,Животные,Animals,5,Yes,2,8
WB-1551,RU-0051,RU,Russian,Cyrillic,КОФЕ,KOFE,КОФЕ,4,К|О|Ф|Е,4,No,,Горячий тёмный бодрящий напиток,A hot dark drink that wakes you,Easy,Еда,Food,4,No,2,6
WB-1552,RU-0052,RU,Russian,Cyrillic,СТУЛ,STUL,СТУЛ,4,С|Т|У|Л,4,No,,Мебель для сидения,Furniture for sitting,Easy,Дом,Home,4,No,2,6
WB-1553,RU-0053,RU,Russian,Cyrillic,ШАПКА,SHAPKA,ШАПКА,5,Ш|А|П|К|А,5,No,,"Мягкое, носят на голове",A soft thing worn on the head,Easy,Одежда,Clothing,4,Yes,2,7
WB-1554,RU-0054,RU,Russian,Cyrillic,СЕРДЦЕ,SERDTSE,СЕРДЦЕ,6,С|Е|Р|Д|Ц|Е,6,No,,"Орган, бьющийся в груди",The organ beating in the chest,Easy,Тело,Body,5,Yes,2,8
WB-1555,RU-0055,RU,Russian,Cyrillic,МАГАЗИН,MAGAZIN,МАГАЗИН,7,М|А|Г|А|З|И|Н,7,No,,"Место, где покупают вещи",A place where you buy things,Easy,Город,City,6,Yes,2,9
WB-1556,RU-0056,RU,Russian,Cyrillic,СЕГОДНЯ,SEGODNYA,СЕГОДНЯ,7,С|Е|Г|О|Д|Н|Я,7,No,,Нынешний день,This present day,Easy,Время,Time,7,No,2,9
WB-1557,RU-0057,RU,Russian,Cyrillic,СКИДКА,SKIDKA,СКИДКА,6,С|К|И|Д|К|А,6,No,,Уменьшение цены,A reduction of the price,Easy,Работа,Work,5,Yes,2,8
WB-1558,RU-0058,RU,Russian,Cyrillic,ЦИФРА,TSIFRA,ЦИФРА,5,Ц|И|Ф|Р|А,5,No,,Знак для счёта,A sign used for counting,Easy,Школа,School,5,No,2,7
WB-1559,RU-0059,RU,Russian,Cyrillic,ЖЁЛТЫЙ,ZHYOLTYY,ЖЕЛТЫЙ,6,Ж|Ё|Л|Т|Ы|Й,6,No,Ё,Цвет лимона,The colour of a lemon,Easy,Цвета,Colours,6,No,2,8
WB-1560,RU-0060,RU,Russian,Cyrillic,ПРЫЖОК,PRYZHOK,ПРЫЖОК,6,П|Р|Ы|Ж|О|К,6,No,,Отрыв от земли с места,A leap off the ground,Easy,Спорт,Sport,6,No,2,8
WB-1561,RU-0061,RU,Russian,Cyrillic,ХОРОШИЙ,KHOROSHIY,ХОРОШИЙ,7,Х|О|Р|О|Ш|И|Й,7,No,,"Такой, каким должен быть",As it should be,Easy,Качества,Qualities,6,Yes,2,9
WB-1562,RU-0062,RU,Russian,Cyrillic,СПАТЬ,SPAT,СПАТЬ,5,С|П|А|Т|Ь,5,No,Ь,Отдыхать с закрытыми глазами,To rest with closed eyes,Easy,Действия,Actions,5,No,2,7
WB-1563,RU-0063,RU,Russian,Cyrillic,ГОСТЬ,GOST,ГОСТЬ,5,Г|О|С|Т|Ь,5,No,Ь,"Человек, приглашённый в дом",A person invited to the home,Easy,Люди,People,5,No,2,7
WB-1564,RU-0064,RU,Russian,Cyrillic,ТЕЛЕФОН,TELEFON,ТЕЛЕФОН,7,Т|Е|Л|Е|Ф|О|Н,7,No,,Устройство для разговора на расстоянии,A device for speaking at a distance,Easy,Техника,Technology,6,Yes,2,9
WB-1565,RU-0065,RU,Russian,Cyrillic,ЛИСТ,LIST,ЛИСТ,4,Л|И|С|Т,4,No,,Зелёная часть растения,The green part of a plant,Easy,Природа,Nature,4,No,2,6
WB-1566,RU-0066,RU,Russian,Cyrillic,КОЗА,KOZA,КОЗА,4,К|О|З|А,4,No,,"Рогатое животное, лазает по склонам",A horned animal that climbs slopes,Easy,Животные,Animals,4,No,2,6
WB-1567,RU-0067,RU,Russian,Cyrillic,ЯБЛОКО,YABLOKO,ЯБЛОКО,6,Я|Б|Л|О|К|О,6,No,,Круглый красный или зелёный плод,A round red or green fruit,Easy,Еда,Food,5,Yes,2,8
WB-1568,RU-0068,RU,Russian,Cyrillic,ПОТОЛОК,POTOLOK,ПОТОЛОК,7,П|О|Т|О|Л|О|К,7,No,,Поверхность над нами в комнате,The surface above us in a room,Easy,Дом,Home,5,Yes,2,9
WB-1569,RU-0069,RU,Russian,Cyrillic,ПАЛЬТО,PALTO,ПАЛЬТО,6,П|А|Л|Ь|Т|О,6,No,Ь,Верхняя одежда для холода,Outer clothing for cold weather,Easy,Одежда,Clothing,6,No,2,8
WB-1570,RU-0070,RU,Russian,Cyrillic,ПАЛЕЦ,PALETS,ПАЛЕЦ,5,П|А|Л|Е|Ц,5,No,,Одна из пяти частей на кисти,One of five parts on the hand,Easy,Тело,Body,5,No,2,7
WB-1571,RU-0071,RU,Russian,Cyrillic,БАНК,BANK,БАНК,4,Б|А|Н|К,4,No,,Там хранят деньги,Money is kept there,Easy,Город,City,4,No,2,6
WB-1572,RU-0072,RU,Russian,Cyrillic,ВЧЕРА,VCHERA,ВЧЕРА,5,В|Ч|Е|Р|А,5,No,,День перед нынешним,The day before this one,Easy,Время,Time,5,No,2,7
WB-1573,RU-0073,RU,Russian,Cyrillic,ПОДАРОК,PODAROK,ПОДАРОК,7,П|О|Д|А|Р|О|К,7,No,,"То, что дают бесплатно",Something given for free,Easy,Работа,Work,6,Yes,2,9
WB-1574,RU-0074,RU,Russian,Cyrillic,БУМАГА,BUMAGA,БУМАГА,6,Б|У|М|А|Г|А,6,No,,"Тонкий материал, на котором пишут",Thin material you write on,Easy,Школа,School,5,Yes,2,8
WB-1575,RU-0075,RU,Russian,Cyrillic,БЕЛЫЙ,BELYY,БЕЛЫЙ,5,Б|Е|Л|Ы|Й,5,No,,Цвет снега,The colour of snow,Easy,Цвета,Colours,5,No,2,7
WB-1576,RU-0076,RU,Russian,Cyrillic,ПОБЕДА,POBEDA,ПОБЕДА,6,П|О|Б|Е|Д|А,6,No,,"Итог, когда выходишь первым",The outcome when you come first,Easy,Спорт,Sport,6,No,2,8
WB-1577,RU-0077,RU,Russian,Cyrillic,ПЛОХОЙ,PLOKHOY,ПЛОХОЙ,6,П|Л|О|Х|О|Й,6,No,,"Не такой, каким должен быть",Not as it should be,Easy,Качества,Qualities,5,Yes,2,8
WB-1578,RU-0078,RU,Russian,Cyrillic,ПИТЬ,PIT,ПИТЬ,4,П|И|Т|Ь,4,No,Ь,Брать жидкость в рот,To take liquid into the mouth,Easy,Действия,Actions,4,No,2,6
WB-1579,RU-0079,RU,Russian,Cyrillic,ЧЕЛОВЕК,CHELOVEK,ЧЕЛОВЕК,7,Ч|Е|Л|О|В|Е|К,7,No,,Одно разумное существо,One reasoning being,Easy,Люди,People,6,Yes,2,9
WB-1580,RU-0080,RU,Russian,Cyrillic,КНОПКА,KNOPKA,КНОПКА,6,К|Н|О|П|К|А,6,No,,На неё нажимают,You press it,Easy,Техника,Technology,5,Yes,2,8
WB-1581,RU-0081,RU,Russian,Cyrillic,РЕКА,REKA,РЕКА,4,Р|Е|К|А,4,No,,"Вода, текущая к морю",Water flowing towards the sea,Easy,Природа,Nature,4,No,2,6
WB-1582,RU-0082,RU,Russian,Cyrillic,КУРИЦА,KURITSA,КУРИЦА,6,К|У|Р|И|Ц|А,6,No,,"Птица, которая несёт яйца",A bird that lays eggs,Easy,Животные,Animals,6,No,2,8
WB-1583,RU-0083,RU,Russian,Cyrillic,ГРАНАТ,GRANAT,ГРАНАТ,6,Г|Р|А|Н|А|Т,6,No,,Плод с красными зёрнами внутри,A fruit with red seeds inside,Easy,Еда,Food,5,Yes,2,8
WB-1584,RU-0084,RU,Russian,Cyrillic,КЛЮЧ,KLYUCH,КЛЮЧ,4,К|Л|Ю|Ч,4,No,,Открывает замок,It opens a lock,Easy,Дом,Home,4,No,2,6
WB-1585,RU-0085,RU,Russian,Cyrillic,РЕМЕНЬ,REMEN,РЕМЕНЬ,6,Р|Е|М|Е|Н|Ь,6,No,Ь,Полоса на поясе,A strip worn at the waist,Easy,Одежда,Clothing,5,Yes,2,8
WB-1586,RU-0086,RU,Russian,Cyrillic,КОЛЕНО,KOLENO,КОЛЕНО,6,К|О|Л|Е|Н|О,6,No,,Сустав в середине ноги,The joint in the middle of the leg,Easy,Тело,Body,5,Yes,2,8
WB-1587,RU-0087,RU,Russian,Cyrillic,ПЛОЩАДЬ,PLOSHCHAD,ПЛОЩАДЬ,7,П|Л|О|Щ|А|Д|Ь,7,No,Ь,Широкое открытое место в городе,A wide open space in a city,Easy,Город,City,7,No,2,9
WB-1588,RU-0088,RU,Russian,Cyrillic,УТРО,UTRO,УТРО,4,У|Т|Р|О,4,No,,Начало дня,The beginning of the day,Easy,Время,Time,4,No,2,6
WB-1589,RU-0089,RU,Russian,Cyrillic,ДОГОВОР,DOGOVOR,ДОГОВОР,7,Д|О|Г|О|В|О|Р,7,No,,Бумага о взаимных условиях,A paper of mutual terms,Easy,Работа,Work,5,Yes,2,9
WB-1590,RU-0090,RU,Russian,Cyrillic,УРОК,UROK,УРОК,4,У|Р|О|К,4,No,,Отрезок обучения в школе,A period of teaching at school,Easy,Школа,School,4,No,2,6
WB-1591,RU-0091,RU,Russian,Cyrillic,СИНИЙ,SINIY,СИНИЙ,5,С|И|Н|И|Й,5,No,,Цвет глубокого неба,The colour of a deep sky,Easy,Цвета,Colours,4,Yes,2,7
WB-1592,RU-0092,RU,Russian,Cyrillic,КОМАНДА,KOMANDA,КОМАНДА,7,К|О|М|А|Н|Д|А,7,No,,"Группа, играющая вместе",A group playing together,Easy,Спорт,Sport,6,Yes,2,9
WB-1593,RU-0093,RU,Russian,Cyrillic,ГОРЯЧИЙ,GORYACHIY,ГОРЯЧИЙ,7,Г|О|Р|Я|Ч|И|Й,7,No,,С высокой температурой,High in temperature,Easy,Качества,Qualities,7,No,2,9
WB-1594,RU-0094,RU,Russian,Cyrillic,ЕСТЬ,EST,ЕСТЬ,4,Е|С|Т|Ь,4,No,Ь,Принимать пищу,To take in food,Easy,Действия,Actions,4,No,2,6
WB-1595,RU-0095,RU,Russian,Cyrillic,ЖЕНЩИНА,ZHENSHCHINA,ЖЕНЩИНА,7,Ж|Е|Н|Щ|И|Н|А,7,No,,Взрослый человек женского пола,An adult female person,Easy,Люди,People,6,Yes,2,9
WB-1596,RU-0096,RU,Russian,Cyrillic,ЗАРЯД,ZARYAD,ЗАРЯД,5,З|А|Р|Я|Д,5,No,,Запас питания в устройстве,The power reserve in a device,Easy,Техника,Technology,5,No,2,7
WB-1597,RU-0097,RU,Russian,Cyrillic,МОРЕ,MORE,МОРЕ,4,М|О|Р|Е,4,No,,Большой водоём с солёной водой,A large body of salt water,Easy,Природа,Nature,4,No,2,6
WB-1598,RU-0098,RU,Russian,Cyrillic,МЕДВЕДЬ,MEDVED,МЕДВЕДЬ,7,М|Е|Д|В|Е|Д|Ь,7,No,Ь,Крупный лесной зверь с густой шерстью,A large forest animal with thick fur,Easy,Животные,Animals,5,Yes,2,9
WB-1599,RU-0099,RU,Russian,Cyrillic,ДЫНЯ,DYNYA,ДЫНЯ,4,Д|Ы|Н|Я,4,No,,Сладкий крупный жёлтый плод,A sweet large yellow fruit,Easy,Еда,Food,4,No,2,6
WB-1600,RU-0100,RU,Russian,Cyrillic,ЛАМПА,LAMPA,ЛАМПА,5,Л|А|М|П|А,5,No,,Даёт свет в комнате,It gives light in a room,Easy,Дом,Home,4,Yes,2,7
WB-1601,RU-0101,RU,Russian,Cyrillic,НОСКИ,NOSKI,НОСКИ,5,Н|О|С|К|И,5,No,,Тонкая одежда на ступни,Thin clothing for the feet,Easy,Одежда,Clothing,5,No,2,7
WB-1602,RU-0102,RU,Russian,Cyrillic,ПЛЕЧО,PLECHO,ПЛЕЧО,5,П|Л|Е|Ч|О,5,No,,Часть между шеей и рукой,The part between neck and arm,Easy,Тело,Body,5,No,2,7
WB-1603,RU-0103,RU,Russian,Cyrillic,МУЗЕЙ,MUZEY,МУЗЕЙ,5,М|У|З|Е|Й,5,No,,Здание со старинными предметами,A building with old objects,Easy,Город,City,5,No,2,7
WB-1604,RU-0104,RU,Russian,Cyrillic,ВЕЧЕР,VECHER,ВЕЧЕР,5,В|Е|Ч|Е|Р,5,No,,Время перед ночью,The time before night,Easy,Время,Time,4,Yes,2,7
WB-1605,RU-0105,RU,Russian,Cyrillic,ОТЧЁТ,OTCHYOT,ОТЧЕТ,5,О|Т|Ч|Ё|Т,5,No,Ё,Бумага с итогами дела,A paper with the results of a matter,Easy,Работа,Work,4,Yes,2,7
WB-1606,RU-0106,RU,Russian,Cyrillic,ВОПРОС,VOPROS,ВОПРОС,6,В|О|П|Р|О|С,6,No,,"Высказывание, ждущее ответа",An utterance expecting an answer,Easy,Школа,School,5,Yes,2,8
WB-1607,RU-0107,RU,Russian,Cyrillic,СЕРЫЙ,SERYY,СЕРЫЙ,5,С|Е|Р|Ы|Й,5,No,,Оттенок между белым и чёрным,A shade between white and black,Easy,Цвета,Colours,5,No,2,7
WB-1608,RU-0108,RU,Russian,Cyrillic,ТРЕНЕР,TRENER,ТРЕНЕР,6,Т|Р|Е|Н|Е|Р,6,No,,"Тот, кто готовит спортсмена",One who prepares an athlete,Easy,Спорт,Sport,4,Yes,2,8
WB-1609,RU-0109,RU,Russian,Cyrillic,БЫСТРЫЙ,BYSTRYY,БЫСТРЫЙ,7,Б|Ы|С|Т|Р|Ы|Й,7,No,,Движущийся скоро,Moving quickly,Easy,Качества,Qualities,6,Yes,2,9
WB-1610,RU-0110,RU,Russian,Cyrillic,ЛЮБИТЬ,LYUBIT,ЛЮБИТЬ,6,Л|Ю|Б|И|Т|Ь,6,No,Ь,Чувствовать тепло к кому-то,To feel warmth towards someone,Easy,Действия,Actions,6,No,2,8
WB-1611,RU-0111,RU,Russian,Cyrillic,МУЖЧИНА,MUZHCHINA,МУЖЧИНА,7,М|У|Ж|Ч|И|Н|А,7,No,,Взрослый человек мужского пола,An adult male person,Easy,Люди,People,7,No,2,9
WB-1612,RU-0112,RU,Russian,Cyrillic,СЕТЬ,SET,СЕТЬ,4,С|Е|Т|Ь,4,No,Ь,"То, что связывает устройства",What links devices together,Easy,Техника,Technology,4,No,2,6
WB-1613,RU-0113,RU,Russian,Cyrillic,ПОЛЕ,POLE,ПОЛЕ,4,П|О|Л|Е,4,No,,"Открытая земля, где растёт хлеб",Open land where grain grows,Easy,Природа,Nature,4,No,2,6
WB-1614,RU-0114,RU,Russian,Cyrillic,ВОЛК,VOLK,ВОЛК,4,В|О|Л|К,4,No,,"Дикий зверь, похожий на пса",A wild animal like a dog,Easy,Животные,Animals,4,No,2,6
WB-1615,RU-0115,RU,Russian,Cyrillic,МОРКОВЬ,MORKOV,МОРКОВЬ,7,М|О|Р|К|О|В|Ь,7,No,Ь,Длинный оранжевый корнеплод,A long orange root vegetable,Easy,Еда,Food,6,Yes,2,9
WB-1616,RU-0116,RU,Russian,Cyrillic,ЧАСЫ,CHASY,ЧАСЫ,4,Ч|А|С|Ы,4,No,,Показывают время,They show the time,Easy,Дом,Home,4,No,2,6
WB-1617,RU-0117,RU,Russian,Cyrillic,ПЛАТЬЕ,PLATE,ПЛАТЬЕ,6,П|Л|А|Т|Ь|Е,6,No,Ь,Цельная женская одежда,A one-piece garment for women,Easy,Одежда,Clothing,6,No,2,8
WB-1618,RU-0118,RU,Russian,Cyrillic,ЖИВОТ,ZHIVOT,ЖИВОТ,5,Ж|И|В|О|Т,5,No,,Часть тела ниже груди,The body part below the chest,Easy,Тело,Body,5,No,2,7
WB-1619,RU-0119,RU,Russian,Cyrillic,БИЛЕТ,BILET,БИЛЕТ,5,Б|И|Л|Е|Т,5,No,,"Бумага, дающая право на поездку",Paper giving the right to travel,Easy,Город,City,5,No,2,7
WB-1620,RU-0120,RU,Russian,Cyrillic,НОЧЬ,NOCH,НОЧЬ,4,Н|О|Ч|Ь,4,No,Ь,Тёмное время суток,The dark part of the day,Easy,Время,Time,4,No,2,6
WB-1621,RU-0121,RU,Russian,Cyrillic,ЗАКАЗ,ZAKAZ,ЗАКАЗ,5,З|А|К|А|З,5,No,,Просьба клиента о товаре,A customer request for goods,Easy,Работа,Work,3,Yes,2,7
WB-1622,RU-0122,RU,Russian,Cyrillic,ОТВЕТ,OTVET,ОТВЕТ,5,О|Т|В|Е|Т,5,No,,"То, что говорят после вопроса",What is said after a question,Easy,Школа,School,4,Yes,2,7
WB-1623,RU-0123,RU,Russian,Cyrillic,РОЗОВЫЙ,ROZOVYY,РОЗОВЫЙ,7,Р|О|З|О|В|Ы|Й,7,No,,Бледный оттенок красного,A pale shade of red,Easy,Цвета,Colours,6,Yes,2,9
WB-1624,RU-0124,RU,Russian,Cyrillic,СУДЬЯ,SUDYA,СУДЬЯ,5,С|У|Д|Ь|Я,5,No,Ь,"Тот, кто следит за правилами",One who watches over the rules,Easy,Спорт,Sport,5,No,2,7
WB-1625,RU-0125,RU,Russian,Cyrillic,СИЛЬНЫЙ,SILNYY,СИЛЬНЫЙ,7,С|И|Л|Ь|Н|Ы|Й,7,No,Ь,Обладающий большой мощью,Having great power,Easy,Качества,Qualities,7,No,2,9
WB-1626,RU-0126,RU,Russian,Cyrillic,ПЛАКАТЬ,PLAKAT,ПЛАКАТЬ,7,П|Л|А|К|А|Т|Ь,7,No,Ь,Пускать слёзы из глаз,To let tears fall from the eyes,Easy,Действия,Actions,6,Yes,2,9
WB-1627,RU-0127,RU,Russian,Cyrillic,СОСЕД,SOSED,СОСЕД,5,С|О|С|Е|Д,5,No,,Живущий рядом человек,A person living nearby,Easy,Люди,People,4,Yes,2,7
WB-1628,RU-0128,RU,Russian,Cyrillic,САЙТ,SAYT,САЙТ,4,С|А|Й|Т,4,No,,Страницы в интернете по одному адресу,Web pages under one address,Easy,Техника,Technology,4,No,2,6
WB-1629,RU-0129,RU,Russian,Cyrillic,ДОЖДЬ,DOZHD,ДОЖДЬ,5,Д|О|Ж|Д|Ь,5,No,Ь,"Вода, падающая из туч",Water falling from clouds,Easy,Природа,Nature,4,Yes,2,7
WB-1630,RU-0130,RU,Russian,Cyrillic,ЛИСА,LISA,ЛИСА,4,Л|И|С|А,4,No,,"Рыжий зверь, которого зовут хитрым",A red animal called clever,Easy,Животные,Animals,4,No,2,6
WB-1631,RU-0131,RU,Russian,Cyrillic,ШАШЛЫК,SHASHLYK,ШАШЛЫК,6,Ш|А|Ш|Л|Ы|К,6,No,,"Мясо, жаренное на огне",Meat cooked over fire,Easy,Еда,Food,5,Yes,2,8
WB-1632,RU-0132,RU,Russian,Cyrillic,ЗЕРКАЛО,ZERKALO,ЗЕРКАЛО,7,З|Е|Р|К|А|Л|О,7,No,,"Поверхность, где видишь себя",A surface where you see yourself,Easy,Дом,Home,7,No,2,9
WB-1633,RU-0133,RU,Russian,Cyrillic,ОБУВЬ,OBUV,ОБУВЬ,5,О|Б|У|В|Ь,5,No,Ь,"То, что надевают на ноги",What you put on your feet,Easy,Одежда,Clothing,5,No,2,7
WB-1634,RU-0134,RU,Russian,Cyrillic,ГОРЛО,GORLO,ГОРЛО,5,Г|О|Р|Л|О,5,No,,Проход за ртом,The passage behind the mouth,Easy,Тело,Body,4,Yes,2,7
WB-1635,RU-0135,RU,Russian,Cyrillic,МОСТ,MOST,МОСТ,4,М|О|С|Т,4,No,,По нему переходят реку,You cross a river on it,Easy,Город,City,4,No,2,6
WB-1636,RU-0136,RU,Russian,Cyrillic,МЕСЯЦ,MESYATS,МЕСЯЦ,5,М|Е|С|Я|Ц,5,No,,"Часть года, около тридцати дней","A part of the year, about thirty days",Easy,Время,Time,5,No,2,7
WB-1637,RU-0137,RU,Russian,Cyrillic,КЛИЕНТ,KLIENT,КЛИЕНТ,6,К|Л|И|Е|Н|Т,6,No,,"Тот, кто пользуется услугой",One who uses a service,Easy,Работа,Work,6,No,2,8
WB-1638,RU-0138,RU,Russian,Cyrillic,ОЦЕНКА,OTSENKA,ОЦЕНКА,6,О|Ц|Е|Н|К|А,6,No,,Знак итога в учёбе,A mark showing study results,Easy,Школа,School,6,No,2,8
WB-1639,RU-0139,RU,Russian,Cyrillic,ЗОЛОТО,ZOLOTO,ЗОЛОТО,6,З|О|Л|О|Т|О,6,No,,Драгоценный жёлтый металл,A precious yellow metal,Easy,Цвета,Colours,4,Yes,2,8
WB-1640,RU-0140,RU,Russian,Cyrillic,БОРЬБА,BORBA,БОРЬБА,6,Б|О|Р|Ь|Б|А,6,No,Ь,"Состязание, где соперников валят",A contest where rivals are thrown,Easy,Спорт,Sport,5,Yes,2,8
WB-1641,RU-0141,RU,Russian,Cyrillic,ТИХИЙ,TIKHIY,ТИХИЙ,5,Т|И|Х|И|Й,5,No,,Не издающий звуков,Making no sound,Easy,Качества,Qualities,4,Yes,2,7
WB-1642,RU-0142,RU,Russian,Cyrillic,ВИДЕТЬ,VIDET,ВИДЕТЬ,6,В|И|Д|Е|Т|Ь,6,No,Ь,Воспринимать глазами,To perceive with the eyes,Easy,Действия,Actions,6,No,2,8
WB-1643,RU-0143,RU,Russian,Cyrillic,УЧИТЕЛЬ,UCHITEL,УЧИТЕЛЬ,7,У|Ч|И|Т|Е|Л|Ь,7,No,Ь,"Тот, кто даёт знания",One who gives knowledge,Easy,Люди,People,7,No,2,9
WB-1644,RU-0144,RU,Russian,Cyrillic,ПРИНТЕР,PRINTER,ПРИНТЕР,7,П|Р|И|Н|Т|Е|Р,7,No,,Переносит изображение на бумагу,It puts an image onto paper,Easy,Техника,Technology,6,Yes,2,9
WB-1645,RU-0145,RU,Russian,Cyrillic,ВЕТЕР,VETER,ВЕТЕР,5,В|Е|Т|Е|Р,5,No,,Движущийся воздух,Moving air,Easy,Природа,Nature,4,Yes,2,7
WB-1646,RU-0146,RU,Russian,Cyrillic,ЗАЯЦ,ZAYATS,ЗАЯЦ,4,З|А|Я|Ц,4,No,,Прыгает и имеет длинные уши,It jumps and has long ears,Easy,Животные,Animals,4,No,2,6
WB-1647,RU-0147,RU,Russian,Cyrillic,ХЛЕБ,KHLEB,ХЛЕБ,4,Х|Л|Е|Б,4,No,,"Печётся из муки, едят каждый день","Baked from flour, eaten every day",Easy,Еда,Food,4,No,2,6
WB-1648,RU-0148,RU,Russian,Cyrillic,ЛОЖКА,LOZHKA,ЛОЖКА,5,Л|О|Ж|К|А,5,No,,"Прибор, которым едят суп",A tool for eating soup,Easy,Дом,Home,5,No,2,7
WB-1649,RU-0149,RU,Russian,Cyrillic,САПОГИ,SAPOGI,САПОГИ,6,С|А|П|О|Г|И,6,No,,Высокая обувь до колена,Tall footwear up to the knee,Easy,Одежда,Clothing,6,No,2,8
WB-1650,RU-0150,RU,Russian,Cyrillic,ЗУБЫ,ZUBY,ЗУБЫ,4,З|У|Б|Ы,4,No,,Ими жуют,They chew,Easy,Тело,Body,4,No,2,6
WB-1651,RU-0151,RU,Russian,Cyrillic,ЗАВОД,ZAVOD,ЗАВОД,5,З|А|В|О|Д,5,No,,Там делают изделия машинами,Goods are made there by machines,Easy,Город,City,5,No,2,7
WB-1652,RU-0152,RU,Russian,Cyrillic,ЗИМА,ZIMA,ЗИМА,4,З|И|М|А,4,No,,Самое холодное время года,The coldest season,Easy,Время,Time,4,No,2,6
WB-1653,RU-0153,RU,Russian,Cyrillic,ТОВАР,TOVAR,ТОВАР,5,Т|О|В|А|Р,5,No,,"То, что продают",What is sold,Easy,Работа,Work,5,No,2,7
WB-1654,RU-0154,RU,Russian,Cyrillic,КАРТА,KARTA,КАРТА,5,К|А|Р|Т|А,5,No,,Плоское изображение местности,A flat picture of an area,Easy,Школа,School,4,Yes,2,7
WB-1655,RU-0155,RU,Russian,Cyrillic,СЕРЕБРО,SEREBRO,СЕРЕБРО,7,С|Е|Р|Е|Б|Р|О,7,No,,Блестящий белый драгоценный металл,A shiny white precious metal,Easy,Цвета,Colours,5,Yes,2,9
WB-1656,RU-0156,RU,Russian,Cyrillic,ЛЫЖИ,LYZHI,ЛЫЖИ,4,Л|Ы|Ж|И,4,No,,На них скользят по снегу,People glide on snow on them,Easy,Спорт,Sport,4,No,2,6
WB-1657,RU-0157,RU,Russian,Cyrillic,ДЛИННЫЙ,DLINNYY,ДЛИННЫЙ,7,Д|Л|И|Н|Н|Ы|Й,7,No,,Большой по протяжённости,Great in extent,Easy,Качества,Qualities,6,Yes,2,9
WB-1658,RU-0158,RU,Russian,Cyrillic,ДАВАТЬ,DAVAT,ДАВАТЬ,6,Д|А|В|А|Т|Ь,6,No,Ь,Вручать другому в руки,To hand over to another,Easy,Действия,Actions,5,Yes,2,8
WB-1659,RU-0159,RU,Russian,Cyrillic,ВРАЧ,VRACH,ВРАЧ,4,В|Р|А|Ч,4,No,,"Тот, кто лечит",One who heals,Easy,Люди,People,4,No,2,6
WB-1660,RU-0160,RU,Russian,Cyrillic,КАМЕРА,KAMERA,КАМЕРА,6,К|А|М|Е|Р|А,6,No,,Ею делают снимки,Pictures are taken with it,Easy,Техника,Technology,5,Yes,2,8
WB-1661,RU-0161,RU,Russian,Cyrillic,ТУЧА,TUCHA,ТУЧА,4,Т|У|Ч|А,4,No,,Тёмное скопление влаги в небе,A dark mass of moisture in the sky,Easy,Природа,Nature,4,No,2,6
WB-1662,RU-0162,RU,Russian,Cyrillic,ЗМЕЯ,ZMEYA,ЗМЕЯ,4,З|М|Е|Я,4,No,,Длинное существо без ног,A long creature with no legs,Easy,Животные,Animals,4,No,2,6
WB-1663,RU-0163,RU,Russian,Cyrillic,МОЛОКО,MOLOKO,МОЛОКО,6,М|О|Л|О|К|О,6,No,,Белый напиток от коровы,A white drink from a cow,Easy,Еда,Food,4,Yes,2,8
WB-1664,RU-0164,RU,Russian,Cyrillic,ВИЛКА,VILKA,ВИЛКА,5,В|И|Л|К|А,5,No,,Прибор с зубцами для еды,An eating tool with prongs,Easy,Дом,Home,5,No,2,7
WB-1665,RU-0165,RU,Russian,Cyrillic,КАРМАН,KARMAN,КАРМАН,6,К|А|Р|М|А|Н,6,No,,Мешочек в одежде для мелочей,A small pouch in clothing for oddments,Easy,Одежда,Clothing,5,Yes,2,8
WB-1666,RU-0166,RU,Russian,Cyrillic,ВОЛОСЫ,VOLOSY,ВОЛОСЫ,6,В|О|Л|О|С|Ы,6,No,,Растут на голове,They grow on the head,Easy,Тело,Body,5,Yes,2,8
WB-1667,RU-0167,RU,Russian,Cyrillic,АПТЕКА,APTEKA,АПТЕКА,6,А|П|Т|Е|К|А,6,No,,Там продают лекарства,Medicines are sold there,Easy,Город,City,5,Yes,2,8
WB-1668,RU-0168,RU,Russian,Cyrillic,ЛЕТО,LETO,ЛЕТО,4,Л|Е|Т|О,4,No,,Самое тёплое время года,The warmest season,Easy,Время,Time,4,No,2,6
WB-1669,RU-0169,RU,Russian,Cyrillic,НАЛОГ,NALOG,НАЛОГ,5,Н|А|Л|О|Г,5,No,,Обязательная плата государству,A compulsory payment to the state,Easy,Работа,Work,5,No,2,7
WB-1670,RU-0170,RU,Russian,Cyrillic,ЗАДАЧА,ZADACHA,ЗАДАЧА,6,З|А|Д|А|Ч|А,6,No,,"Условие, требующее решения",A condition requiring a solution,Easy,Школа,School,4,Yes,2,8
WB-1671,RU-0171,RU,Russian,Cyrillic,КОНЬКИ,KONKI,КОНЬКИ,6,К|О|Н|Ь|К|И,6,No,Ь,На них скользят по льду,People glide on ice on them,Easy,Спорт,Sport,5,Yes,2,8
WB-1672,RU-0172,RU,Russian,Cyrillic,ЛЁГКИЙ,LYOGKIY,ЛЕГКИЙ,6,Л|Ё|Г|К|И|Й,6,No,Ё,Не трудный и не тяжёлый,Neither hard nor heavy,Easy,Качества,Qualities,6,No,2,8
WB-1673,RU-0173,RU,Russian,Cyrillic,БРАТЬ,BRAT,БРАТЬ,5,Б|Р|А|Т|Ь,5,No,Ь,Принимать себе,To take for oneself,Easy,Действия,Actions,5,No,2,7
WB-1674,RU-0174,RU,Russian,Cyrillic,МАЛЬЧИК,MALCHIK,МАЛЬЧИК,7,М|А|Л|Ь|Ч|И|К,7,No,Ь,Ребёнок мужского пола,A male child,Easy,Люди,People,7,No,2,9
WB-1675,RU-0175,RU,Russian,Cyrillic,КЛАВИША,KLAVISHA,КЛАВИША,7,К|Л|А|В|И|Ш|А,7,No,,Её нажимают при наборе,It is pressed when typing,Easy,Техника,Technology,6,Yes,2,9
WB-1676,RU-0176,RU,Russian,Cyrillic,ОГОНЬ,OGON,ОГОНЬ,5,О|Г|О|Н|Ь,5,No,Ь,Горячее пламя,Hot flames,Easy,Природа,Nature,4,Yes,2,7
WB-1677,RU-0177,RU,Russian,Cyrillic,ЛЯГУШКА,LYAGUSHKA,ЛЯГУШКА,7,Л|Я|Г|У|Ш|К|А,7,No,,Небольшое существо из пруда,A small creature from a pond,Easy,Животные,Animals,7,No,2,9
WB-1678,RU-0178,RU,Russian,Cyrillic,МАСЛО,MASLO,МАСЛО,5,М|А|С|Л|О,5,No,,"Жирный продукт, мажут на хлеб",A fatty product spread on bread,Easy,Еда,Food,5,No,2,7
WB-1679,RU-0179,RU,Russian,Cyrillic,ТАРЕЛКА,TARELKA,ТАРЕЛКА,7,Т|А|Р|Е|Л|К|А,7,No,,Плоская посуда для еды,Flat tableware for food,Easy,Дом,Home,6,Yes,2,9
WB-1680,RU-0180,RU,Russian,Cyrillic,ШАРФ,SHARF,ШАРФ,4,Ш|А|Р|Ф,4,No,,Обматывают шею в холод,Wrapped around the neck in cold,Easy,Одежда,Clothing,4,No,2,6
WB-1681,RU-0181,RU,Russian,Cyrillic,ТУМАН,TUMAN,ТУМАН,5,Т|У|М|А|Н,5,No,,"Густая влага, скрывающая обзор",Thick moisture that hides the view,Medium,Природа,Nature,5,No,3,8
WB-1682,RU-0182,RU,Russian,Cyrillic,АИСТ,AIST,АИСТ,4,А|И|С|Т,4,No,,"Длинноногая птица, улетает на юг",A long-legged bird that flies south,Medium,Животные,Animals,4,No,3,7
WB-1683,RU-0183,RU,Russian,Cyrillic,СПЕЦИЯ,SPETSIYA,СПЕЦИЯ,6,С|П|Е|Ц|И|Я,6,No,,Придаёт блюду запах и вкус,It gives a dish scent and taste,Medium,Еда,Food,6,No,3,9
WB-1684,RU-0184,RU,Russian,Cyrillic,ЗАНАВЕС,ZANAVES,ЗАНАВЕС,7,З|А|Н|А|В|Е|С,7,No,,"Ткань, закрывающая окно",Cloth that covers a window,Medium,Дом,Home,6,Yes,3,10
WB-1685,RU-0185,RU,Russian,Cyrillic,КВАРТАЛ,KVARTAL,КВАРТАЛ,7,К|В|А|Р|Т|А|Л,7,No,,Часть города между улицами,A part of a city between streets,Medium,Город,City,6,Yes,3,10
WB-1686,RU-0186,RU,Russian,Cyrillic,ПАСПОРТ,PASPORT,ПАСПОРТ,7,П|А|С|П|О|Р|Т,7,No,,Главный документ о личности,The main document of identity,Medium,Документы,Local life,6,Yes,3,10
WB-1687,RU-0187,RU,Russian,Cyrillic,ДОХОД,DOKHOD,ДОХОД,5,Д|О|Х|О|Д,5,No,,Поток денег от дела,The flow of money from a business,Medium,Работа,Work,3,Yes,3,8
WB-1688,RU-0188,RU,Russian,Cyrillic,ПАМЯТЬ,PAMYAT,ПАМЯТЬ,6,П|А|М|Я|Т|Ь,6,No,Ь,"Часть, где хранятся сведения",The part where information is held,Medium,Техника,Technology,6,No,3,9
WB-1689,RU-0189,RU,Russian,Cyrillic,ЗАЧЁТ,ZACHYOT,ЗАЧЕТ,5,З|А|Ч|Ё|Т,5,No,Ё,Проверка без выставления балла,A check with no mark given,Medium,Школа,School,5,No,3,8
WB-1690,RU-0190,RU,Russian,Cyrillic,ЖЕНИХ,ZHENIKH,ЖЕНИХ,5,Ж|Е|Н|И|Х,5,No,,"Мужчина, вступающий в брак",The man entering a marriage,Medium,Люди,People,5,No,3,8
WB-1691,RU-0191,RU,Russian,Cyrillic,ГЛУБИНА,GLUBINA,ГЛУБИНА,7,Г|Л|У|Б|И|Н|А,7,No,,Расстояние от верха до дна,The distance from top to bottom,Medium,Качества,Qualities,7,No,3,10
WB-1692,RU-0192,RU,Russian,Cyrillic,СТРОИТЬ,STROIT,СТРОИТЬ,7,С|Т|Р|О|И|Т|Ь,7,No,Ь,Создавать новое здание,To create a new building,Medium,Действия,Actions,6,Yes,3,10
WB-1693,RU-0193,RU,Russian,Cyrillic,ЭПОХА,EPOKHA,ЭПОХА,5,Э|П|О|Х|А,5,No,,Отдельный отрезок прошлого,A marked-off stretch of the past,Medium,Время,Time,5,No,3,8
WB-1694,RU-0194,RU,Russian,Cyrillic,ЗАБЕГ,ZABEG,ЗАБЕГ,5,З|А|Б|Е|Г,5,No,,Состязание на скорость бега,A contest of running speed,Medium,Спорт,Sport,5,No,3,8
WB-1695,RU-0195,RU,Russian,Cyrillic,ХАЛАТ,KHALAT,ХАЛАТ,5,Х|А|Л|А|Т,5,No,,Свободная домашняя одежда,Loose clothing worn at home,Medium,Одежда,Clothing,4,Yes,3,8
WB-1696,RU-0196,RU,Russian,Cyrillic,РОСА,ROSA,РОСА,4,Р|О|С|А,4,No,,Капли на траве по утрам,Drops on the grass in the morning,Medium,Природа,Nature,4,No,3,7
WB-1697,RU-0197,RU,Russian,Cyrillic,ОРЁЛ,ORYOL,ОРЕЛ,4,О|Р|Ё|Л,4,No,Ё,"Крупный хищник, летает высоко",A large predator that flies high,Medium,Животные,Animals,4,No,3,7
WB-1698,RU-0198,RU,Russian,Cyrillic,ПЛОВ,PLOV,ПЛОВ,4,П|Л|О|В,4,No,,Рисовое блюдо с мясом и морковью,A rice dish with meat and carrot,Medium,Еда,Food,4,No,3,7
WB-1699,RU-0199,RU,Russian,Cyrillic,КРАН,KRAN,КРАН,4,К|Р|А|Н,4,No,,Пускает и останавливает воду,It lets water on and off,Medium,Дом,Home,4,No,3,7
WB-1700,RU-0200,RU,Russian,Cyrillic,ОКРАИНА,OKRAINA,ОКРАИНА,7,О|К|Р|А|И|Н|А,7,No,,Дальняя часть города,The far part of a city,Medium,Город,City,6,Yes,3,10
WB-1701,RU-0201,RU,Russian,Cyrillic,ВИЗА,VIZA,ВИЗА,4,В|И|З|А,4,No,,Разрешение на въезд в страну,Permission to enter a country,Medium,Документы,Local life,4,No,3,7
WB-1702,RU-0202,RU,Russian,Cyrillic,РАСХОД,RASKHOD,РАСХОД,6,Р|А|С|Х|О|Д,6,No,,Сумма потраченных денег,The amount of money spent,Medium,Работа,Work,6,No,3,9
WB-1703,RU-0203,RU,Russian,Cyrillic,СИГНАЛ,SIGNAL,СИГНАЛ,6,С|И|Г|Н|А|Л,6,No,,"Волна, несущая сообщение",A wave carrying a message,Medium,Техника,Technology,6,No,3,9
WB-1704,RU-0204,RU,Russian,Cyrillic,ЭКЗАМЕН,EKZAMEN,ЭКЗАМЕН,7,Э|К|З|А|М|Е|Н,7,No,,Строгая проверка знаний,A strict test of knowledge,Medium,Школа,School,7,No,3,10
WB-1705,RU-0205,RU,Russian,Cyrillic,НЕВЕСТА,NEVESTA,НЕВЕСТА,7,Н|Е|В|Е|С|Т|А,7,No,,"Женщина, вступающая в брак",The woman entering a marriage,Medium,Люди,People,6,Yes,3,10
WB-1706,RU-0206,RU,Russian,Cyrillic,ГЛАДКИЙ,GLADKIY,ГЛАДКИЙ,7,Г|Л|А|Д|К|И|Й,7,No,,Без шероховатости на ощупь,Without roughness to the touch,Medium,Качества,Qualities,7,No,3,10
WB-1707,RU-0207,RU,Russian,Cyrillic,ЛОМАТЬ,LOMAT,ЛОМАТЬ,6,Л|О|М|А|Т|Ь,6,No,Ь,Делать целое непригодным,To make a whole thing unusable,Medium,Действия,Actions,6,No,3,9
WB-1708,RU-0208,RU,Russian,Cyrillic,РАССВЕТ,RASSVET,РАССВЕТ,7,Р|А|С|С|В|Е|Т,7,No,,"Пора, когда светлеет небо",The hour when the sky lightens,Medium,Время,Time,6,Yes,3,10
WB-1709,RU-0209,RU,Russian,Cyrillic,ВОРОТА,VOROTA,ВОРОТА,6,В|О|Р|О|Т|А,6,No,,"Цель, куда забивают мяч",The target a ball is driven into,Medium,Спорт,Sport,5,Yes,3,9
WB-1710,RU-0210,RU,Russian,Cyrillic,ТКАНЬ,TKAN,ТКАНЬ,5,Т|К|А|Н|Ь,5,No,Ь,"Материал, из которого шьют",The material things are sewn from,Medium,Одежда,Clothing,5,No,3,8
WB-1711,RU-0211,RU,Russian,Cyrillic,ГРОЗА,GROZA,ГРОЗА,5,Г|Р|О|З|А,5,No,,Ненастье с громом и молнией,A storm with thunder and lightning,Medium,Природа,Nature,5,No,3,8
WB-1712,RU-0212,RU,Russian,Cyrillic,ВОРОБЕЙ,VOROBEY,ВОРОБЕЙ,7,В|О|Р|О|Б|Е|Й,7,No,,"Мелкая птица, частая в городах",A tiny bird common in cities,Medium,Животные,Animals,6,Yes,3,10
WB-1713,RU-0213,RU,Russian,Cyrillic,ВАРЕНЬЕ,VARENE,ВАРЕНЬЕ,7,В|А|Р|Е|Н|Ь|Е,7,No,Ь,"Плоды, долго кипевшие в сахаре",Fruit boiled with sugar,Medium,Еда,Food,6,Yes,3,10
WB-1714,RU-0214,RU,Russian,Cyrillic,СУНДУК,SUNDUK,СУНДУК,6,С|У|Н|Д|У|К,6,No,,Большой ящик для вещей,A large box for belongings,Medium,Дом,Home,5,Yes,3,9
WB-1715,RU-0215,RU,Russian,Cyrillic,ЦЕНТР,TSENTR,ЦЕНТР,5,Ц|Е|Н|Т|Р,5,No,,Средняя главная часть города,The middle main part of a city,Medium,Город,City,5,No,3,8
WB-1716,RU-0216,RU,Russian,Cyrillic,СПРАВКА,SPRAVKA,СПРАВКА,7,С|П|Р|А|В|К|А,7,No,,"Бумага, подтверждающая факт",A paper confirming a fact,Medium,Документы,Local life,6,Yes,3,10
WB-1717,RU-0217,RU,Russian,Cyrillic,УБЫТОК,UBYTOK,УБЫТОК,6,У|Б|Ы|Т|О|К,6,No,,"Итог, когда потратил больше",The result when more was spent,Medium,Работа,Work,6,No,3,9
WB-1718,RU-0218,RU,Russian,Cyrillic,КАБЕЛЬ,KABEL,КАБЕЛЬ,6,К|А|Б|Е|Л|Ь,6,No,Ь,Толстый провод в оболочке,A thick wire in a sheath,Medium,Техника,Technology,6,No,3,9
WB-1719,RU-0219,RU,Russian,Cyrillic,ДИПЛОМ,DIPLOM,ДИПЛОМ,6,Д|И|П|Л|О|М,6,No,,Бумага об окончании учёбы,A paper on finishing one's studies,Medium,Школа,School,6,No,3,9
WB-1720,RU-0220,RU,Russian,Cyrillic,ЗЯТЬ,ZYAT,ЗЯТЬ,4,З|Я|Т|Ь,4,No,Ь,Муж дочери в семье,The husband of a daughter,Medium,Люди,People,4,No,3,7
WB-1721,RU-0221,RU,Russian,Cyrillic,ТОЛСТЫЙ,TOLSTYY,ТОЛСТЫЙ,7,Т|О|Л|С|Т|Ы|Й,7,No,,Широкий между двух сторон,Wide between its two sides,Medium,Качества,Qualities,6,Yes,3,10
WB-1722,RU-0222,RU,Russian,Cyrillic,МЕРИТЬ,MERIT,МЕРИТЬ,6,М|Е|Р|И|Т|Ь,6,No,Ь,Определять величину чего-то,To determine the size of something,Medium,Действия,Actions,6,No,3,9
WB-1723,RU-0223,RU,Russian,Cyrillic,ЗАКАТ,ZAKAT,ЗАКАТ,5,З|А|К|А|Т,5,No,,"Пора, когда солнце уходит",The hour when the sun goes down,Medium,Время,Time,4,Yes,3,8
WB-1724,RU-0224,RU,Russian,Cyrillic,МАТЧ,MATCH,МАТЧ,4,М|А|Т|Ч,4,No,,Одна встреча двух сторон,One meeting of two sides,Medium,Спорт,Sport,4,No,3,7
WB-1725,RU-0225,RU,Russian,Cyrillic,ШЁЛК,SHYOLK,ШЕЛК,4,Ш|Ё|Л|К,4,No,Ё,Тонкая блестящая дорогая ткань,A fine shiny costly cloth,Medium,Одежда,Clothing,4,No,3,7
WB-1726,RU-0226,RU,Russian,Cyrillic,МОЛНИЯ,MOLNIYA,МОЛНИЯ,6,М|О|Л|Н|И|Я,6,No,,Вспышка света из тучи,A flash of light from a cloud,Medium,Природа,Nature,6,No,3,9
WB-1727,RU-0227,RU,Russian,Cyrillic,ГОЛУБЬ,GOLUB,ГОЛУБЬ,6,Г|О|Л|У|Б|Ь,6,No,Ь,"Птица, клюёт зерно на площадях",A bird pecking grain in city squares,Medium,Животные,Animals,6,No,3,9
WB-1728,RU-0228,RU,Russian,Cyrillic,СМЕТАНА,SMETANA,СМЕТАНА,7,С|М|Е|Т|А|Н|А,7,No,,Густой кислый молочный продукт,A thick sour dairy product,Medium,Еда,Food,6,Yes,3,10
WB-1729,RU-0229,RU,Russian,Cyrillic,СИТО,SITO,СИТО,4,С|И|Т|О,4,No,,Через него просеивают муку,Flour is sifted through it,Medium,Дом,Home,4,No,3,7
WB-1730,RU-0230,RU,Russian,Cyrillic,ПЕШЕХОД,PESHEKHOD,ПЕШЕХОД,7,П|Е|Ш|Е|Х|О|Д,7,No,,"Тот, кто идёт по улице ногами",One who travels a street on foot,Medium,Город,City,6,Yes,3,10
WB-1731,RU-0231,RU,Russian,Cyrillic,ЗАЯВКА,ZAYAVKA,ЗАЯВКА,6,З|А|Я|В|К|А,6,No,,Письменная просьба о чём-то,A written request for something,Medium,Документы,Local life,5,Yes,3,9
WB-1732,RU-0232,RU,Russian,Cyrillic,СМЕТА,SMETA,СМЕТА,5,С|М|Е|Т|А,5,No,,Расчёт будущих затрат,A calculation of future costs,Medium,Работа,Work,5,No,3,8
WB-1733,RU-0233,RU,Russian,Cyrillic,ТАБЛИЦА,TABLITSA,ТАБЛИЦА,7,Т|А|Б|Л|И|Ц|А,7,No,,Порядок из строк и столбцов,An arrangement of rows and columns,Medium,Техника,Technology,6,Yes,3,10
WB-1734,RU-0234,RU,Russian,Cyrillic,ГЛАВА,GLAVA,ГЛАВА,5,Г|Л|А|В|А,5,No,,Отдельная часть книги,A separate part of a book,Medium,Школа,School,4,Yes,3,8
WB-1735,RU-0235,RU,Russian,Cyrillic,СВЁКОР,SVYOKOR,СВЕКОР,6,С|В|Ё|К|О|Р,6,No,Ё,Отец мужа для жены,The father of a husband,Medium,Люди,People,6,No,3,9
WB-1736,RU-0236,RU,Russian,Cyrillic,ТОНКИЙ,TONKIY,ТОНКИЙ,6,Т|О|Н|К|И|Й,6,No,,Узкий между двух сторон,Narrow between its two sides,Medium,Качества,Qualities,6,No,3,9
WB-1737,RU-0237,RU,Russian,Cyrillic,ВЫБРАТЬ,VYBRAT,ВЫБРАТЬ,7,В|Ы|Б|Р|А|Т|Ь,7,No,Ь,Отделить одно из многих,To pick one out of many,Medium,Действия,Actions,7,No,3,10
WB-1738,RU-0238,RU,Russian,Cyrillic,ПОЛДЕНЬ,POLDEN,ПОЛДЕНЬ,7,П|О|Л|Д|Е|Н|Ь,7,No,Ь,Середина светлой части суток,The middle of the light part of the day,Medium,Время,Time,7,No,3,10
WB-1739,RU-0239,RU,Russian,Cyrillic,ТАЙМ,TAYM,ТАЙМ,4,Т|А|Й|М,4,No,,Половина игрового времени,Half of the playing time,Medium,Спорт,Sport,4,No,3,7
WB-1740,RU-0240,RU,Russian,Cyrillic,ШЕРСТЬ,SHERST,ШЕРСТЬ,6,Ш|Е|Р|С|Т|Ь,6,No,Ь,Тёплый материал от овцы,A warm material from a sheep,Medium,Одежда,Clothing,6,No,3,9
WB-1741,RU-0241,RU,Russian,Cyrillic,РАДУГА,RADUGA,РАДУГА,6,Р|А|Д|У|Г|А,6,No,,Цветная дуга после дождя,A coloured arc after rain,Medium,Природа,Nature,5,Yes,3,9
WB-1742,RU-0242,RU,Russian,Cyrillic,ЯЩЕРИЦА,YASHCHERITSA,ЯЩЕРИЦА,7,Я|Щ|Е|Р|И|Ц|А,7,No,,Мелкое существо с чешуёй и хвостом,A small scaly creature with a tail,Medium,Животные,Animals,7,No,3,10
WB-1743,RU-0243,RU,Russian,Cyrillic,КЕФИР,KEFIR,КЕФИР,5,К|Е|Ф|И|Р,5,No,,Кислый напиток из молока,A sour drink made from milk,Medium,Еда,Food,5,No,3,8
WB-1744,RU-0244,RU,Russian,Cyrillic,ГРЕБЕНЬ,GREBEN,ГРЕБЕНЬ,7,Г|Р|Е|Б|Е|Н|Ь,7,No,Ь,Зубчатый предмет для волос,A toothed object for the hair,Medium,Дом,Home,6,Yes,3,10
WB-1745,RU-0245,RU,Russian,Cyrillic,ТРОТУАР,TROTUAR,ТРОТУАР,7,Т|Р|О|Т|У|А|Р,7,No,,Дорожка вдоль дороги для людей,A path beside a road for people,Medium,Город,City,5,Yes,3,10
WB-1746,RU-0246,RU,Russian,Cyrillic,АНКЕТА,ANKETA,АНКЕТА,6,А|Н|К|Е|Т|А,6,No,,Бланк с вопросами о себе,A form with questions about yourself,Medium,Документы,Local life,5,Yes,3,9
WB-1747,RU-0247,RU,Russian,Cyrillic,СКЛАД,SKLAD,СКЛАД,5,С|К|Л|А|Д,5,No,,"Здание, где держат товары",A building where goods are held,Medium,Работа,Work,5,No,3,8
WB-1748,RU-0248,RU,Russian,Cyrillic,ЗНАЧОК,ZNACHOK,ЗНАЧОК,6,З|Н|А|Ч|О|К,6,No,,Маленькое изображение со смыслом,A small image carrying meaning,Medium,Техника,Technology,6,No,3,9
WB-1749,RU-0249,RU,Russian,Cyrillic,ВЫВОД,VYVOD,ВЫВОД,5,В|Ы|В|О|Д,5,No,,Итоговая мысль из рассуждения,The closing thought of an argument,Medium,Школа,School,4,Yes,3,8
WB-1750,RU-0250,RU,Russian,Cyrillic,ЗЕМЛЯК,ZEMLYAK,ЗЕМЛЯК,6,З|Е|М|Л|Я|К,6,No,,Человек из тех же мест,A person from the same place,Medium,Люди,People,6,No,3,9
WB-1751,RU-0251,RU,Russian,Cyrillic,МУТНЫЙ,MUTNYY,МУТНЫЙ,6,М|У|Т|Н|Ы|Й,6,No,,"Неясный, с осадком внутри","Unclear, with sediment inside",Medium,Качества,Qualities,6,No,3,9
WB-1752,RU-0252,RU,Russian,Cyrillic,ХРАНИТЬ,KHRANIT,ХРАНИТЬ,7,Х|Р|А|Н|И|Т|Ь,7,No,Ь,"Держать на месте, чтобы не пропало",To keep in place so it is not lost,Medium,Действия,Actions,7,No,3,10
WB-1753,RU-0253,RU,Russian,Cyrillic,СУТКИ,SUTKI,СУТКИ,5,С|У|Т|К|И,5,No,,Полный круг дня и ночи,A full round of day and night,Medium,Время,Time,5,No,3,8
WB-1754,RU-0254,RU,Russian,Cyrillic,УДАР,UDAR,УДАР,4,У|Д|А|Р,4,No,,Резкое движение с силой,A sharp movement made with force,Medium,Спорт,Sport,4,No,3,7
WB-1755,RU-0255,RU,Russian,Cyrillic,УЗОР,UZOR,УЗОР,4,У|З|О|Р,4,No,,Повторяющийся рисунок для красоты,A repeating pattern for beauty,Medium,Одежда,Clothing,4,No,3,7
WB-1756,RU-0256,RU,Russian,Cyrillic,ЗАСУХА,ZASUKHA,ЗАСУХА,6,З|А|С|У|Х|А,6,No,,Долгое время без дождей,A long time without rain,Medium,Природа,Nature,5,Yes,3,9
WB-1757,RU-0257,RU,Russian,Cyrillic,БОБЁР,BOBYOR,БОБЕР,5,Б|О|Б|Ё|Р,5,No,Ё,Строит запруды на реках,It builds dams on rivers,Medium,Животные,Animals,4,Yes,3,8
WB-1758,RU-0258,RU,Russian,Cyrillic,ИЗЮМ,IZYUM,ИЗЮМ,4,И|З|Ю|М,4,No,,Засушенная виноградина,A dried grape,Medium,Еда,Food,4,No,3,7
WB-1759,RU-0259,RU,Russian,Cyrillic,ЗОНТИК,ZONTIK,ЗОНТИК,6,З|О|Н|Т|И|К,6,No,,Складная защита от дождя,A folding shield from rain,Medium,Дом,Home,6,No,3,9
WB-1760,RU-0260,RU,Russian,Cyrillic,СТОЯНКА,STOYANKA,СТОЯНКА,7,С|Т|О|Я|Н|К|А,7,No,,"Место, где оставляют машины",A place where cars are left,Medium,Город,City,7,No,3,10
WB-1761,RU-0261,RU,Russian,Cyrillic,БЛАНК,BLANK,БЛАНК,5,Б|Л|А|Н|К,5,No,,Пустая форма для заполнения,An empty form to be filled in,Medium,Документы,Local life,5,No,3,8
WB-1762,RU-0262,RU,Russian,Cyrillic,СПРОС,SPROS,СПРОС,5,С|П|Р|О|С,5,No,,Желание покупать на рынке,The wish to buy in a market,Medium,Работа,Work,4,Yes,3,8
WB-1763,RU-0263,RU,Russian,Cyrillic,ССЫЛКА,SSYLKA,ССЫЛКА,6,С|С|Ы|Л|К|А,6,No,,Нажатие ведёт на другую страницу,Pressing it leads to another page,Medium,Техника,Technology,5,Yes,3,9
WB-1764,RU-0264,RU,Russian,Cyrillic,ТЕМА,TEMA,ТЕМА,4,Т|Е|М|А,4,No,,О чём идёт речь в тексте,What a text is about,Medium,Школа,School,4,No,3,7
WB-1765,RU-0265,RU,Russian,Cyrillic,ХОЗЯИН,KHOZYAIN,ХОЗЯИН,6,Х|О|З|Я|И|Н,6,No,,"Тот, кому принадлежит жильё",The one to whom a home belongs,Medium,Люди,People,6,No,3,9
WB-1766,RU-0266,RU,Russian,Cyrillic,ЖИВОЙ,ZHIVOY,ЖИВОЙ,5,Ж|И|В|О|Й,5,No,,"Тот, чья жизнь продолжается",One whose life still continues,Medium,Качества,Qualities,5,No,3,8
WB-1767,RU-0267,RU,Russian,Cyrillic,РАЗДАТЬ,RAZDAT,РАЗДАТЬ,7,Р|А|З|Д|А|Т|Ь,7,No,Ь,Отдать многим по частям,To give out to many in parts,Medium,Действия,Actions,6,Yes,3,10
WB-1768,RU-0268,RU,Russian,Cyrillic,РЕКОРД,REKORD,РЕКОРД,6,Р|Е|К|О|Р|Д,6,No,,Лучший достигнутый показатель,The best result ever reached,Medium,Спорт,Sport,5,Yes,3,9
WB-1769,RU-0269,RU,Russian,Cyrillic,РУКАВ,RUKAV,РУКАВ,5,Р|У|К|А|В,5,No,,Часть одежды для руки,The part of clothing for an arm,Medium,Одежда,Clothing,5,No,3,8
WB-1770,RU-0270,RU,Russian,Cyrillic,РУЧЕЙ,RUCHEY,РУЧЕЙ,5,Р|У|Ч|Е|Й,5,No,,Маленький поток воды,A small stream of water,Medium,Природа,Nature,5,No,3,8
WB-1771,RU-0271,RU,Russian,Cyrillic,БАРСУК,BARSUK,БАРСУК,6,Б|А|Р|С|У|К,6,No,,"Мелкий зверь, копает нору",A small animal that digs a burrow,Medium,Животные,Animals,6,No,3,9
WB-1772,RU-0272,RU,Russian,Cyrillic,КУРАГА,KURAGA,КУРАГА,6,К|У|Р|А|Г|А,6,No,,Засушенный жёлтый плод,A dried yellow fruit,Medium,Еда,Food,5,Yes,3,9
WB-1773,RU-0273,RU,Russian,Cyrillic,ИГЛА,IGLA,ИГЛА,4,И|Г|Л|А,4,No,,Тонкий острый предмет для шитья,A thin sharp object for sewing,Medium,Дом,Home,4,No,3,7
WB-1774,RU-0274,RU,Russian,Cyrillic,КАФЕ,KAFE,КАФЕ,4,К|А|Ф|Е,4,No,,"Небольшое место, где пьют и едят",A small place where people drink and eat,Medium,Город,City,4,No,3,7
WB-1775,RU-0275,RU,Russian,Cyrillic,ПЕЧАТЬ,PECHAT,ПЕЧАТЬ,6,П|Е|Ч|А|Т|Ь,6,No,Ь,Оттиск для подтверждения бумаги,An imprint confirming a paper,Medium,Документы,Local life,6,No,3,9
WB-1776,RU-0276,RU,Russian,Cyrillic,ВЫРУЧКА,VYRUCHKA,ВЫРУЧКА,7,В|Ы|Р|У|Ч|К|А,7,No,,"Все деньги, полученные за день",All the money taken in a day,Medium,Работа,Work,7,No,3,10
WB-1777,RU-0277,RU,Russian,Cyrillic,ОБНОВА,OBNOVA,ОБНОВА,6,О|Б|Н|О|В|А,6,No,,Свежая замена старой версии,A fresh replacement of an old version,Medium,Техника,Technology,5,Yes,3,9
WB-1778,RU-0278,RU,Russian,Cyrillic,ЗАГАДКА,ZAGADKA,ЗАГАДКА,7,З|А|Г|А|Д|К|А,7,No,,Вопрос с спрятанным ответом,A question with a hidden answer,Medium,Школа,School,5,Yes,3,10
WB-1779,RU-0279,RU,Russian,Cyrillic,ЖИЛЕЦ,ZHILETS,ЖИЛЕЦ,5,Ж|И|Л|Е|Ц,5,No,,"Тот, кто снимает помещение",The one who rents a space,Medium,Люди,People,5,No,3,8
WB-1780,RU-0280,RU,Russian,Cyrillic,МУДРЫЙ,MUDRYY,МУДРЫЙ,6,М|У|Д|Р|Ы|Й,6,No,,Знающий много и решающий верно,Knowing much and deciding rightly,Medium,Качества,Qualities,6,No,3,9
WB-1781,RU-0281,RU,Russian,Cyrillic,СОБРАТЬ,SOBRAT,СОБРАТЬ,7,С|О|Б|Р|А|Т|Ь,7,No,Ь,Свести разрозненное в одно,To bring scattered things into one,Medium,Действия,Actions,7,No,3,10
WB-1782,RU-0282,RU,Russian,Cyrillic,РОДНИК,RODNIK,РОДНИК,6,Р|О|Д|Н|И|К,6,No,,"Чистая вода, выходящая из земли",Clean water coming out of the earth,Medium,Природа,Nature,6,No,3,9
WB-1783,RU-0283,RU,Russian,Cyrillic,ЛЕОПАРД,LEOPARD,ЛЕОПАРД,7,Л|Е|О|П|А|Р|Д,7,No,,Пятнистый быстрый хищник,A fast spotted predator,Medium,Животные,Animals,7,No,3,10
WB-1784,RU-0284,RU,Russian,Cyrillic,КАПУСТА,KAPUSTA,КАПУСТА,7,К|А|П|У|С|Т|А,7,No,,Овощ из слоёв листьев,A vegetable of layered leaves,Medium,Еда,Food,6,Yes,3,10
WB-1785,RU-0285,RU,Russian,Cyrillic,НИТКА,NITKA,НИТКА,5,Н|И|Т|К|А,5,No,,Ею скрепляют куски ткани,Pieces of cloth are joined with it,Medium,Дом,Home,5,No,3,8
WB-1786,RU-0286,RU,Russian,Cyrillic,БАССЕЙН,BASSEYN,БАССЕЙН,7,Б|А|С|С|Е|Й|Н,7,No,,Ванна для плавания,A basin for swimming,Medium,Город,City,6,Yes,3,10
WB-1787,RU-0287,RU,Russian,Cyrillic,ПОДПИСЬ,PODPIS,ПОДПИСЬ,7,П|О|Д|П|И|С|Ь,7,No,Ь,Личный знак внизу документа,A personal mark at a document's foot,Medium,Документы,Local life,6,Yes,3,10
WB-1788,RU-0288,RU,Russian,Cyrillic,ВКЛАД,VKLAD,ВКЛАД,5,В|К|Л|А|Д,5,No,,"Деньги, положенные в банк",Money placed in a bank,Medium,Работа,Work,5,No,3,8
WB-1789,RU-0289,RU,Russian,Cyrillic,ДАТЧИК,DATCHIK,ДАТЧИК,6,Д|А|Т|Ч|И|К,6,No,,Улавливает изменения и сообщает,It catches changes and reports them,Medium,Техника,Technology,6,No,3,9
WB-1790,RU-0290,RU,Russian,Cyrillic,ОТРЕЗОК,OTREZOK,ОТРЕЗОК,7,О|Т|Р|Е|З|О|К,7,No,,Прямая между двумя точками,A straight line between two points,Medium,Школа,School,6,Yes,3,10
WB-1791,RU-0291,RU,Russian,Cyrillic,НАРОД,NAROD,НАРОД,5,Н|А|Р|О|Д,5,No,,Люди с общим языком и прошлым,People sharing a language and past,Medium,Люди,People,5,No,3,8
WB-1792,RU-0292,RU,Russian,Cyrillic,ЩЕДРЫЙ,SHCHEDRYY,ЩЕДРЫЙ,6,Щ|Е|Д|Р|Ы|Й,6,No,,Много дающий другим,Giving much to others,Medium,Качества,Qualities,6,No,3,9
WB-1793,RU-0293,RU,Russian,Cyrillic,ЗАБЫТЬ,ZABYT,ЗАБЫТЬ,6,З|А|Б|Ы|Т|Ь,6,No,Ь,Выпустить из ума,To let something leave the mind,Medium,Действия,Actions,6,No,3,9
WB-1794,RU-0294,RU,Russian,Cyrillic,БОЛОТО,BOLOTO,БОЛОТО,6,Б|О|Л|О|Т|О,6,No,,Топкая и вязкая местность,Boggy and sticky ground,Medium,Природа,Nature,4,Yes,3,9
WB-1795,RU-0295,RU,Russian,Cyrillic,КАБАН,KABAN,КАБАН,5,К|А|Б|А|Н,5,No,,Дикий родич домашней свиньи,The wild relative of the farm pig,Medium,Животные,Animals,4,Yes,3,8
WB-1796,RU-0296,RU,Russian,Cyrillic,РЕДИСКА,REDISKA,РЕДИСКА,7,Р|Е|Д|И|С|К|А,7,No,,Мелкий острый красный корнеплод,A small sharp red root vegetable,Medium,Еда,Food,7,No,3,10
WB-1797,RU-0297,RU,Russian,Cyrillic,ТОПОР,TOPOR,ТОПОР,5,Т|О|П|О|Р,5,No,,Им колют дрова,Firewood is split with it,Medium,Дом,Home,4,Yes,3,8
WB-1798,RU-0298,RU,Russian,Cyrillic,СТАДИОН,STADION,СТАДИОН,7,С|Т|А|Д|И|О|Н,7,No,,Сооружение для состязаний,A structure for contests,Medium,Город,City,7,No,3,10
WB-1799,RU-0299,RU,Russian,Cyrillic,КОПИЯ,KOPIYA,КОПИЯ,5,К|О|П|И|Я,5,No,,Точное повторение документа,An exact repetition of a document,Medium,Документы,Local life,5,No,3,8
WB-1800,RU-0300,RU,Russian,Cyrillic,ПРОЦЕНТ,PROTSENT,ПРОЦЕНТ,7,П|Р|О|Ц|Е|Н|Т,7,No,,"Доля, означающая часть от сотни",A share meaning a part of a hundred,Medium,Работа,Work,7,No,3,10
WB-1801,RU-0301,RU,Russian,Cyrillic,РОЗЕТКА,ROZETKA,РОЗЕТКА,7,Р|О|З|Е|Т|К|А,7,No,,В неё вставляют вилку прибора,A device plug goes into it,Medium,Техника,Technology,7,No,3,10
WB-1802,RU-0302,RU,Russian,Cyrillic,КРУГ,KRUG,КРУГ,4,К|Р|У|Г,4,No,,Ровная замкнутая плоская фигура,An even closed flat figure,Medium,Школа,School,4,No,3,7
WB-1803,RU-0303,RU,Russian,Cyrillic,ОБЫЧАЙ,OBYCHAY,ОБЫЧАЙ,6,О|Б|Ы|Ч|А|Й,6,No,,Повторяющийся порядок у народа,A repeated practice among a people,Medium,Люди,People,6,No,3,9
WB-1804,RU-0304,RU,Russian,Cyrillic,СКУПОЙ,SKUPOY,СКУПОЙ,6,С|К|У|П|О|Й,6,No,,Старающийся ничего не давать,Trying to give nothing away,Medium,Качества,Qualities,6,No,3,9
WB-1805,RU-0305,RU,Russian,Cyrillic,ВЕРИТЬ,VERIT,ВЕРИТЬ,6,В|Е|Р|И|Т|Ь,6,No,Ь,Принимать без доказательств,To accept without proof,Medium,Действия,Actions,6,No,3,9
WB-1806,RU-0306,RU,Russian,Cyrillic,ДОЛИНА,DOLINA,ДОЛИНА,6,Д|О|Л|И|Н|А,6,No,,Низина между горами,A lowland between mountains,Medium,Природа,Nature,6,No,3,9
WB-1807,RU-0307,RU,Russian,Cyrillic,ЁЖИК,YOZHIK,ЕЖИК,4,Ё|Ж|И|К,4,No,Ё,"Зверёк, покрытый иголками",A little animal covered in spines,Medium,Животные,Animals,4,No,3,7
WB-1808,RU-0308,RU,Russian,Cyrillic,ГОРОХ,GOROKH,ГОРОХ,5,Г|О|Р|О|Х,5,No,,Круглые зёрна в стручке,Round seeds in a pod,Medium,Еда,Food,4,Yes,3,8
WB-1809,RU-0309,RU,Russian,Cyrillic,ПИЛА,PILA,ПИЛА,4,П|И|Л|А,4,No,,Режет дерево зубьями,It cuts wood with its teeth,Medium,Дом,Home,4,No,3,7
WB-1810,RU-0310,RU,Russian,Cyrillic,ВЫВЕСКА,VYVESKA,ВЫВЕСКА,7,В|Ы|В|Е|С|К|А,7,No,,Надпись над входом в заведение,A sign above a venue's entrance,Medium,Город,City,6,Yes,3,10
WB-1811,RU-0311,RU,Russian,Cyrillic,ПЕРЕВОД,PEREVOD,ПЕРЕВОД,7,П|Е|Р|Е|В|О|Д,7,No,,"Текст, изложенный на ином языке",A text rendered into another language,Medium,Документы,Local life,6,Yes,3,10
WB-1812,RU-0312,RU,Russian,Cyrillic,ПАРТНЁР,PARTNYOR,ПАРТНЕР,7,П|А|Р|Т|Н|Ё|Р,7,No,Ё,"Тот, кто ведёт дело вместе",One who runs a business with you,Medium,Работа,Work,6,Yes,3,10
WB-1813,RU-0313,RU,Russian,Cyrillic,АНТЕННА,ANTENNA,АНТЕННА,7,А|Н|Т|Е|Н|Н|А,7,No,,Ловит волны из воздуха,It catches waves from the air,Medium,Техника,Technology,4,Yes,3,10
WB-1814,RU-0314,RU,Russian,Cyrillic,УГОЛ,UGOL,УГОЛ,4,У|Г|О|Л,4,No,,Раствор между двумя прямыми,The opening between two lines,Medium,Школа,School,4,No,3,7
WB-1815,RU-0315,RU,Russian,Cyrillic,ДОВЕРИЕ,DOVERIE,ДОВЕРИЕ,7,Д|О|В|Е|Р|И|Е,7,No,,Принятие без сомнений,Acceptance without doubt,Medium,Люди,People,6,Yes,3,10
WB-1816,RU-0316,RU,Russian,Cyrillic,ЧЕСТНЫЙ,CHESTNYY,ЧЕСТНЫЙ,7,Ч|Е|С|Т|Н|Ы|Й,7,No,,Не берущий чужого и не лгущий,Taking nothing of others' and not lying,Medium,Качества,Qualities,7,No,3,10
WB-1817,RU-0317,RU,Russian,Cyrillic,СПЕШИТЬ,SPESHIT,СПЕШИТЬ,7,С|П|Е|Ш|И|Т|Ь,7,No,Ь,"Двигаться, будто не хватает времени",To move as if time is short,Medium,Действия,Actions,7,No,3,10
WB-1818,RU-0318,RU,Russian,Cyrillic,ХОЛМ,KHOLM,ХОЛМ,4,Х|О|Л|М,4,No,,Небольшое поднятие местности,A small rise of ground,Medium,Природа,Nature,4,No,3,7
WB-1819,RU-0319,RU,Russian,Cyrillic,КЛЕТКА,KLETKA,КЛЕТКА,6,К|Л|Е|Т|К|А,6,No,,Место за прутьями для зверя,A barred place for an animal,Medium,Животные,Animals,5,Yes,3,9
WB-1820,RU-0320,RU,Russian,Cyrillic,ФАСОЛЬ,FASOL,ФАСОЛЬ,6,Ф|А|С|О|Л|Ь,6,No,Ь,Продолговатые зёрна в стручке,Oblong seeds in a pod,Medium,Еда,Food,6,No,3,9
WB-1821,RU-0321,RU,Russian,Cyrillic,МОЛОТОК,MOLOTOK,МОЛОТОК,7,М|О|Л|О|Т|О|К,7,No,,Им забивают гвозди,Nails are driven with it,Medium,Дом,Home,5,Yes,3,10
WB-1822,RU-0322,RU,Russian,Cyrillic,ВИТРИНА,VITRINA,ВИТРИНА,7,В|И|Т|Р|И|Н|А,7,No,,"Стекло, за которым показывают товар",Glass behind which goods are shown,Medium,Город,City,6,Yes,3,10
WB-1823,RU-0323,RU,Russian,Cyrillic,ПОШЛИНА,POSHLINA,ПОШЛИНА,7,П|О|Ш|Л|И|Н|А,7,No,,Плата за оформление бумаги,A fee for processing a paper,Medium,Документы,Local life,7,No,3,10
WB-1824,RU-0324,RU,Russian,Cyrillic,СТАЖ,STAZH,СТАЖ,4,С|Т|А|Ж,4,No,,"Время, отработанное по делу",Time worked in a line of business,Medium,Работа,Work,4,No,3,7
WB-1825,RU-0325,RU,Russian,Cyrillic,ЯРЛЫК,YARLYK,ЯРЛЫК,5,Я|Р|Л|Ы|К,5,No,,Краткая пометка на предмете,A brief tag on an object,Medium,Техника,Technology,5,No,3,8
WB-1826,RU-0326,RU,Russian,Cyrillic,ДРОБЬ,DROB,ДРОБЬ,5,Д|Р|О|Б|Ь,5,No,Ь,"Число, записанное через черту",A number written with a bar,Medium,Школа,School,5,No,3,8
WB-1827,RU-0327,RU,Russian,Cyrillic,ЗАБОТА,ZABOTA,ЗАБОТА,6,З|А|Б|О|Т|А,6,No,,Внимание к нуждам близкого,Attention to a close one's needs,Medium,Люди,People,5,Yes,3,9
WB-1828,RU-0328,RU,Russian,Cyrillic,ЛЕНИВЫЙ,LENIVYY,ЛЕНИВЫЙ,7,Л|Е|Н|И|В|Ы|Й,7,No,,Не желающий трудиться,Not wishing to labour,Medium,Качества,Qualities,7,No,3,10
WB-1829,RU-0329,RU,Russian,Cyrillic,ТЕРПЕТЬ,TERPET,ТЕРПЕТЬ,7,Т|Е|Р|П|Е|Т|Ь,7,No,Ь,Выносить тяготу без жалоб,To bear a hardship without complaint,Medium,Действия,Actions,5,Yes,3,10
WB-1830,RU-0330,RU,Russian,Cyrillic,ПОЧВА,POCHVA,ПОЧВА,5,П|О|Ч|В|А,5,No,,"Мягкий слой, где держатся корни",The soft layer where roots hold,Medium,Природа,Nature,5,No,3,8
WB-1831,RU-0331,RU,Russian,Cyrillic,СТАДО,STADO,СТАДО,5,С|Т|А|Д|О,5,No,,"Гурт скота, идущий вместе",A herd of livestock moving together,Medium,Животные,Animals,5,No,3,8
WB-1832,RU-0332,RU,Russian,Cyrillic,УКСУС,UKSUS,УКСУС,5,У|К|С|У|С,5,No,,"Жидкость, придающая кислоту",A liquid that gives sourness,Medium,Еда,Food,3,Yes,3,8
WB-1833,RU-0333,RU,Russian,Cyrillic,ГВОЗДЬ,GVOZD,ГВОЗДЬ,6,Г|В|О|З|Д|Ь,6,No,Ь,Его забивают в дерево,It is driven into wood,Medium,Дом,Home,6,No,3,9
WB-1834,RU-0334,RU,Russian,Cyrillic,ОЧЕРЕДЬ,OCHERED,ОЧЕРЕДЬ,7,О|Ч|Е|Р|Е|Д|Ь,7,No,Ь,"Люди, стоящие один за другим",People standing one behind another,Medium,Город,City,6,Yes,3,10
WB-1835,RU-0335,RU,Russian,Cyrillic,ОТКАЗ,OTKAZ,ОТКАЗ,5,О|Т|К|А|З,5,No,,"Ответ, когда просьбу не приняли",The answer when a request is denied,Medium,Документы,Local life,5,No,3,8
WB-1836,RU-0336,RU,Russian,Cyrillic,ОПЫТ,OPYT,ОПЫТ,4,О|П|Ы|Т,4,No,,"Умение, добытое делом",Skill gained through doing,Medium,Работа,Work,4,No,3,7
WB-1837,RU-0337,RU,Russian,Cyrillic,ЗАПЯТАЯ,ZAPYATAYA,ЗАПЯТАЯ,7,З|А|П|Я|Т|А|Я,7,No,,"Знак, делящий части предложения",A mark dividing parts of a sentence,Medium,Школа,School,5,Yes,3,10
WB-1838,RU-0338,RU,Russian,Cyrillic,ПОМОЩЬ,POMOSHCH,ПОМОЩЬ,6,П|О|М|О|Щ|Ь,6,No,Ь,Облегчение чужого труда,The easing of another's labour,Medium,Люди,People,5,Yes,3,9
WB-1839,RU-0339,RU,Russian,Cyrillic,УПРЯМЫЙ,UPRYAMYY,УПРЯМЫЙ,7,У|П|Р|Я|М|Ы|Й,7,No,,Не отступающий от своего,Not backing down from his own view,Medium,Качества,Qualities,7,No,3,10
WB-1840,RU-0340,RU,Russian,Cyrillic,ВЕРНУТЬ,VERNUT,ВЕРНУТЬ,7,В|Е|Р|Н|У|Т|Ь,7,No,Ь,Отдать взятое обратно,To give back what was taken,Medium,Действия,Actions,7,No,3,10
WB-1841,RU-0341,RU,Russian,Cyrillic,СЕМЯ,SEMYA,СЕМЯ,4,С|Е|М|Я,4,No,,Из него вырастает растение,A plant grows out of it,Medium,Природа,Nature,4,No,3,7
WB-1842,RU-0342,RU,Russian,Cyrillic,ПЕРО,PERO,ПЕРО,4,П|Е|Р|О,4,No,,Растёт на крыле птицы,It grows on a bird's wing,Medium,Животные,Animals,4,No,3,7
WB-1843,RU-0343,RU,Russian,Cyrillic,ДРОЖЖИ,DROZHZHI,ДРОЖЖИ,6,Д|Р|О|Ж|Ж|И,6,No,,От них поднимается тесто,Dough rises because of them,Medium,Еда,Food,5,Yes,3,9
WB-1844,RU-0344,RU,Russian,Cyrillic,КРЫЛЬЦО,KRYLTSO,КРЫЛЬЦО,7,К|Р|Ы|Л|Ь|Ц|О,7,No,Ь,Площадка перед входом в дом,A platform before the entrance of a house,Medium,Дом,Home,7,No,3,10
WB-1845,RU-0345,RU,Russian,Cyrillic,ВХОД,VKHOD,ВХОД,4,В|Х|О|Д,4,No,,"Место, через которое попадают внутрь",The place you get inside through,Medium,Город,City,4,No,3,7
WB-1846,RU-0346,RU,Russian,Cyrillic,СРОКИ,SROKI,СРОКИ,5,С|Р|О|К|И,5,No,,Границы времени по правилам,Time limits set by the rules,Medium,Документы,Local life,5,No,3,8
WB-1847,RU-0347,RU,Russian,Cyrillic,ОТПУСК,OTPUSK,ОТПУСК,6,О|Т|П|У|С|К,6,No,,"Дни отдыха, данные работнику",Days of rest given to a worker,Medium,Работа,Work,6,No,3,9
WB-1848,RU-0348,RU,Russian,Cyrillic,АБЗАЦ,ABZATS,АБЗАЦ,5,А|Б|З|А|Ц,5,No,,Отступ и новая часть текста,An indent and a new part of a text,Medium,Школа,School,4,Yes,3,8
WB-1849,RU-0349,RU,Russian,Cyrillic,СТРОГИЙ,STROGIY,СТРОГИЙ,7,С|Т|Р|О|Г|И|Й,7,No,,Не допускающий послаблений,Allowing no slack,Medium,Качества,Qualities,7,No,3,10
WB-1850,RU-0350,RU,Russian,Cyrillic,ПОЧКА,POCHKA,ПОЧКА,5,П|О|Ч|К|А,5,No,,Ещё не раскрывшийся цветок,A flower not yet opened,Medium,Природа,Nature,5,No,3,8
WB-1851,RU-0351,RU,Russian,Cyrillic,КЛЮВ,KLYUV,КЛЮВ,4,К|Л|Ю|В,4,No,,Твёрдая часть на морде птицы,The hard part on a bird's face,Medium,Животные,Animals,4,No,3,7
WB-1852,RU-0352,RU,Russian,Cyrillic,КРУПА,KRUPA,КРУПА,5,К|Р|У|П|А,5,No,,Раздробленное зерно для варки,Broken grain for boiling,Medium,Еда,Food,5,No,3,8
WB-1853,RU-0353,RU,Russian,Cyrillic,ЧЕРДАК,CHERDAK,ЧЕРДАК,6,Ч|Е|Р|Д|А|К,6,No,,Помещение прямо под крышей,A space directly under the roof,Medium,Дом,Home,6,No,3,9
WB-1854,RU-0354,RU,Russian,Cyrillic,ВЫХОД,VYKHOD,ВЫХОД,5,В|Ы|Х|О|Д,5,No,,"Место, через которое уходят наружу",The place you leave through,Medium,Город,City,5,No,3,8
WB-1855,RU-0355,RU,Russian,Cyrillic,ЖИЛЬЁ,ZHILYO,ЖИЛЬЕ,5,Ж|И|Л|Ь|Ё,5,No,Ь|Ё,"Место, где человек живёт",The place where a person lives,Medium,Документы,Local life,5,No,3,8
WB-1856,RU-0356,RU,Russian,Cyrillic,РАЗУМ,RAZUM,РАЗУМ,5,Р|А|З|У|М,5,No,,Способность мыслить и понимать,The ability to think and understand,Hard,Понятия,Abstract,5,No,3,8
WB-1857,RU-0357,RU,Russian,Cyrillic,ЗАВИСТЬ,ZAVIST,ЗАВИСТЬ,7,З|А|В|И|С|Т|Ь,7,No,Ь,Досада от чужого успеха,Vexation at another's success,Hard,Чувства,Emotions,7,No,3,10
WB-1858,RU-0358,RU,Russian,Cyrillic,ГЛАСНЫЙ,GLASNYY,ГЛАСНЫЙ,7,Г|Л|А|С|Н|Ы|Й,7,No,,"Звук, который тянется голосом",A sound drawn out with the voice,Hard,Язык,Language,7,No,3,10
WB-1859,RU-0359,RU,Russian,Cyrillic,АТОМ,ATOM,АТОМ,4,А|Т|О|М,4,No,,Мельчайшая частица вещества,The tiniest particle of matter,Hard,Наука,Science,4,No,3,7
WB-1860,RU-0360,RU,Russian,Cyrillic,ПРАВО,PRAVO,ПРАВО,5,П|Р|А|В|О,5,No,,Данная человеку законная возможность,A lawful entitlement given to a person,Hard,Право,Law,5,No,3,8
WB-1861,RU-0361,RU,Russian,Cyrillic,КАПИТАЛ,KAPITAL,КАПИТАЛ,7,К|А|П|И|Т|А|Л,7,No,,"Средства, вложенные ради роста",Means put in for the sake of growth,Hard,Экономика,Economics,6,Yes,3,10
WB-1862,RU-0362,RU,Russian,Cyrillic,ИМПЕРИЯ,IMPERIYA,ИМПЕРИЯ,7,И|М|П|Е|Р|И|Я,7,No,,"Держава, охватившая многие земли",A power that took in many lands,Hard,История,History,6,Yes,3,10
WB-1863,RU-0363,RU,Russian,Cyrillic,ОСНОВА,OSNOVA,ОСНОВА,6,О|С|Н|О|В|А,6,No,,"Нижняя часть, несущая всё здание",The lower part bearing the whole building,Hard,Строительство,Construction,5,Yes,3,9
WB-1864,RU-0364,RU,Russian,Cyrillic,ЛОГИКА,LOGIKA,ЛОГИКА,6,Л|О|Г|И|К|А,6,No,,Закон связи между мыслями,The law by which thoughts connect,Hard,Понятия,Abstract,6,No,3,9
WB-1865,RU-0365,RU,Russian,Cyrillic,СТЫД,STYD,СТЫД,4,С|Т|Ы|Д,4,No,,Стеснение после дурного поступка,The unease felt after a bad act,Hard,Чувства,Emotions,4,No,3,7
WB-1866,RU-0366,RU,Russian,Cyrillic,СЛОГ,SLOG,СЛОГ,4,С|Л|О|Г,4,No,,"Часть, сказанная одним толчком",A part said in one push,Hard,Язык,Language,4,No,3,7
WB-1867,RU-0367,RU,Russian,Cyrillic,МАССА,MASSA,МАССА,5,М|А|С|С|А,5,No,,Мера количества вещества в теле,A measure of how much matter a body holds,Hard,Наука,Science,3,Yes,3,8
WB-1868,RU-0368,RU,Russian,Cyrillic,КАРА,KARA,КАРА,4,К|А|Р|А,4,No,,"Мера, налагаемая за нарушение",A measure imposed for a breach,Hard,Право,Law,3,Yes,3,7
WB-1869,RU-0369,RU,Russian,Cyrillic,ЗАТРАТЫ,ZATRATY,ЗАТРАТЫ,7,З|А|Т|Р|А|Т|Ы,7,No,,"Всё, что ушло на создание",All that went into making something,Hard,Экономика,Economics,5,Yes,3,10
WB-1870,RU-0370,RU,Russian,Cyrillic,ВОЙСКО,VOYSKO,ВОЙСКО,6,В|О|Й|С|К|О,6,No,,"Сила, готовая к сражению",A force readied for battle,Hard,История,History,5,Yes,3,9
WB-1871,RU-0371,RU,Russian,Cyrillic,КОЛОННА,KOLONNA,КОЛОННА,7,К|О|Л|О|Н|Н|А,7,No,,"Стойка, несущая груз кверху",A post bearing a load upwards,Hard,Строительство,Construction,5,Yes,3,10
WB-1872,RU-0372,RU,Russian,Cyrillic,СУТЬ,SUT,СУТЬ,4,С|У|Т|Ь,4,No,Ь,Самое главное внутреннее значение,The innermost essential meaning,Hard,Понятия,Abstract,4,No,3,7
WB-1873,RU-0373,RU,Russian,Cyrillic,ТОСКА,TOSKA,ТОСКА,5,Т|О|С|К|А,5,No,,Тяжесть от нехватки близкого,The heaviness of missing someone dear,Hard,Чувства,Emotions,5,No,3,8
WB-1874,RU-0374,RU,Russian,Cyrillic,МОРФЕМА,MORFEMA,МОРФЕМА,7,М|О|Р|Ф|Е|М|А,7,No,,Наименьшая значимая часть слова,The smallest meaningful part of a word,Hard,Язык,Language,6,Yes,3,10
WB-1875,RU-0375,RU,Russian,Cyrillic,ОБЪЁМ,OBYOM,ОБЪЕМ,5,О|Б|Ъ|Ё|М,5,No,Ъ|Ё,Мера занимаемого пространства,A measure of the space taken up,Hard,Наука,Science,5,No,3,8
WB-1876,RU-0376,RU,Russian,Cyrillic,ШТРАФ,SHTRAF,ШТРАФ,5,Ш|Т|Р|А|Ф,5,No,,Денежное взыскание за нарушение,A money penalty for a breach,Hard,Право,Law,5,No,3,8
WB-1877,RU-0377,RU,Russian,Cyrillic,КРИЗИС,KRIZIS,КРИЗИС,6,К|Р|И|З|И|С,6,No,,Резкий перелом к худшему,A sharp turn for the worse,Hard,Экономика,Economics,5,Yes,3,9
WB-1878,RU-0378,RU,Russian,Cyrillic,ПОСОЛ,POSOL,ПОСОЛ,5,П|О|С|О|Л,5,No,,Посланный в чужую страну представитель,An envoy sent to a foreign country,Hard,История,History,4,Yes,3,8
WB-1879,RU-0379,RU,Russian,Cyrillic,КИРПИЧ,KIRPICH,КИРПИЧ,6,К|И|Р|П|И|Ч,6,No,,Обожжённый брусок для кладки,A fired block used for laying walls,Hard,Строительство,Construction,5,Yes,3,9
WB-1880,RU-0380,RU,Russian,Cyrillic,ИСТИНА,ISTINA,ИСТИНА,6,И|С|Т|И|Н|А,6,No,,Полное соответствие действительности,Full correspondence with reality,Hard,Понятия,Abstract,5,Yes,3,9
WB-1881,RU-0381,RU,Russian,Cyrillic,ПЕЧАЛЬ,PECHAL,ПЕЧАЛЬ,6,П|Е|Ч|А|Л|Ь,6,No,Ь,Тихое состояние после утраты,A quiet state after a loss,Hard,Чувства,Emotions,6,No,3,9
WB-1882,RU-0382,RU,Russian,Cyrillic,СУФФИКС,SUFFIKS,СУФФИКС,7,С|У|Ф|Ф|И|К|С,7,No,,"Часть, стоящая после основы",A part standing after the base,Hard,Язык,Language,5,Yes,3,10
WB-1883,RU-0383,RU,Russian,Cyrillic,ТРЕНИЕ,TRENIE,ТРЕНИЕ,6,Т|Р|Е|Н|И|Е,6,No,,Помеха при скольжении поверхностей,The resistance when surfaces slide,Hard,Наука,Science,5,Yes,3,9
WB-1884,RU-0384,RU,Russian,Cyrillic,ИСТЕЦ,ISTETS,ИСТЕЦ,5,И|С|Т|Е|Ц,5,No,,"Тот, кто подал в суд",The one who brought a suit,Hard,Право,Law,5,No,3,8
WB-1885,RU-0385,RU,Russian,Cyrillic,ЭКСПОРТ,EKSPORT,ЭКСПОРТ,7,Э|К|С|П|О|Р|Т,7,No,,Продажа товаров за рубеж,The selling of goods abroad,Hard,Экономика,Economics,7,No,3,10
WB-1886,RU-0386,RU,Russian,Cyrillic,КАРАВАН,KARAVAN,КАРАВАН,7,К|А|Р|А|В|А|Н,7,No,,"Купцы, вышедшие в путь вместе",Traders setting out on a road together,Hard,История,History,5,Yes,3,10
WB-1887,RU-0387,RU,Russian,Cyrillic,ЦЕМЕНТ,TSEMENT,ЦЕМЕНТ,6,Ц|Е|М|Е|Н|Т,6,No,,"Порошок, твердеющий с водой",A powder that hardens with water,Hard,Строительство,Construction,5,Yes,3,9
WB-1888,RU-0388,RU,Russian,Cyrillic,ЛОЖЬ,LOZH,ЛОЖЬ,4,Л|О|Ж|Ь,4,No,Ь,"Высказывание, не отвечающее правде",An utterance not answering to truth,Hard,Понятия,Abstract,4,No,3,7
WB-1889,RU-0389,RU,Russian,Cyrillic,ТРЕВОГА,TREVOGA,ТРЕВОГА,7,Т|Р|Е|В|О|Г|А,7,No,,Беспокойство о возможной беде,Unease about a possible misfortune,Hard,Чувства,Emotions,7,No,3,10
WB-1890,RU-0390,RU,Russian,Cyrillic,ПАДЕЖ,PADEZH,ПАДЕЖ,5,П|А|Д|Е|Ж,5,No,,"Форма, меняющая роль имени",A form changing a noun's role,Hard,Язык,Language,5,No,3,8
WB-1891,RU-0391,RU,Russian,Cyrillic,ЭНЕРГИЯ,ENERGIYA,ЭНЕРГИЯ,7,Э|Н|Е|Р|Г|И|Я,7,No,,Запас способности совершать работу,A store of the capacity to do work,Hard,Наука,Science,7,No,3,10
WB-1892,RU-0392,RU,Russian,Cyrillic,ВЛАСТЬ,VLAST,ВЛАСТЬ,6,В|Л|А|С|Т|Ь,6,No,Ь,Право распоряжаться и решать,The right to dispose and decide,Hard,Право,Law,6,No,3,9
WB-1893,RU-0393,RU,Russian,Cyrillic,ИМПОРТ,IMPORT,ИМПОРТ,6,И|М|П|О|Р|Т,6,No,,Закупка товаров за рубежом,The buying of goods from abroad,Hard,Экономика,Economics,6,No,3,9
WB-1894,RU-0394,RU,Russian,Cyrillic,РЕМЕСЛО,REMESLO,РЕМЕСЛО,7,Р|Е|М|Е|С|Л|О,7,No,,Умение создавать вещи руками,The skill of making things by hand,Hard,История,History,6,Yes,3,10
WB-1895,RU-0395,RU,Russian,Cyrillic,БЕТОН,BETON,БЕТОН,5,Б|Е|Т|О|Н,5,No,,Затвердевшая каменистая смесь,A hardened stony mixture,Hard,Строительство,Construction,5,No,3,8
WB-1896,RU-0396,RU,Russian,Cyrillic,ДОГАДКА,DOGADKA,ДОГАДКА,7,Д|О|Г|А|Д|К|А,7,No,,Предположение без твёрдых оснований,A guess without firm grounds,Hard,Понятия,Abstract,5,Yes,3,10
WB-1897,RU-0397,RU,Russian,Cyrillic,ЖАЛОСТЬ,ZHALOST,ЖАЛОСТЬ,7,Ж|А|Л|О|С|Т|Ь,7,No,Ь,Мягкое чувство к попавшему в беду,A soft feeling towards one in trouble,Hard,Чувства,Emotions,7,No,3,10
WB-1898,RU-0398,RU,Russian,Cyrillic,ЧИСЛО,CHISLO,ЧИСЛО,5,Ч|И|С|Л|О,5,No,,Показывает один предмет или много,It shows one object or many,Hard,Язык,Language,5,No,3,8
WB-1899,RU-0399,RU,Russian,Cyrillic,МАГНИТ,MAGNIT,МАГНИТ,6,М|А|Г|Н|И|Т,6,No,,"Тело, притягивающее железо",A body that pulls iron to itself,Hard,Наука,Science,6,No,3,9
WB-1900,RU-0400,RU,Russian,Cyrillic,ВЫБОРЫ,VYBORY,ВЫБОРЫ,6,В|Ы|Б|О|Р|Ы,6,No,,Отбор голосованием,A selection made by voting,Hard,Право,Law,5,Yes,3,9
WB-1901,RU-0401,RU,Russian,Cyrillic,АКЦИЯ,AKTSIYA,АКЦИЯ,5,А|К|Ц|И|Я,5,No,,Бумага о доле в обществе,A paper showing a share in a company,Hard,Экономика,Economics,5,No,3,8
WB-1902,RU-0402,RU,Russian,Cyrillic,ГОНЧАР,GONCHAR,ГОНЧАР,6,Г|О|Н|Ч|А|Р,6,No,,"Тот, кто лепит посуду из глины",One who shapes vessels from clay,Hard,История,History,6,No,3,9
WB-1903,RU-0403,RU,Russian,Cyrillic,РЕШЁТКА,RESHYOTKA,РЕШЕТКА,7,Р|Е|Ш|Ё|Т|К|А,7,No,Ё,Ограда из перекрещенных прутьев,A barrier of crossing bars,Hard,Строительство,Construction,7,No,3,10
WB-1904,RU-0404,RU,Russian,Cyrillic,МЕЧТА,MECHTA,МЕЧТА,5,М|Е|Ч|Т|А,5,No,,"Желание, на которое надеются",A wish that is hoped for,Hard,Понятия,Abstract,5,No,3,8
WB-1905,RU-0405,RU,Russian,Cyrillic,ПАНИКА,PANIKA,ПАНИКА,6,П|А|Н|И|К|А,6,No,,"Сильный страх, быстро охватывающий всех",A strong fear that seizes all quickly,Hard,Чувства,Emotions,5,Yes,3,9
WB-1906,RU-0406,RU,Russian,Cyrillic,ГЛАГОЛ,GLAGOL,ГЛАГОЛ,6,Г|Л|А|Г|О|Л,6,No,,"Разряд слов, называющих действие",The word class naming an action,Hard,Язык,Language,4,Yes,3,9
WB-1907,RU-0407,RU,Russian,Cyrillic,КИСЛОТА,KISLOTA,КИСЛОТА,7,К|И|С|Л|О|Т|А,7,No,,"Едкое вещество, разъедающее металл",A caustic substance with a sour taste,Hard,Наука,Science,7,No,3,10
WB-1908,RU-0408,RU,Russian,Cyrillic,ЖАЛОБА,ZHALOBA,ЖАЛОБА,6,Ж|А|Л|О|Б|А,6,No,,Письменное заявление о нарушении,A written statement of a breach,Hard,Право,Law,5,Yes,3,9
WB-1909,RU-0409,RU,Russian,Cyrillic,КРЕДИТ,KREDIT,КРЕДИТ,6,К|Р|Е|Д|И|Т,6,No,,"Деньги, возвращаемые с надбавкой",Money returned with an addition,Hard,Экономика,Economics,6,No,3,9
WB-1910,RU-0410,RU,Russian,Cyrillic,ЮВЕЛИР,YUVELIR,ЮВЕЛИР,6,Ю|В|Е|Л|И|Р,6,No,,Мастер украшений из дорогих металлов,A maker of ornaments from costly metals,Hard,История,History,6,No,3,9
WB-1911,RU-0411,RU,Russian,Cyrillic,ТРУБА,TRUBA,ТРУБА,5,Т|Р|У|Б|А,5,No,,Пустотелый ход для жидкости,A hollow passage for liquid,Hard,Строительство,Construction,5,No,3,8
WB-1912,RU-0412,RU,Russian,Cyrillic,ЦЕЛЬ,TSEL,ЦЕЛЬ,4,Ц|Е|Л|Ь,4,No,Ь,"Конечная точка, к которой идут",The end point one moves towards,Hard,Понятия,Abstract,4,No,3,7
WB-1913,RU-0413,RU,Russian,Cyrillic,НАДЕЖДА,NADEZHDA,НАДЕЖДА,7,Н|А|Д|Е|Ж|Д|А,7,No,,Ожидание хорошего впереди,The expectation of good ahead,Hard,Чувства,Emotions,5,Yes,3,10
WB-1914,RU-0414,RU,Russian,Cyrillic,НАРЕЧИЕ,NARECHIE,НАРЕЧИЕ,7,Н|А|Р|Е|Ч|И|Е,7,No,,Разряд слов о признаке действия,The word class on a manner of action,Hard,Язык,Language,6,Yes,3,10
WB-1915,RU-0415,RU,Russian,Cyrillic,РАСТВОР,RASTVOR,РАСТВОР,7,Р|А|С|Т|В|О|Р,7,No,,"Вещество, разошедшееся в жидкости",A substance spread through a liquid,Hard,Наука,Science,6,Yes,3,10
WB-1916,RU-0416,RU,Russian,Cyrillic,ЮРИСТ,YURIST,ЮРИСТ,5,Ю|Р|И|С|Т,5,No,,Знаток законов по образованию,A trained expert in the laws,Hard,Право,Law,5,No,3,8
WB-1917,RU-0417,RU,Russian,Cyrillic,БЮДЖЕТ,BYUDZHET,БЮДЖЕТ,6,Б|Ю|Д|Ж|Е|Т,6,No,,План приходов и трат,A plan of takings and spendings,Hard,Экономика,Economics,6,No,3,9
WB-1918,RU-0418,RU,Russian,Cyrillic,КУЗНЕЦ,KUZNETS,КУЗНЕЦ,6,К|У|З|Н|Е|Ц,6,No,,"Мастер, работающий с горячим железом",A craftsman working hot iron,Hard,История,History,6,No,3,9
WB-1919,RU-0419,RU,Russian,Cyrillic,СВОД,SVOD,СВОД,4,С|В|О|Д,4,No,,Изогнутое перекрытие над помещением,A curved covering over a space,Hard,Строительство,Construction,4,No,3,7
WB-1920,RU-0420,RU,Russian,Cyrillic,ВОЛЯ,VOLYA,ВОЛЯ,4,В|О|Л|Я,4,No,,Сила твёрдо держаться решения,The power to hold firmly to a decision,Hard,Понятия,Abstract,4,No,3,7
WB-1921,RU-0421,RU,Russian,Cyrillic,РАДОСТЬ,RADOST,РАДОСТЬ,7,Р|А|Д|О|С|Т|Ь,7,No,Ь,Светлое чувство от хорошего,A bright feeling from something good,Hard,Чувства,Emotions,7,No,3,10
WB-1922,RU-0422,RU,Russian,Cyrillic,ГОВОР,GOVOR,ГОВОР,5,Г|О|В|О|Р,5,No,,Местная разновидность речи,A local variety of speech,Hard,Язык,Language,4,Yes,3,8
WB-1923,RU-0423,RU,Russian,Cyrillic,МЕТАЛЛ,METALL,МЕТАЛЛ,6,М|Е|Т|А|Л|Л,6,No,,"Блестящее вещество, проводящее ток",A shiny substance conducting current,Hard,Наука,Science,5,Yes,3,9
WB-1924,RU-0424,RU,Russian,Cyrillic,УСТАВ,USTAV,УСТАВ,5,У|С|Т|А|В,5,No,,Главный свод правил заведения,A body's chief set of rules,Hard,Право,Law,5,No,3,8
WB-1925,RU-0425,RU,Russian,Cyrillic,ДЕФИЦИТ,DEFITSIT,ДЕФИЦИТ,7,Д|Е|Ф|И|Ц|И|Т,7,No,,"Нехватка того, что нужно",A shortage of what is needed,Hard,Экономика,Economics,6,Yes,3,10
WB-1926,RU-0426,RU,Russian,Cyrillic,ТКАЧ,TKACH,ТКАЧ,4,Т|К|А|Ч,4,No,,"Тот, кто делает полотно на станке",One who makes cloth on a loom,Hard,История,History,4,No,3,7
WB-1927,RU-0427,RU,Russian,Cyrillic,КУПОЛ,KUPOL,КУПОЛ,5,К|У|П|О|Л,5,No,,Полукруглое покрытие здания,A half-round covering of a building,Hard,Строительство,Construction,5,No,3,8
WB-1928,RU-0428,RU,Russian,Cyrillic,СУДЬБА,SUDBA,СУДЬБА,6,С|У|Д|Ь|Б|А,6,No,Ь,"Путь, будто заранее начертанный",A path as if drawn in advance,Hard,Понятия,Abstract,6,No,3,9
WB-1929,RU-0429,RU,Russian,Cyrillic,ГНЕВ,GNEV,ГНЕВ,4,Г|Н|Е|В,4,No,,Резкое чувство против обиды,A sharp feeling against a wrong,Hard,Чувства,Emotions,4,No,3,7
WB-1930,RU-0430,RU,Russian,Cyrillic,АЛФАВИТ,ALFAVIT,АЛФАВИТ,7,А|Л|Ф|А|В|И|Т,7,No,,Упорядоченный набор знаков письма,An ordered set of writing signs,Hard,Язык,Language,6,Yes,3,10
WB-1931,RU-0431,RU,Russian,Cyrillic,СПЛАВ,SPLAV,СПЛАВ,5,С|П|Л|А|В,5,No,,"Смесь двух металлов, слитых в жару",A mix of two melted metals,Hard,Наука,Science,5,No,3,8
WB-1932,RU-0432,RU,Russian,Cyrillic,НОРМА,NORMA,НОРМА,5,Н|О|Р|М|А,5,No,,Признанное правильным мерило,A measure held to be right,Hard,Право,Law,5,No,3,8
WB-1933,RU-0433,RU,Russian,Cyrillic,ОБОРОТ,OBOROT,ОБОРОТ,6,О|Б|О|Р|О|Т,6,No,,Полный круг движения средств,A full round of money moving,Hard,Экономика,Economics,4,Yes,3,9
WB-1934,RU-0434,RU,Russian,Cyrillic,ЗОДЧИЙ,ZODCHIY,ЗОДЧИЙ,6,З|О|Д|Ч|И|Й,6,No,,"Тот, кто задумывает здания",One who conceives buildings,Hard,История,History,6,No,3,9
WB-1935,RU-0435,RU,Russian,Cyrillic,БАШНЯ,BASHNYA,БАШНЯ,5,Б|А|Ш|Н|Я,5,No,,Высокое и узкое сооружение,A tall and narrow structure,Hard,Строительство,Construction,5,No,3,8
WB-1936,RU-0436,RU,Russian,Cyrillic,ВЕЧНЫЙ,VECHNYY,ВЕЧНЫЙ,6,В|Е|Ч|Н|Ы|Й,6,No,,Никогда не имеющий конца,Never having an end,Hard,Понятия,Abstract,6,No,3,9
WB-1937,RU-0437,RU,Russian,Cyrillic,ИСПУГ,ISPUG,ИСПУГ,5,И|С|П|У|Г,5,No,,Мгновенный страх от неожиданного,A sudden fear from the unexpected,Hard,Чувства,Emotions,5,No,3,8
WB-1938,RU-0438,RU,Russian,Cyrillic,РИФМА,RIFMA,РИФМА,5,Р|И|Ф|М|А,5,No,,Совпадение звуков в концах строк,A sound match at the ends of lines,Hard,Язык,Language,5,No,3,8
WB-1939,RU-0439,RU,Russian,Cyrillic,ОРГАН,ORGAN,ОРГАН,5,О|Р|Г|А|Н,5,No,,Часть тела с особой задачей,A body part with a special task,Hard,Наука,Science,5,No,3,8
WB-1940,RU-0440,RU,Russian,Cyrillic,СДЕЛКА,SDELKA,СДЕЛКА,6,С|Д|Е|Л|К|А,6,No,,Соглашение двух сторон о деле,An agreement of two sides on a matter,Hard,Право,Law,6,No,3,9
WB-1941,RU-0441,RU,Russian,Cyrillic,ОПТОВЫЙ,OPTOVYY,ОПТОВЫЙ,7,О|П|Т|О|В|Ы|Й,7,No,,Связанный с торговлей большими партиями,To do with trading in large lots,Hard,Экономика,Economics,6,Yes,3,10
WB-1942,RU-0442,RU,Russian,Cyrillic,ФРЕСКА,FRESKA,ФРЕСКА,6,Ф|Р|Е|С|К|А,6,No,,Роспись прямо по сырой стене,Painting made straight onto a wet wall,Hard,История,History,6,No,3,9
WB-1943,RU-0443,RU,Russian,Cyrillic,БАЛКА,BALKA,БАЛКА,5,Б|А|Л|К|А,5,No,,"Лежащий брус, несущий перекрытие",A lying beam bearing a floor,Hard,Строительство,Construction,4,Yes,3,8
WB-1944,RU-0444,RU,Russian,Cyrillic,ПОРЯДОК,PORYADOK,ПОРЯДОК,7,П|О|Р|Я|Д|О|К,7,No,,Правило размещения вещей,The rule by which things are placed,Hard,Понятия,Abstract,6,Yes,3,10
WB-1945,RU-0445,RU,Russian,Cyrillic,СКУКА,SKUKA,СКУКА,5,С|К|У|К|А,5,No,,"Состояние, когда нечем занять ум",A state when nothing occupies the mind,Hard,Чувства,Emotions,4,Yes,3,8
WB-1946,RU-0446,RU,Russian,Cyrillic,СТРОФА,STROFA,СТРОФА,6,С|Т|Р|О|Ф|А,6,No,,Группа стихотворных рядов вместе,A group of lines standing together,Hard,Язык,Language,6,No,3,9
WB-1947,RU-0447,RU,Russian,Cyrillic,НЕРВ,NERV,НЕРВ,4,Н|Е|Р|В,4,No,,"Волокно, несущее сигнал в теле",A fibre carrying a signal in the body,Hard,Наука,Science,4,No,3,7
WB-1948,RU-0448,RU,Russian,Cyrillic,ОПЕКА,OPEKA,ОПЕКА,5,О|П|Е|К|А,5,No,,"Забота о том, кто не может сам",Care for one who cannot manage alone,Hard,Право,Law,5,No,3,8
WB-1949,RU-0449,RU,Russian,Cyrillic,РОЗНИЦА,ROZNITSA,РОЗНИЦА,7,Р|О|З|Н|И|Ц|А,7,No,,Продажа по одной штуке,Selling one piece at a time,Hard,Экономика,Economics,7,No,3,10
WB-1950,RU-0450,RU,Russian,Cyrillic,ЛЕГЕНДА,LEGENDA,ЛЕГЕНДА,7,Л|Е|Г|Е|Н|Д|А,7,No,,"Старинный рассказ, идущий из уст в уста",An old tale passed by word of mouth,Hard,История,History,6,Yes,3,10
WB-1951,RU-0451,RU,Russian,Cyrillic,УРОВЕНЬ,UROVEN,УРОВЕНЬ,7,У|Р|О|В|Е|Н|Ь,7,No,Ь,"Прибор, ищущий ровную плоскость",A tool that finds an even plane,Hard,Строительство,Construction,7,No,3,10
WB-1952,RU-0452,RU,Russian,Cyrillic,СИСТЕМА,SISTEMA,СИСТЕМА,7,С|И|С|Т|Е|М|А,7,No,,Целое из связанных частей,A whole of connected parts,Hard,Понятия,Abstract,6,Yes,3,10
WB-1953,RU-0453,RU,Russian,Cyrillic,ВОСТОРГ,VOSTORG,ВОСТОРГ,7,В|О|С|Т|О|Р|Г,7,No,,Сильное светлое возбуждение,A strong bright excitement,Hard,Чувства,Emotions,6,Yes,3,10
WB-1954,RU-0454,RU,Russian,Cyrillic,ПОЭМА,POEMA,ПОЭМА,5,П|О|Э|М|А,5,No,,Длинное повествование в стихах,A long narrative told in verse,Hard,Язык,Language,5,No,3,8
WB-1955,RU-0455,RU,Russian,Cyrillic,ДЫХАНИЕ,DYKHANIE,ДЫХАНИЕ,7,Д|Ы|Х|А|Н|И|Е,7,No,,Приём и выпуск воздуха телом,The taking in and letting out of air,Hard,Наука,Science,7,No,3,10
WB-1956,RU-0456,RU,Russian,Cyrillic,ЗАПРЕТ,ZAPRET,ЗАПРЕТ,6,З|А|П|Р|Е|Т,6,No,,Указание не делать чего-то,An order not to do something,Hard,Право,Law,6,No,3,9
WB-1957,RU-0457,RU,Russian,Cyrillic,ВАЛЮТА,VALYUTA,ВАЛЮТА,6,В|А|Л|Ю|Т|А,6,No,,Денежная единица другой страны,The money unit of another country,Hard,Экономика,Economics,5,Yes,3,9
WB-1958,RU-0458,RU,Russian,Cyrillic,ОБРЯД,OBRYAD,ОБРЯД,5,О|Б|Р|Я|Д,5,No,,Установленный порядок действий,An established order of actions,Hard,История,History,5,No,3,8
WB-1959,RU-0459,RU,Russian,Cyrillic,ВЕСЫ,VESY,ВЕСЫ,4,В|Е|С|Ы,4,No,,"Прибор, определяющий вес",A device that determines weight,Hard,Строительство,Construction,4,No,3,7
WB-1960,RU-0460,RU,Russian,Cyrillic,СПОСОБ,SPOSOB,СПОСОБ,6,С|П|О|С|О|Б,6,No,,Свой особый путь сделать дело,One's own way of doing a thing,Hard,Понятия,Abstract,4,Yes,3,9
WB-1961,RU-0461,RU,Russian,Cyrillic,ОБИДА,OBIDA,ОБИДА,5,О|Б|И|Д|А,5,No,,Боль от несправедливого слова,The hurt of an unjust word,Hard,Чувства,Emotions,5,No,3,8
WB-1962,RU-0462,RU,Russian,Cyrillic,ПРОЗА,PROZA,ПРОЗА,5,П|Р|О|З|А,5,No,,"Обычное письмо, не в стихах","Ordinary writing, not in verse",Hard,Язык,Language,5,No,3,8
WB-1963,RU-0463,RU,Russian,Cyrillic,ОБМЕН,OBMEN,ОБМЕН,5,О|Б|М|Е|Н,5,No,,Круг превращений внутри тела,The round of changes inside a body,Hard,Наука,Science,5,No,3,8
WB-1964,RU-0464,RU,Russian,Cyrillic,СПОР,SPOR,СПОР,4,С|П|О|Р,4,No,,Столкновение разных требований,A clash of differing demands,Hard,Право,Law,4,No,3,7
WB-1965,RU-0465,RU,Russian,Cyrillic,ТАРИФ,TARIF,ТАРИФ,5,Т|А|Р|И|Ф,5,No,,Утверждённая ставка платы,An approved rate of payment,Hard,Экономика,Economics,5,No,3,8
WB-1966,RU-0466,RU,Russian,Cyrillic,ДОМБРА,DOMBRA,ДОМБРА,6,Д|О|М|Б|Р|А,6,No,,Струнный инструмент степных народов,A stringed instrument of the steppe peoples,Hard,История,History,6,No,3,9
WB-1967,RU-0467,RU,Russian,Cyrillic,РЫЧАГ,RYCHAG,РЫЧАГ,5,Р|Ы|Ч|А|Г,5,No,,"Часть, которой двигают силой руки",A part moved by the force of a hand,Hard,Строительство,Construction,5,No,3,8
WB-1968,RU-0468,RU,Russian,Cyrillic,УСЛОВИЕ,USLOVIE,УСЛОВИЕ,7,У|С|Л|О|В|И|Е,7,No,,"Что нужно, чтобы дело сбылось",What is needed for a thing to happen,Hard,Понятия,Abstract,7,No,3,10
WB-1969,RU-0469,RU,Russian,Cyrillic,СКОРБЬ,SKORB,СКОРБЬ,6,С|К|О|Р|Б|Ь,6,No,Ь,Глубокая тяжесть после утраты,A deep heaviness after a loss,Hard,Чувства,Emotions,6,No,3,9
WB-1970,RU-0470,RU,Russian,Cyrillic,САТИРА,SATIRA,САТИРА,6,С|А|Т|И|Р|А,6,No,,Вскрытие изъяна через насмешку,Exposing a flaw through mockery,Hard,Язык,Language,5,Yes,3,9
WB-1971,RU-0471,RU,Russian,Cyrillic,СРЕДА,SREDA,СРЕДА,5,С|Р|Е|Д|А,5,No,,Условия вокруг живого существа,The conditions around a living being,Hard,Наука,Science,5,No,3,8
WB-1972,RU-0472,RU,Russian,Cyrillic,ПРИСЯГА,PRISYAGA,ПРИСЯГА,7,П|Р|И|С|Я|Г|А,7,No,,Торжественное обещание перед законом,A solemn promise made before the law,Hard,Право,Law,7,No,3,10
WB-1973,RU-0473,RU,Russian,Cyrillic,ДОЛЯ,DOLYA,ДОЛЯ,4,Д|О|Л|Я,4,No,,"Часть, приходящаяся на одного",The part falling to one person,Hard,Экономика,Economics,4,No,3,7
WB-1974,RU-0474,RU,Russian,Cyrillic,ЭПОС,EPOS,ЭПОС,4,Э|П|О|С,4,No,,Большое сказание о героях народа,A great telling of a people's heroes,Hard,История,History,4,No,3,7
WB-1975,RU-0475,RU,Russian,Cyrillic,ВИНТ,VINT,ВИНТ,4,В|И|Н|Т,4,No,,Стержень с нарезкой по кругу,A rod with a thread running round it,Hard,Строительство,Construction,4,No,3,7
WB-1976,RU-0476,RU,Russian,Cyrillic,ПРИЧИНА,PRICHINA,ПРИЧИНА,7,П|Р|И|Ч|И|Н|А,7,No,,"То, что привело к событию",What led to an event,Hard,Понятия,Abstract,6,Yes,3,10
WB-1977,RU-0477,RU,Russian,Cyrillic,ОТРАДА,OTRADA,ОТРАДА,6,О|Т|Р|А|Д|А,6,No,,"То, что приносит облегчение душе",What brings ease to the soul,Hard,Чувства,Emotions,5,Yes,3,9
WB-1978,RU-0478,RU,Russian,Cyrillic,ОБРАЗ,OBRAZ,ОБРАЗ,5,О|Б|Р|А|З,5,No,,Живое представление в слове,A vivid representation in words,Hard,Язык,Language,5,No,3,8
WB-1979,RU-0479,RU,Russian,Cyrillic,ЗАКОН,ZAKON,ЗАКОН,5,З|А|К|О|Н,5,No,,Устойчивая связь в природе,A steady connection found in nature,Hard,Наука,Science,5,No,3,8
WB-1980,RU-0480,RU,Russian,Cyrillic,ПОРУКА,PORUKA,ПОРУКА,6,П|О|Р|У|К|А,6,No,,Ответственность за другого человека,Responsibility taken for another person,Hard,Право,Law,6,No,3,9
WB-1981,RU-0481,RU,Russian,Cyrillic,ПОДРЯД,PODRYAD,ПОДРЯД,6,П|О|Д|Р|Я|Д,6,No,,Работа по заказу на условиях,Work done to order on agreed terms,Hard,Экономика,Economics,5,Yes,3,9
WB-1982,RU-0482,RU,Russian,Cyrillic,ОБИТЕЛЬ,OBITEL,ОБИТЕЛЬ,7,О|Б|И|Т|Е|Л|Ь,7,No,Ь,Место уединённого жития,A place of secluded living,Hard,История,History,7,No,3,10
WB-1983,RU-0483,RU,Russian,Cyrillic,ЛОПАСТЬ,LOPAST,ЛОПАСТЬ,7,Л|О|П|А|С|Т|Ь,7,No,Ь,"Вращаясь, гонит воздух вперёд","Turning, it drives air forward",Hard,Строительство,Construction,7,No,3,10
WB-1984,RU-0484,RU,Russian,Cyrillic,ИТОГ,ITOG,ИТОГ,4,И|Т|О|Г,4,No,,Состояние после всего хода дел,The state after everything has run,Hard,Понятия,Abstract,4,No,3,7
WB-1985,RU-0485,RU,Russian,Cyrillic,ТРЕПЕТ,TREPET,ТРЕПЕТ,6,Т|Р|Е|П|Е|Т,6,No,,Дрожь от сильного переживания,A trembling from strong feeling,Hard,Чувства,Emotions,4,Yes,3,9
WB-1986,RU-0486,RU,Russian,Cyrillic,ЦИТАТА,TSITATA,ЦИТАТА,6,Ц|И|Т|А|Т|А,6,No,,Дословно взятый чужой отрывок,A word-for-word borrowed passage,Hard,Язык,Language,4,Yes,3,9
WB-1987,RU-0487,RU,Russian,Cyrillic,ОРБИТА,ORBITA,ОРБИТА,6,О|Р|Б|И|Т|А,6,No,,Путь тела вокруг другого,The path of a body around another,Hard,Наука,Science,6,No,3,9
WB-1988,RU-0488,RU,Russian,Cyrillic,ОПИСЬ,OPIS,ОПИСЬ,5,О|П|И|С|Ь,5,No,Ь,Перечень всего по порядку,A list of everything in order,Hard,Право,Law,5,No,3,8
WB-1989,RU-0489,RU,Russian,Cyrillic,АУДИТ,AUDIT,АУДИТ,5,А|У|Д|И|Т,5,No,,Независимая проверка отчётности,An independent check of the accounts,Hard,Экономика,Economics,5,No,3,8
WB-1990,RU-0490,RU,Russian,Cyrillic,ГРАМОТА,GRAMOTA,ГРАМОТА,7,Г|Р|А|М|О|Т|А,7,No,,Старинная письменная бумага,An old written paper,Hard,История,History,6,Yes,3,10
WB-1991,RU-0491,RU,Russian,Cyrillic,СМЕСЬ,SMES,СМЕСЬ,5,С|М|Е|С|Ь,5,No,Ь,Соединение разных составов вместе,A joining of different compositions,Hard,Строительство,Construction,4,Yes,3,8
WB-1992,RU-0492,RU,Russian,Cyrillic,УГРОЗА,UGROZA,УГРОЗА,6,У|Г|Р|О|З|А,6,No,,"Признак того, что будет вред",A sign that harm is coming,Hard,Понятия,Abstract,6,No,3,9
WB-1993,RU-0493,RU,Russian,Cyrillic,УНЫНИЕ,UNYNIE,УНЫНИЕ,6,У|Н|Ы|Н|И|Е,6,No,,Упадок сил без явной беды,A falling of spirits with no clear cause,Hard,Чувства,Emotions,5,Yes,3,9
WB-1994,RU-0494,RU,Russian,Cyrillic,ЭПИТЕТ,EPITET,ЭПИТЕТ,6,Э|П|И|Т|Е|Т,6,No,,Красочное определение при слове,A vivid qualifier beside a word,Hard,Язык,Language,5,Yes,3,9
WB-1995,RU-0495,RU,Russian,Cyrillic,ЯДРО,YADRO,ЯДРО,4,Я|Д|Р|О,4,No,,Плотная середина малой частицы,The dense middle of a tiny particle,Hard,Наука,Science,4,No,3,7
WB-1996,RU-0496,RU,Russian,Cyrillic,ВЫГОВОР,VYGOVOR,ВЫГОВОР,7,В|Ы|Г|О|В|О|Р,7,No,,Строгое замечание за промах,A stern reprimand for a fault,Hard,Право,Law,5,Yes,3,10
WB-1997,RU-0497,RU,Russian,Cyrillic,АКТИВЫ,AKTIVY,АКТИВЫ,6,А|К|Т|И|В|Ы,6,No,,"Всё ценное, чем владеет дело",Everything of value a business owns,Hard,Экономика,Economics,6,No,3,9
WB-1998,RU-0498,RU,Russian,Cyrillic,ПОХОД,POKHOD,ПОХОД,5,П|О|Х|О|Д,5,No,,Долгое движение войска в путь,A long march of an army,Hard,История,History,4,Yes,3,8
WB-1999,RU-0499,RU,Russian,Cyrillic,КАРКАС,KARKAS,КАРКАС,6,К|А|Р|К|А|С,6,No,,Внутренний остов сооружения,The inner skeleton of a structure,Hard,Строительство,Construction,4,Yes,3,9
WB-2000,RU-0500,RU,Russian,Cyrillic,МЕРИЛО,MERILO,МЕРИЛО,6,М|Е|Р|И|Л|О,6,No,,Взятая основа для оценки,A basis taken for judging,Hard,Понятия,Abstract,6,No,3,9
