"option_d_uk","question_ru","option_b_uk","correct_answer","option_a_en","question_pl","option_b_ru","option_c_uz","option_d_ru","option_a_uz","option_c_en","option_b_pl","option_d_pl","question_en","option_c_uk","question_uz","option_a_uk","option_b_en","option_d_uz","option_a_ru","option_c_ru","option_d_en","option_b_uz","question_uk","option_c_pl","option_a_pl","id","created_date","updated_date","created_by_id","created_by","is_sample"
"Ктесифон","Как называлась в древности столица Согдианы, Самарканд, до того как его захватил Александр Македонский?","Екбатана","A","Maracanda","Jak nazywała się w starożytności stolica Sogdiany, Samarkanda, zanim zdobył ją Aleksander Wielki?","Экбатана","Persepolis","Ктесифон","Marakanda","Persepolis","Ekbatana","Ktezyfon","What was the ancient name of Samarkand, capital of the region of Sogdiana, before it was captured by Alexander the Great?","Персеполь","Sug'diyona poytaxti bo'lgan Samarqandning Iskandar Zulqarnayn bosib olishidan oldingi qadimiy nomi qanday edi?","Мараканда","Ecbatana","Ktesifon","Мараканда","Персеполь","Ctesiphon","Ekbatana","Як називалася в давнину столиця Согдіани, Самарканд, до того як його захопив Александр Македонський?","Persepolis","Marakanda","e38cf59ff4e442ec9f08dc66","2026-08-30T12:00:00","2026-08-30T12:00:00","7b3f2e9a1c4d8067f3a2e9b1","quiz-generator@example.com","false"
"29 р. до н.е.","В каком году Александр Македонский захватил древний город Самарканд (Мараканду)?","129 р. до н.е.","A","329 BCE","W którym roku Aleksander Wielki zdobył starożytne miasto Samarkanda (Marakandę)?","129 г. до н.э.","Miloddan avvalgi 529-yil","29 г. до н.э.","Miloddan avvalgi 329-yil","529 BCE","129 r. p.n.e.","29 r. p.n.e.","In what year did Alexander the Great capture the ancient city of Samarkand (Maracanda)?","529 р. до н.е.","Iskandar Zulqarnayn qadimiy Samarqand (Marakanda) shahrini qaysi yilda bosib olgan?","329 р. до н.е.","129 BCE","Miloddan avvalgi 29-yil","329 г. до н.э.","529 г. до н.э.","29 BCE","Miloddan avvalgi 129-yil","У якому році Александр Македонський захопив древнє місто Самарканд (Марканду)?","529 r. p.n.e.","329 r. p.n.e.","02940a4caef946228f635df4","2026-08-30T12:00:00","2026-08-30T12:00:00","7b3f2e9a1c4d8067f3a2e9b1","quiz-generator@example.com","false"
"Імперія Хань","Какая древняя империя, известная своими обширными торговыми сетями, правила частью территории современного Узбекистана примерно с I по III век н.э.?","Римська імперія","A","The Kushan Empire","Które starożytne imperium, znane z rozległych sieci handlowych, rządziło częścią dzisiejszego Uzbekistanu około I-III wieku n.e.?","Римская империя","Mauriylar imperiyasi","Империя Хань","Kushon imperiyasi","The Mauryan Empire","Imperium Rzymskie","Imperium Han","Which ancient empire, known for its extensive trade networks, once ruled over parts of what is now Uzbekistan around the 1st to 3rd centuries CE?","Імперія Маур'їв","Milodiy I-III asrlarda hozirgi O'zbekiston hududining bir qismini boshqargan, keng savdo tarmoqlari bilan mashhur bo'lgan qadimiy imperiya qaysi?","Кушанська імперія","The Roman Empire","Xan imperiyasi","Кушанская империя","Империя Маурьев","The Han Empire","Rim imperiyasi","Яка давня імперія, відома своїми широкими торговими мережами, правила частиною території сучасного Узбекистану приблизно з I по III століття н.е.?","Imperium Maurjów","Imperium Kuszanów","cb4139264b624187ac40131b","2026-08-30T12:00:00","2026-08-30T12:00:00","7b3f2e9a1c4d8067f3a2e9b1","quiz-generator@example.com","false"
"Ташкент","Государство Саманидов, крупная персоязычная исламская империя, сделало какой узбекский город своей столицей?","Самарканд","A","Bukhara","Dynastia Samanidów, wielkie perskojęzyczne imperium islamskie, uczyniła stolicą które uzbeckie miasto?","Самарканд","Xiva","Ташкент","Buxoro","Khiva","Samarkanda","Taszkent","The Samanid dynasty, a major Persian-speaking Islamic empire, made which Uzbek city its capital?","Хіва","Fors tilida so'zlashuvchi yirik islom imperiyasi bo'lgan Somoniylar davlati qaysi o'zbek shahrini poytaxt qilgan?","Бухара","Samarkand","Toshkent","Бухара","Хива","Tashkent","Samarqand","Держава Саманідів, велика персомовна ісламська імперія, зробила яке узбецьке місто своєю столицею?","Chiwa","Buchara","97ccd69b851646e0ac8bb422","2026-08-30T12:00:00","2026-08-30T12:00:00","7b3f2e9a1c4d8067f3a2e9b1","quiz-generator@example.com","false"
"Чингісхан","Какой правитель объединил государство Саманидов и сделал Бухару его столицей в 892 году?","Мухаммад Шейбані","A","Ismail Samani","Który władca zjednoczył państwo Samanidów i uczynił Bucharę jego stolicą w 892 roku?","Мухаммад Шейбани","Amir Temur","Чингисхан","Ismoil Somoniy","Amir Temur","Muhammad Szajbani","Czyngis-chan","Which ruler unified the Samanid state and made Bukhara its capital in 892?","Амір Темур","892-yilda Somoniylar davlatini birlashtirib, Buxoroni poytaxt qilgan hukmdor kim edi?","Ісмаїл Самані","Muhammad Shaybani","Chingizxon","Исмаил Самани","Амир Темур","Genghis Khan","Muhammad Shayboniy","Який правитель об'єднав державу Саманідів і зробив Бухару її столицею у 892 році?","Amir Timur","Ismail Samani","2357f60a0d924bb9886ba8dc","2026-08-30T12:00:00","2026-08-30T12:00:00","7b3f2e9a1c4d8067f3a2e9b1","quiz-generator@example.com","false"
"Мінарет Калян","Какой мавзолей в Бухаре, построенный для династии Саманидов, считается древнейшим сохранившимся памятником исламской архитектуры в Центральной Азии?","Гур-Емір","A","The Samanid Mausoleum","Które mauzoleum w Bucharze, zbudowane dla dynastii Samanidów, jest uważane za najstarszy zachowany zabytek architektury islamskiej w Azji Środkowej?","Гур-Эмир","Chor-Minor","Минарет Калян","Somoniylar maqbarasi","The Chor-Minor","Gur-e Amir","Minaret Kalan","Which mausoleum in Bukhara, built for the Samanid dynasty, is considered the oldest surviving monument of Islamic architecture in Central Asia?","Чор-Мінор","Buxorodagi Somoniylar sulolasi uchun qurilgan qaysi maqbara Markaziy Osiyoda saqlanib qolgan eng qadimiy islom me'morchiligi yodgorligi hisoblanadi?","Мавзолей Саманідів","The Gur-e-Amir","Kalon minorasi","Мавзолей Саманидов","Чор-Минор","The Kalyan Minaret","Go'ri Amir","Який мавзолей у Бухарі, побудований для династії Саманідів, вважається найдавнішою збереженою пам'яткою ісламської архітектури в Центральній Азії?","Czor-Minor","Mauzoleum Samanidów","3a381a22b5f24d8895009f3e","2026-08-30T12:00:00","2026-08-30T12:00:00","7b3f2e9a1c4d8067f3a2e9b1","quiz-generator@example.com","false"
"Тимур","Кто возглавил арабское завоевание, принёсшее ислам в Центральную Азию и город Бухару в начале VIII века?","Чингісхан","A","Qutayba ibn Muslim","Kto dowodził arabskim podbojem, który przyniósł islam do Azji Środkowej i miasta Buchara na początku VIII wieku?","Чингисхан","Muhammad Shayboniy","Тимур","Qutayba ibn Muslim","Muhammad Shaybani","Czyngis-chan","Timur","Who led the Arab conquest that brought Islam to Central Asia and the city of Bukhara in the early 8th century?","Мухаммад Шейбані","VIII asr boshida Markaziy Osiyo va Buxoro shahriga islomni olib kelgan arab bosqinini kim boshqargan?","Кутейба ібн Муслім","Genghis Khan","Temur","Кутейба ибн Муслим","Мухаммад Шейбани","Timur","Chingizxon","Хто очолив арабське завоювання, що принесло іслам до Центральної Азії та міста Бухари на початку VIII століття?","Muhammad Szajbani","Kutajba ibn Muslim","e71d1a53564544a19e21b785","2026-08-30T12:00:00","2026-08-30T12:00:00","7b3f2e9a1c4d8067f3a2e9b1","quiz-generator@example.com","false"
"Османська імперія","Какая могущественная средневековая империя с центром в Хорезме была уничтожена монгольским нашествием в начале XIII века?","Візантійська імперія","A","The Khwarazmian Empire","Które potężne średniowieczne imperium, ze stolicą w regionie Chorezmu, zostało zniszczone przez najazd mongolski na początku XIII wieku?","Византийская империя","Boburiylar imperiyasi","Османская империя","Xorazmshohlar davlati","The Mughal Empire","Cesarstwo Bizantyjskie","Imperium Osmańskie","Which powerful medieval empire, centered on the Khorezm region, was destroyed by the Mongol invasion in the early 13th century?","Імперія Великих Моголів","XIII asr boshida mo'g'ullar bosqini tomonidan yo'q qilingan, Xorazm mintaqasi markazida bo'lgan qudratli o'rta asr imperiyasi qaysi edi?","Хорезмшахська імперія","The Byzantine Empire","Usmonli imperiyasi","Хорезмшахская империя","Империя Великих Моголов","The Ottoman Empire","Vizantiya imperiyasi","Яка могутня середньовічна імперія з центром у Хорезмі була знищена монгольською навалою на початку XIII століття?","Imperium Mogołów","Imperium Chorezmszachów","025839ef87264f98844cf2cd","2026-08-30T12:00:00","2026-08-30T12:00:00","7b3f2e9a1c4d8067f3a2e9b1","quiz-generator@example.com","false"
"Мухаммад Шейбані","Кто из монгольских завоевателей разрушил города Бухару и Самарканд в 1220 году?","Тимур","A","Genghis Khan","Który mongolski zdobywca zniszczył miasta Buchara i Samarkanda w 1220 roku?","Тимур","Xubilayxon","Мухаммад Шейбани","Chingizxon","Kublai Khan","Timur","Muhammad Szajbani","In 1220, which Mongol conqueror destroyed the cities of Bukhara and Samarkand?","Хубілай-хан","1220-yilda Buxoro va Samarqand shaharlarini vayron qilgan mo'g'ul istilochisi kim edi?","Чингісхан","Timur","Muhammad Shayboniy","Чингисхан","Хубилай-хан","Muhammad Shaybani","Temur","Хто з монгольських завойовників зруйнував міста Бухару та Самарканд у 1220 році?","Kubilaj-chan","Czyngis-chan","ede437f199c4469195dd3143","2026-08-30T12:00:00","2026-08-30T12:00:00","7b3f2e9a1c4d8067f3a2e9b1","quiz-generator@example.com","false"
"Перського шаха","В битве при Анкаре в 1402 году Тимур (Амир Темур) разгромил какого могущественного правителя?","Візантійського імператора","A","Ottoman Sultan Bayezid I","W bitwie pod Ankarą w 1402 roku Timur (Amir Timur) pokonał którego potężnego władcę?","Византийского императора","Mamluk sultoni","Персидского шаха","Usmonli sultoni Boyazid I","Mamluk Sultan","Cesarza bizantyjskiego","Szacha perskiego","At the Battle of Ankara in 1402, Timur (Amir Temur) defeated which powerful ruler?","Мамлюцького султана","1402-yilda Anqara jangida Amir Temur qaysi qudratli hukmdorni mag'lub etgan?","Османського султана Баязида I","Byzantine Emperor","Fors shohi","Османского султана Баязида I","Мамлюкского султана","Persian Shah","Vizantiya imperatori","У битві при Анкарі в 1402 році Тимур (Амір Темур) розгромив якого могутнього правителя?","Sułtana mameluckiego","Sułtana osmańskiego Bajazyda I","b7b08404fa104f2da6937965","2026-08-30T12:00:00","2026-08-30T12:00:00","7b3f2e9a1c4d8067f3a2e9b1","quiz-generator@example.com","false"
"Согдійське відродження","Как часто называют период культурного и научного расцвета при власти Тимуридов, включая деятельность Улугбека и Алишера Навои?","Епоха Золотої Орди","A","The Timurid Renaissance","Okres rozkwitu kulturalnego i naukowego pod rządami Timurydów, obejmujący dzieła Uługbeka i Alishera Nawoiego, jest często nazywany jak?","Эпоха Золотой Орды","Ipak yo'lining uyg'onishi","Согдийское возрождение","""Temuriylar renessansi""","The Silk Road Awakening","Era Złotej Ordy","Odrodzenie Sogdyjskie","The period of cultural and scientific flourishing under Timurid rule, including the work of Ulugbek and Alisher Navoiy, is often called what?","Пробудження Шовкового шляху","Ulug'bek va Alisher Navoiyning faoliyatini o'z ichiga olgan, Temuriylar hukmronligi davridagi madaniy va ilmiy yuksalish davri odatda qanday nomlanadi?","«Тимуридський ренесанс»","The Golden Horde Era","Sug'd uyg'onishi","«Тимуридский ренессанс»","Пробуждение Шёлкового пути","The Sogdian Revival","Oltin O'rda davri","Як часто називають період культурного і наукового розквіту за влади Тимуридів, включно з діяльністю Улугбека та Алішера Навої?","Przebudzenie Jedwabnego Szlaku","""Renesans Timurydów""","abb1eff0bdf6430e930c4232","2026-08-30T12:00:00","2026-08-30T12:00:00","7b3f2e9a1c4d8067f3a2e9b1","quiz-generator@example.com","false"
"Улугбек","Какой военачальник основал узбекскую династию Шейбанидов и положил конец правлению Тимуридов в Мавераннахре в начале XVI века?","Амір Темур","A","Muhammad Shaybani","Który wódz założył uzbecką dynastię Szajbanidów i zakończył panowanie Timurydów w Transoksanii na początku XVI wieku?","Амир Темур","Bobur","Улугбек","Muhammad Shayboniy","Babur","Amir Timur","Ulugbek","Which military leader founded the Uzbek Shaybanid dynasty and ended Timurid rule in Transoxiana in the early 16th century?","Бабур","XVI asr boshida o'zbek Shayboniylar sulolasiga asos solgan va Movarounnahrda Temuriylar hukmronligiga barham bergan sarkarda kim edi?","Мухаммад Шейбані","Amir Temur","Ulug'bek","Мухаммад Шейбани","Бабур","Ulugbek","Amir Temur","Який воєначальник заснував узбецьку династію Шейбанідів і поклав край правлінню Тимуридів у Мавераннахрі на початку XVI століття?","Babur","Muhammad Szajbani","80381b4d17274a3684b30252","2026-08-30T12:00:00","2026-08-30T12:00:00","7b3f2e9a1c4d8067f3a2e9b1","quiz-generator@example.com","false"
"Коканд","В каком городе находится Шахи-Зинда — знаменитая аллея мавзолеев с потрясающей голубой изразцовой отделкой?","Бухара","A","Samarkand","W którym mieście znajduje się Szah-i-Zinda, słynna aleja mauzoleów z uderzającymi niebieskimi kaflami?","Бухара","Xiva","Коканд","Samarqand","Khiva","Buchara","Kokand","Shah-i-Zinda, a famous avenue of mausoleums with striking blue tilework, is located in which city?","Хіва","Ajoyib ko'k kошинкор bilan bezatilgan mashhur maqbaralar avenue bo'lgan Shohi Zinda qaysi shaharda joylashgan?","Самарканд","Bukhara","Qo'qon","Самарканд","Хива","Kokand","Buxoro","У якому місті знаходиться Шахі-Зінда — знаменита алея мавзолеїв з приголомшливою блакитною кахельною обробкою?","Chiwa","Samarkanda","6da664416fc344bb8a2829d7","2026-08-30T12:00:00","2026-08-30T12:00:00","7b3f2e9a1c4d8067f3a2e9b1","quiz-generator@example.com","false"
"Ной","С легендой о каком библейском/кораническом пророке связан мавзолей Чашма-Аюб в Бухаре?","Мойсей","A","Job (Ayub)","Mauzoleum Czaszma-Ajub w Bucharze wiąże się z legendą o którym proroku biblijnym/koranicznym?","Моисей","Ibrohim","Ной","Ayub (Ayyub)","Abraham","Mojżesz","Noe","The Chashma-Ayub Mausoleum in Bukhara is associated with the legend of which biblical/Quranic prophet?","Авраам","Buxorodagi Chashmai Ayub maqbarasi qaysi bibliyaviy/qur'oniy payg'ambar afsonasi bilan bog'liq?","Йов (Айюб)","Moses","Nuh","Иов (Аюб)","Авраам","Noah","Muso","З легендою про якого біблійного/коранічного пророка пов'язаний мавзолей Чашма-Аюб у Бухарі?","Abraham","Hiob (Ajub)","70945215869443b2aa3a596d","2026-08-30T12:00:00","2026-08-30T12:00:00","7b3f2e9a1c4d8067f3a2e9b1","quiz-generator@example.com","false"
"Ташкент","Комплекс Пои-Калян, включающий знаменитый минарет и мечеть Калян, является достопримечательностью какого города?","Самарканд","A","Bukhara","Kompleks Poi-Kalan, obejmujący słynny minaret i meczet Kalan, jest zabytkiem którego miasta?","Самарканд","Xiva","Ташкент","Buxoro","Khiva","Samarkanda","Taszkent","The Poi-Kalyan complex, which includes the famous Kalyan Minaret and Mosque, is a landmark of which city?","Хіва","Mashhur Kalon minorasi va masjidini o'z ichiga olgan Poi-Kalon majmuasi qaysi shaharning diqqatga sazovor joyi hisoblanadi?","Бухара","Samarkand","Toshkent","Бухара","Хива","Tashkent","Samarqand","Комплекс Пої-Калян, що включає знаменитий мінарет і мечеть Калян, є пам'яткою якого міста?","Chiwa","Buchara","92591f584a454322a465a24e","2026-08-30T12:00:00","2026-08-30T12:00:00","7b3f2e9a1c4d8067f3a2e9b1","quiz-generator@example.com","false"
"Медресе Калян","Какое из трёх медресе Регистана в Самарканде знаменито изображениями тигров и львоподобных существ, что необычно для исламской архитектуры?","Медресе Улугбека","A","Sher-Dor Madrasah","Które z trzech medres Registanu w Samarkandzie słynie z przedstawień tygrysów i istot podobnych do lwów, co jest niezwykłe w architekturze islamskiej?","Медресе Улугбека","Tillakori madrasasi","Медресе Калян","Sherdor madrasasi","Tilya-Kori Madrasah","Medresa Uługbeka","Medresa Kalan","Which of the three Registan madrasahs in Samarkand is famous for depicting tigers and lion-like creatures, unusual in Islamic architecture?","Медресе Тілля-Карі","Samarqanddagi Registon maydonidagi uchta madrasadan qaysi biri islom me'morchiligi uchun odatiy bo'lmagan yo'lbars va sherga o'xshash mavjudotlar tasviri bilan mashhur?","Медресе Шердор","Ulugbek Madrasah","Kalon madrasasi","Медресе Шердор","Медресе Тилля-Кари","Kalyan Madrasah","Ulug'bek madrasasi","Яке з трьох медресе Регістану в Самарканді знамените зображеннями тигрів і левоподібних істот, що незвично для ісламської архітектури?","Medresa Tilla-Kari","Medresa Szer-Dor","ff1d8d8881fd4cc98d46bfe3","2026-08-30T12:00:00","2026-08-30T12:00:00","7b3f2e9a1c4d8067f3a2e9b1","quiz-generator@example.com","false"
"Чор-Мінор","Какое медресе Регистана в Самарканде, чьё название означает «Позолоченное», вмещает главную пятничную мечеть ансамбля?","Медресе Шердор","A","Tilya-Kori Madrasah","Które medresa Registanu w Samarkandzie, którego nazwa oznacza ""Złocone"", mieści główny meczet piątkowy zespołu?","Медресе Шердор","Ulug'bek madrasasi","Чор-Минор","Tillakori madrasasi","Ulugbek Madrasah","Medresa Szer-Dor","Czor-Minor","Which Registan madrasah in Samarkand, whose name means ""Gilded"" or ""Decorated with Gold"", houses the main Friday mosque of the ensemble?","Медресе Улугбека","Nomi ""Oltin bilan bezatilgan"" degan ma'noni anglatuvchi qaysi Registon madrasasida majmuaning bosh juma masjidi joylashgan?","Медресе Тілля-Карі","Sher-Dor Madrasah","Chor-Minor","Медресе Тилля-Кари","Медресе Улугбека","Chor-Minor","Sherdor madrasasi","Яке медресе Регістану в Самарканді, назва якого означає «Позолочене», вміщує головну п'ятничну мечеть ансамблю?","Medresa Uługbeka","Medresa Tilla-Kari","edcb9e1a0e7c4cf5a40a6de9","2026-08-30T12:00:00","2026-08-30T12:00:00","7b3f2e9a1c4d8067f3a2e9b1","quiz-generator@example.com","false"
"Ташкент","В каком городе находится Чор-Минор — небольшое здание, увенчанное четырьмя характерными голубыми купольными минаретами?","Самарканд","A","Bukhara","W którym mieście znajduje się Czor-Minor — niewielki budynek zwieńczony czterema charakterystycznymi niebieskimi kopulastymi minaretami?","Самарканд","Xiva","Ташкент","Buxoro","Khiva","Samarkanda","Taszkent","Chor-Minor, a small building topped with four distinctive blue domed minarets, is located in which city?","Хіва","To'rtta o'ziga xos ko'k gumbazli minora bilan bezatilgan kichik bino bo'lgan Chor-Minor qaysi shaharda joylashgan?","Бухара","Samarkand","Toshkent","Бухара","Хива","Tashkent","Samarqand","У якому місті знаходиться Чор-Мінор — невелика будівля, увінчана чотирма характерними блакитними купольними мінаретами?","Chiwa","Buchara","a9f5032b8990496bb1d16d76","2026-08-30T12:00:00","2026-08-30T12:00:00","7b3f2e9a1c4d8067f3a2e9b1","quiz-generator@example.com","false"
"Пої-Калян","Кунья-Арк, цитадель и бывшая резиденция хивинских ханов, находится внутри какого обнесённого стеной внутреннего города?","Реєстан","A","Itchan Kala","Kunya-Ark, cytadela i była rezydencja chanów Chiwy, znajduje się wewnątrz którego otoczonego murami wewnętrznego miasta?","Регистан","Chor-Bakr","Пои-Калян","Ichan-Qal'a","Chor-Bakr","Registan","Poi-Kalan","Kunya-Ark, the citadel and former residence of the Khiva khans, is located within which walled inner city?","Чор-Бакр","Xiva xonlarining qal'asi va sobiq qarorgohi bo'lgan Ko'hna Ark qaysi devor bilan o'ralgan ichki shahar ichida joylashgan?","Ічан-Кала","Registan","Poi-Kalon","Ичан-Кала","Чор-Бакр","Poi-Kalyan","Registon","Кунья-Арк, цитадель і колишня резиденція хівинських ханів, знаходиться всередині якого обнесеного стіною внутрішнього міста?","Czor-Bakr","Iczan-Kala","8b8da26d70a64bca929f03cf","2026-08-30T12:00:00","2026-08-30T12:00:00","7b3f2e9a1c4d8067f3a2e9b1","quiz-generator@example.com","false"
"Коканд","В каком городе находится дворец Таш-Хаули («Каменный двор») с богато украшенными покоями гарема и приёмными залами?","Бухара","A","Khiva","W którym mieście znajduje się pałac Tasz-Chauli (""Kamienny Dziedziniec"") z bogato zdobionymi komnatami haremu i salami recepcyjnymi?","Бухара","Samarqand","Коканд","Xiva","Samarkand","Buchara","Kokand","Tash Khauli, the ""Stone Courtyard"" palace with elaborately decorated harem and reception rooms, is located in which city?","Самарканд","Boy bezatilgan harom xonalari va qabulxonalari bo'lgan Toshhovli (""Toshli hovli"") saroyi qaysi shaharda joylashgan?","Хіва","Bukhara","Qo'qon","Хива","Самарканд","Kokand","Buxoro","У якому місті знаходиться палац Таш-Хаулі («Кам'яне подвір'я») з багато прикрашеними покоями гарему та прийомними залами?","Samarkanda","Chiwa","9a61582e255e41948558c688","2026-08-30T12:00:00","2026-08-30T12:00:00","7b3f2e9a1c4d8067f3a2e9b1","quiz-generator@example.com","false"
"Чор-Мінор","Какой минарет в Хиве является самым высоким в Узбекистане, его высота превышает 50 метров?","Кальта-Мінор","A","Islam Khoja Minaret","Który minaret w Chiwie jest najwyższym w Uzbekistanie, o wysokości ponad 50 metrów?","Кальта-Минор","Kalon minorasi","Чор-Минор","Islom Xo'ja minorasi","Kalyan Minaret","Kalta-Minor","Czor-Minor","Which minaret in Khiva is the tallest in Uzbekistan, standing over 50 meters high?","Мінарет Калян","Balandligi 50 metrdan oshadigan, O'zbekistondagi eng baland minora Xivada qaysi minora hisoblanadi?","Мінарет Іслам-Ходжа","Kalta Minor","Chor-Minor","Минарет Ислам-Ходжа","Минарет Калян","Chor-Minor","Kalta minor","Який мінарет у Хіві є найвищим в Узбекистані, його висота перевищує 50 метрів?","Minaret Kalan","Minaret Islam-Chodża","6170779b52174ea69f2068f0","2026-08-30T12:00:00","2026-08-30T12:00:00","7b3f2e9a1c4d8067f3a2e9b1","quiz-generator@example.com","false"
"Він плаває на воді","Что необычного в минарете Кальта-Минор в Хиве по сравнению с типичными минаретами?","Він повністю зроблений із золота","A","It is short and wide, left unfinished","Co jest niezwykłego w minarecie Kalta-Minor w Chiwie w porównaniu z typowymi minaretami?","Он полностью сделан из золота","Unda hech qanday bezak yo'q","Он плавает на воде","U past va keng, tugallanmagan holda qolgan","It has no decoration at all","Jest wykonany w całości ze złota","Unosi się na wodzie","What is unusual about the Kalta Minor minaret in Khiva compared to typical minarets?","На ньому взагалі немає прикрас","Xivadagi Kalta minor odatiy minoralarga nisbatan nimasi bilan g'ayrioddiy?","Він короткий і широкий, залишився недобудованим","It is made entirely of gold","U suvda suzadi","Он короткий и широкий, остался недостроенным","На нём вообще нет украшений","It floats on water","U butunlay oltindan yasalgan","Що незвичного в мінареті Кальта-Мінор у Хіві порівняно з типовими мінаретами?","Nie ma żadnych zdobień","Jest niski i szeroki, pozostał niedokończony","6fe408324408471f8924ef83","2026-08-30T12:00:00","2026-08-30T12:00:00","7b3f2e9a1c4d8067f3a2e9b1","quiz-generator@example.com","false"
"аль-Біруні","Какой средневековый хадисовед, родившийся в Бухаре, составил сборник, известный как «Сахих аль-Бухари»?","Імам ат-Термізі","A","Imam al-Bukhari","Który średniowieczny uczony hadisów, urodzony w Bucharze, skompilował zbiór znany jako Sahih al-Bukhari?","Имам ат-Термизи","Ibn Sino","аль-Бируни","Imom al-Buxoriy","Ibn Sino","Imam at-Tirmidhi","Al-Biruni","Which medieval hadith scholar, born in Bukhara, compiled the collection known as Sahih al-Bukhari?","Ібн Сіна","Buxoroda tug'ilgan qaysi o'rta asr hadis olimi ""Sahihi Buxoriy"" nomi bilan mashhur to'plamni tuzgan?","Імам аль-Бухарі","Imam at-Termizi","Al-Beruniy","Имам аль-Бухари","Ибн Сина","Al-Beruniy","Imom at-Termiziy","Який середньовічний хадисознавець, що народився в Бухарі, склав збірку, відому як «Сахіх аль-Бухарі»?","Ibn Sina","Imam al-Bukhari","0049cbfcb86b49ee897db799","2026-08-30T12:00:00","2026-08-30T12:00:00","7b3f2e9a1c4d8067f3a2e9b1","quiz-generator@example.com","false"
"аз-Замахшарі","Какой известный хадисовед, один из составителей «Шести книг» суннитского ислама, родился в южном городе Термез?","Імам аль-Бухарі","A","Imam at-Termizi","Który znany uczony hadisów, jeden z kompilatorów ""Sześciu Ksiąg"" islamu sunnickiego, urodził się w południowym mieście Termez?","Имам аль-Бухари","Al-Farg'oniy","аз-Замахшари","Imom at-Termiziy","Al-Farghani","Imam al-Bukhari","Az-Zamakhszari","Which renowned hadith scholar, one of the compilers of the ""Six Books"" of Sunni Islam, was born in the southern city of Termez?","аль-Фаргані","Sunniy islomning ""Olti kitob""i muallif-tuzuvchilaridan biri bo'lgan taniqli hadis olimi janubiy Termiz shahrida tug'ilgan edi, u kim?","Імам ат-Термізі","Imam al-Bukhari","Az-Zamaxshariy","Имам ат-Термизи","аль-Фаргани","Az-Zamakhshari","Imom al-Buxoriy","Який відомий хадисознавець, один із укладачів «Шести книг» сунітського ісламу, народився в південному місті Термез?","Al-Farghani","Imam at-Tirmidhi","95ff7de1e8a9482892a3593f","2026-08-30T12:00:00","2026-08-30T12:00:00","7b3f2e9a1c4d8067f3a2e9b1","quiz-generator@example.com","false"
"Улугбек","Какой суфийский мистик, чья гробница возле Бухары остаётся крупным местом паломничества, основал влиятельный орден Накшбанди?","Імам аль-Бухарі","A","Baha-ud-Din Naqshband","Który mistyk sufi, którego grobowiec pod Bucharą pozostaje ważnym miejscem pielgrzymkowym, założył wpływowy zakon Nakszbandi?","Имам аль-Бухари","Ahmad Yassaviy","Улугбек","Bahouddin Naqshband","Ahmad Yassawi","Imam al-Bukhari","Ulugbek","Which Sufi mystic, whose tomb near Bukhara remains a major pilgrimage site, founded the influential Naqshbandi order?","Ахмад Ясаві","Buxoro yaqinidagi maqbarasi hozirgacha yirik ziyoratgoh bo'lib qolgan qaysi tasavvuf mutafakkiri ta'sirchan Naqshbandiya tariqatiga asos solgan?","Бахауддін Накшбанд","Imam al-Bukhari","Ulug'bek","Бахауддин Накшбанд","Ахмад Ясави","Ulugbek","Imom al-Buxoriy","Який суфійський містик, чия гробниця біля Бухари залишається великим місцем паломництва, заснував впливовий орден Накшбанді?","Ahmad Jasawi","Baha ad-Din Nakszband","2078f8d3495b4749aa25ff1e","2026-08-30T12:00:00","2026-08-30T12:00:00","7b3f2e9a1c4d8067f3a2e9b1","quiz-generator@example.com","false"
"Ташкент","Аль-Фаргани, известный на Западе как Альфраганус, был средневековым астрономом, рождённым в каком регионе современного Узбекистана?","Хорезм","A","The Fergana Valley","Al-Farghani, znany na Zachodzie jako Alfraganus, był średniowiecznym astronomem urodzonym w którym regionie dzisiejszego Uzbekistanu?","Хорезм","Buxoro","Ташкент","Farg'ona vodiysi","Bukhara","Chorezm","Taszkent","Al-Farghani, also known in the West as Alfraganus, was a medieval astronomer born in which region of present-day Uzbekistan?","Бухара","G'arbda Alfraganus nomi bilan tanilgan Al-Farg'oniy hozirgi O'zbekistonning qaysi mintaqasida tug'ilgan o'rta asr munajjimi edi?","Ферганська долина","Khorezm","Toshkent","Ферганская долина","Бухара","Tashkent","Xorazm","Аль-Фаргані, відомий на Заході як Альфраганус, був середньовічним астрономом, народженим у якому регіоні сучасного Узбекистану?","Buchara","Dolina Fergańska","ee9f78f9e2ed437c88a9583b","2026-08-30T12:00:00","2026-08-30T12:00:00","7b3f2e9a1c4d8067f3a2e9b1","quiz-generator@example.com","false"
"Севара Назархан","Кто из перечисленных считается одной из ведущих узбекских поэтесс XX века, известной своей лирической поэзией?","Тамара Ханум","A","Zulfiya","Która jest uważana za jedną z czołowych uzbeckich poetek XX wieku, znaną z liryki?","Тамара Ханум","Yulduz Usmonova","Севара Назархан","Zulfiya","Yulduz Usmonova","Tamara Chanum","Sevara Nazarchan","Which is considered one of the foremost Uzbek poetesses of the 20th century, known for her lyric poetry?","Юлдуз Усманова","Lirik she'riyati bilan mashhur bo'lgan XX asrning yetakchi o'zbek shoiralaridan biri kim hisoblanadi?","Зульфія","Tamara Khanum","Sevara Nazarxon","Зульфия","Юлдуз Усманова","Sevara Nazarkhan","Tamara Xonum","Хто з перерахованих вважається однією з провідних узбецьких поетес XX століття, відомою своєю ліричною поезією?","Julduz Usmanowa","Zulfia","1980ecfbc52a4fc7a83be8cc","2026-08-30T12:00:00","2026-08-30T12:00:00","7b3f2e9a1c4d8067f3a2e9b1","quiz-generator@example.com","false"
"Гафур Гулям","Какой узбекский писатель является автором известного романа о жизни поэта Алишера Навои?","Абдулла Кадирі","A","Oybek","Który uzbecki pisarz jest autorem słynnej powieści o życiu poety Alishera Nawoiego?","Абдулла Кадыри","Cho'lpon","Гафур Гулям","Oybek","Cho'lpon","Abdulla Kadyri","Gafur Gulam","Which Uzbek writer authored a famous novel about the life of the poet Alisher Navoiy?","Чолпан","Qaysi o'zbek yozuvchisi shoir Alisher Navoiy hayoti haqidagi mashhur romanning muallifi hisoblanadi?","Ойбек","Abdulla Qodiriy","G'afur G'ulom","Ойбек","Чолпан","G'afur G'ulom","Abdulla Qodiriy","Який узбецький письменник є автором відомого роману про життя поета Алішера Навої?","Czolpan","Ojbek","9acedd7d00934598bfcf8228","2026-08-30T12:00:00","2026-08-30T12:00:00","7b3f2e9a1c4d8067f3a2e9b1","quiz-generator@example.com","false"
"Хамід Алімджан","Какой узбекский писатель наиболее известен популярной повестью «Шум бола» («Озорной мальчик»)?","Ойбек","A","G'afur G'ulom","Który uzbecki pisarz jest najbardziej znany z popularnej noweli ""Shum bola"" (""Nicpoń"")?","Ойбек","Abdulla Qodiriy","Хамид Алимджан","G'afur G'ulom","Abdulla Qodiriy","Ojbek","Chamid Olimdżan","Which Uzbek writer is best known for the popular novella ""Shum bola"" (""The Mischievous Boy"")?","Абдулла Кадирі","Mashhur ""Shum bola"" qissasi bilan tanilgan o'zbek yozuvchisi kim?","Гафур Гулям","Oybek","Hamid Olimjon","Гафур Гулям","Абдулла Кадыри","Hamid Olimjon","Oybek","Який узбецький письменник найбільш відомий популярною повістю «Шум бола» («Пустотливий хлопчик»)?","Abdulla Kadyri","Gafur Gulam","bb1cdb999f6c4ca6acb496e5","2026-08-30T12:00:00","2026-08-30T12:00:00","7b3f2e9a1c4d8067f3a2e9b1","quiz-generator@example.com","false"
"Улугбек","Какой современный узбекский поэт, видная фигура узбекской литературы XX века, удостоен звания «Народный поэт Узбекистана»?","Алішер Навої","A","Erkin Vohidov","Który współczesny uzbecki poeta, czołowa postać XX-wiecznej literatury uzbeckiej, został uhonorowany tytułem ""Poeta Ludowy Uzbekistanu""?","Алишер Навои","Amir Temur","Улугбек","Erkin Vohidov","Amir Temur","Alisher Nawoi","Ulugbek","Which modern Uzbek poet, a leading figure of 20th-century Uzbek literature, is honored with the title ""People's Poet of Uzbekistan""?","Амір Темур","O'zbek adabiyotining yirik XX asr namoyandasi bo'lgan qaysi zamonaviy o'zbek shoiri ""O'zbekiston xalq shoiri"" unvoniga sazovor bo'lgan?","Еркін Вахідов","Alisher Navoiy","Ulug'bek","Эркин Вахидов","Амир Темур","Ulugbek","Alisher Navoiy","Який сучасний узбецький поет, видатна постать узбецької літератури XX століття, удостоєний звання «Народний поет Узбекистану»?","Amir Timur","Erkin Wachidow","b3a8aa8225bb4f869dfcf086","2026-08-30T12:00:00","2026-08-30T12:00:00","7b3f2e9a1c4d8067f3a2e9b1","quiz-generator@example.com","false"
"Зульфія","Какой узбекский поэт написал слова государственного гимна Узбекистана?","Еркін Вахідов","A","Abdulla Oripov","Który uzbecki poeta napisał słowa hymnu narodowego Uzbekistanu?","Эркин Вахидов","Cho'lpon","Зульфия","Abdulla Oripov","Cho'lpon","Erkin Wachidow","Zulfia","Which Uzbek poet wrote the lyrics of Uzbekistan's national anthem?","Чолпан","O'zbekiston davlat madhiyasining so'zlarini qaysi o'zbek shoiri yozgan?","Абдулла Аріпов","Erkin Vohidov","Zulfiya","Абдулла Арипов","Чолпан","Zulfiya","Erkin Vohidov","Який узбецький поет написав слова державного гімну Узбекистану?","Czolpan","Abdulla Aripow","39a2e0ed3d984420b6bf28a4","2026-08-30T12:00:00","2026-08-30T12:00:00","7b3f2e9a1c4d8067f3a2e9b1","quiz-generator@example.com","false"
"Усман Насир","Какой узбекский поэт, супруг поэтессы Зульфии, известен своей романтической и патриотической лирикой раннего советского периода?","Абдулла Аріпов","A","Hamid Olimjon","Który uzbecki poeta, mąż poetki Zulfii, jest znany z romantycznej i patriotycznej liryki wczesnej epoki radzieckiej?","Абдулла Арипов","Erkin Vohidov","Усман Насыр","Hamid Olimjon","Erkin Vohidov","Abdulla Aripow","Usmon Nosir","Which Uzbek poet, husband of the poetess Zulfiya, is known for romantic and patriotic verse from the early Soviet era?","Еркін Вахідов","Shoira Zulfiyaning turmush o'rtog'i bo'lgan, sovet davri boshlarining romantik va vatanparvarlik she'riyati bilan tanilgan o'zbek shoiri kim?","Хамід Алімджан","Abdulla Oripov","Usmon Nosir","Хамид Алимджан","Эркин Вахидов","Usmon Nosir","Abdulla Oripov","Який узбецький поет, чоловік поетеси Зульфії, відомий своєю романтичною та патріотичною лірикою раннього радянського періоду?","Erkin Wachidow","Chamid Olimdżan","54f0ca8c628842288f7b1981","2026-08-30T12:00:00","2026-08-30T12:00:00","7b3f2e9a1c4d8067f3a2e9b1","quiz-generator@example.com","false"
"Севара Назархан","Кто считается пионером узбекского профессионального танца и театра, став одной из первых узбекских женщин, выступивших на сцене без чадры?","Зульфія","A","Tamara Khanum","Kto jest uważany za pionierkę uzbeckiego profesjonalnego tańca i teatru, stając się jedną z pierwszych uzbeckich kobiet występujących na scenie bez zasłony?","Зульфия","Yulduz Usmonova","Севара Назархан","Tamara Xonum","Yulduz Usmonova","Zulfia","Sevara Nazarchan","Who is regarded as a pioneer of Uzbek professional dance and theatre, becoming one of the first Uzbek women to perform on stage unveiled?","Юлдуз Усманова","O'zbek professional raqsi va teatrining kashshofi hisoblanib, sahnada parda-yu-yuzsiz chiqqan birinchi o'zbek ayollaridan biriga aylangan kim edi?","Тамара Ханум","Zulfiya","Sevara Nazarxon","Тамара Ханум","Юлдуз Усманова","Sevara Nazarkhan","Zulfiya","Хто вважається піонером узбецького професійного танцю та театру, ставши однією з перших узбецьких жінок, які виступили на сцені без чадри?","Julduz Usmanowa","Tamara Chanum","50104fa8028a4ad6a9cc53d5","2026-08-30T12:00:00","2026-08-30T12:00:00","7b3f2e9a1c4d8067f3a2e9b1","quiz-generator@example.com","false"
"Магнус Карлсен","Какой узбекский шахматный гроссмейстер выиграл чемпионат мира по шахматам ФИДЕ в 2004 году?","Нодірбек Абдусаттаров","A","Rustam Kasimdjanov","Który uzbecki arcymistrz szachowy wygrał Mistrzostwa Świata FIDE w szachach w 2004 roku?","Нодирбек Абдусаттаров","Garri Kasparov","Магнус Карлсен","Rustam Qosimjonov","Garry Kasparov","Nodirbek Abdusattorow","Magnus Carlsen","Which Uzbek chess grandmaster won the FIDE World Chess Championship in 2004?","Гаррі Каспаров","2004-yilda FIDE Jahon shaxmat chempionatida qaysi o'zbek grossmeysteri g'olib chiqqan?","Рустам Касимджанов","Nodirbek Abdusattorov","Magnus Karlsen","Рустам Касымджанов","Гарри Каспаров","Magnus Carlsen","Nodirbek Abdusattorov","Який узбецький шаховий гросмейстер виграв чемпіонат світу з шахів ФІДЕ у 2004 році?","Garri Kasparow","Rustam Kasimdżanow","82bbdbd2fda2471e9c7002bb","2026-08-30T12:00:00","2026-08-30T12:00:00","7b3f2e9a1c4d8067f3a2e9b1","quiz-generator@example.com","false"
"Ян Непомнящий","Какой молодой узбекский шахматист стал самым молодым в истории чемпионом мира по быстрым шахматам в 2021 году, в возрасте 17 лет?","Рустам Касимджанов","A","Nodirbek Abdusattorov","Który młody uzbecki szachista został najmłodszym w historii Mistrzem Świata w szachach szybkich w 2021 roku, w wieku 17 lat?","Рустам Касымджанов","Magnus Karlsen","Ян Непомнящий","Nodirbek Abdusattorov","Magnus Carlsen","Rustam Kasimdżanow","Jan Niepomniaszczij","Which young Uzbek chess player became the youngest-ever World Rapid Chess Champion in 2021, at age 17?","Магнус Карлсен","2021-yilda 17 yoshida tarixdagi eng yosh Jahon tez shaxmat chempioni bo'lgan yosh o'zbek shaxmatchisi kim edi?","Нодірбек Абдусаттаров","Rustam Kasimdjanov","Yan Nepomnyashchiy","Нодирбек Абдусаттаров","Магнус Карлсен","Ian Nepomniachtchi","Rustam Qosimjonov","Який молодий узбецький шахіст став наймолодшим в історії чемпіоном світу з швидких шахів у 2021 році, у віці 17 років?","Magnus Carlsen","Nodirbek Abdusattorow","c68730f6633d41c29f48c008","2026-08-30T12:00:00","2026-08-30T12:00:00","7b3f2e9a1c4d8067f3a2e9b1","quiz-generator@example.com","false"
"Севара Назархан","Какая узбекская гимнастка установила рекорд, приняв участие в восьми подряд Олимпийских играх с 1992 по 2021 год?","Тамара Ханум","A","Oksana Chusovitina","Która uzbecka gimnastyczka ustanowiła rekord, startując na ośmiu kolejnych Igrzyskach Olimpijskich w latach 1992-2021?","Тамара Ханум","Yulduz Usmonova","Севара Назархан","Oksana Chusovitina","Yulduz Usmonova","Tamara Chanum","Sevara Nazarchan","Which Uzbek gymnast set a record by competing at eight consecutive Olympic Games between 1992 and 2021?","Юлдуз Усманова","1992-2021-yillar oralig'ida ketma-ket sakkiz Olimpiada o'yinlarida qatnashib rekord o'rnatgan o'zbek gimnastkasi kim?","Оксана Чусовітіна","Tamara Khanum","Sevara Nazarxon","Оксана Чусовитина","Юлдуз Усманова","Sevara Nazarkhan","Tamara Xonum","Яка узбецька гімнастка встановила рекорд, взявши участь у восьми поспіль Олімпійських іграх з 1992 по 2021 рік?","Julduz Usmanowa","Oksana Czuszowitina","b4fcfdcaaeb14d67bcf8ced0","2026-08-30T12:00:00","2026-08-30T12:00:00","7b3f2e9a1c4d8067f3a2e9b1","quiz-generator@example.com","false"
"Тамара Ханум","Какая узбекская певица известна в мире тем, что сочетает традиционную узбекскую музыку с современными и электронными стилями?","Юлдуз Усманова","A","Sevara Nazarkhan","Która uzbecka piosenkarka jest znana na świecie z łączenia tradycyjnej muzyki uzbeckiej ze stylami nowoczesnymi i elektronicznymi?","Юлдуз Усманова","Zulfiya","Тамара Ханум","Sevara Nazarxon","Zulfiya","Julduz Usmanowa","Tamara Chanum","Which Uzbek singer is known internationally for blending traditional Uzbek music with modern and electronic styles?","Зульфія","Qaysi o'zbek qo'shiqchisi an'anaviy o'zbek musiqasini zamonaviy va elektron uslublar bilan uyg'unlashtirishi bilan xalqaro miqyosda tanilgan?","Севара Назархан","Yulduz Usmonova","Tamara Xonum","Севара Назархан","Зульфия","Tamara Khanum","Yulduz Usmonova","Яка узбецька співачка відома у світі тим, що поєднує традиційну узбецьку музику із сучасними та електронними стилями?","Zulfia","Sevara Nazarchan","ab5e26241a47470cba53d29d","2026-08-30T12:00:00","2026-08-30T12:00:00","7b3f2e9a1c4d8067f3a2e9b1","quiz-generator@example.com","false"
"Весільного обряду","«Ялла» — это название известного узбекского чего, что известно сочетанием народных мелодий с современными инструментами ещё с советской эпохи?","Танцювального стилю","A","Music group (band)","""Yalla"" to nazwa znanego uzbeckiego czego, znanego z łączenia melodii ludowych z nowoczesnymi instrumentami od czasów radzieckich?","Танцевального стиля","Non turi","Свадебного обряда","Musiqa guruhi","Type of bread","Stylu tanecznego","Rytuału weselnego","""Yalla"" is the name of a famous Uzbek what, known for blending folk melodies with modern instruments since the Soviet era?","Виду хліба","""Yalla"" sovet davridan buyon xalq kuylarini zamonaviy asboblar bilan uyg'unlashtirishi bilan mashhur bo'lgan o'zbekistonlik nima nomi?","Музичного гурту","Dance style","To'y marosimi","Музыкальной группы","Вида хлеба","Wedding ritual","Raqs uslubi","«Ялла» — це назва відомого узбецького чого, що відоме поєднанням народних мелодій із сучасними інструментами ще з радянської епохи?","Rodzaju chleba","Zespołu muzycznego","5ac0520d686c4402b572f897","2026-08-30T12:00:00","2026-08-30T12:00:00","7b3f2e9a1c4d8067f3a2e9b1","quiz-generator@example.com","false"
"Озодбек Назарбеков","Кто считается одним из пионеров современного узбекского эстрадного пения в середине XX века?","Юлдуз Усманова","A","Botir Zakirov","Kto jest uważany za jednego z pionierów współczesnego uzbeckiego śpiewu estradowego w połowie XX wieku?","Юлдуз Усманова","Sevara Nazarxon","Озодбек Назарбеков","Botir Zokirov","Sevara Nazarkhan","Julduz Usmanowa","Ozodbek Nazarbekow","Who is considered one of the pioneers of modern Uzbek pop (estrada) singing in the mid-20th century?","Севара Назархан","XX asr o'rtalarida zamonaviy o'zbek estrada qo'shiqchiligining kashshoflaridan biri kim hisoblanadi?","Батир Закіров","Yulduz Usmonova","Ozodbek Nazarbekov","Батыр Закиров","Севара Назархан","Ozodbek Nazarbekov","Yulduz Usmonova","Хто вважається одним із піонерів сучасного узбецького естрадного співу в середині XX століття?","Sevara Nazarchan","Botir Zakirow","6f856643bc6143cd8a54a382","2026-08-30T12:00:00","2026-08-30T12:00:00","7b3f2e9a1c4d8067f3a2e9b1","quiz-generator@example.com","false"
"Марк Рейзен","Кто основал в Ташкенте в 1976 году театр «Ильхом», считающийся первым независимым театром в Советском Союзе?","Тамара Ханум","A","Mark Weil","Kto założył w Taszkencie w 1976 roku Teatr Ilkhom, uważany za pierwszy niezależny teatr w Związku Radzieckim?","Тамара Ханум","Hamza Hakimzoda Niyoziy","Марк Рейзен","Mark Vayl","Hamza Hakimzoda Niyoziy","Tamara Chanum","Mark Rejzen","Who founded the Ilkhom Theatre in Tashkent in 1976, considered the first independent theatre in the Soviet Union?","Хамза Хакімзаде Ніязі","1976-yilda Toshkentda ""Ilhom"" teatriga kim asos solgan, u Sovet Ittifoqidagi birinchi mustaqil teatr hisoblanadi?","Марк Вайль","Tamara Khanum","Mark Reyzen","Марк Вайль","Хамза Хакимзаде Ниязи","Mark Reizen","Tamara Xonum","Хто заснував у Ташкенті в 1976 році театр «Ільхом», що вважається першим незалежним театром у Радянському Союзі?","Hamza Hakimzade Nijazi","Mark Weil","d1d5ac89c0b34984a0e7d45e","2026-08-30T12:00:00","2026-08-30T12:00:00","7b3f2e9a1c4d8067f3a2e9b1","quiz-generator@example.com","false"
"Карші","Какой крупный город является самым южным в Узбекистане, расположенным на реке Амударья прямо напротив Афганистана?","Нукус","A","Termez","Które jest najbardziej wysunięte na południe większe miasto Uzbekistanu, położone nad rzeką Amu-daria naprzeciw Afganistanu?","Нукус","Andijon","Карши","Termiz","Andijan","Nukus","Karszy","Which is Uzbekistan's southernmost major city, located on the Amu Darya river directly across from Afghanistan?","Андижан","Amudaryo bo'yida, Afg'oniston bilan yuzma-yuz joylashgan O'zbekistonning eng janubiy yirik shahri qaysi?","Термез","Nukus","Qarshi","Термез","Андижан","Karshi","Nukus","Яке велике місто є найпівденнішим в Узбекистані, розташованим на річці Амудар'я прямо навпроти Афганістану?","Andiżan","Termez","189bf7d3c25a4e368153ce25","2026-08-30T12:00:00","2026-08-30T12:00:00","7b3f2e9a1c4d8067f3a2e9b1","quiz-generator@example.com","false"
"Бабуром","Город Нурата, где находится священный источник, связан по местной легенде с какой исторической личностью?","Чингісханом","A","Alexander the Great","Miasto Nurota, w którym znajduje się święte źródło, jest według lokalnej legendy związane z jaką postacią historyczną?","Чингисханом","Amir Temur","Бабуром","Iskandar Zulqarnayn","Amir Temur","Czyngis-chanem","Baburem","The town of Nurota, home to a sacred spring, is linked in local legend to which historical figure?","Аміром Темуром","Muqaddas buloq joylashgan Nurota shahri mahalliy afsonaga ko'ra qaysi tarixiy shaxs bilan bog'liq?","Александром Македонським","Genghis Khan","Bobur","Александром Македонским","Амиром Темуром","Babur","Chingizxon","Місто Нурота, де знаходиться священне джерело, пов'язане за місцевою легендою з якою історичною особою?","Amirem Timurem","Aleksandrem Wielkim","c970a7f533454ee39b7084c9","2026-08-30T12:00:00","2026-08-30T12:00:00","7b3f2e9a1c4d8067f3a2e9b1","quiz-generator@example.com","false"
"Льодовикове гірське озеро","Озеро Айдаркуль, популярное место для юрточных лагерей и рыбалки, является крупным озером какого типа?","Природне вулканічне кратерне озеро","A","A largely artificial (man-made) lake","Jezioro Ajdarkul, popularne miejsce dla obozów jurtowych i wędkowania, jest dużym jeziorem jakiego rodzaju?","Природное вулканическое кратерное озеро","Dengiz sho'r qo'ltig'i","Ледниковое горное озеро","Asosan sun'iy (inson qo'li bilan yaratilgan) ko'l","A saltwater sea inlet","Naturalne jezioro kraterowe wulkaniczne","Lodowcowe jezioro górskie","Aydar Lake, a popular destination for yurt camps and fishing, is a large lake of what kind?","Морська солона затока","Yurta lagerlari va baliq ovlash uchun mashhur bo'lgan Aydarko'l ko'li qanday turdagi katta ko'l hisoblanadi?","В основному штучне (рукотворне) озеро","A natural volcanic crater lake","Muzlik tog' ko'li","В основном искусственное (рукотворное) озеро","Морской соляной залив","A glacial mountain lake","Tabiiy vulqon krateri ko'li","Озеро Айдаркуль, популярне місце для юрточних таборів і риболовлі, є великим озером якого типу?","Morska słona zatoka","W większości sztuczne (stworzone przez człowieka) jezioro","107feb1b6baa4b2c8fa5624c","2026-08-30T12:00:00","2026-08-30T12:00:00","7b3f2e9a1c4d8067f3a2e9b1","quiz-generator@example.com","false"
"Уральські гори","Какой горный хребет, часть более обширной системы Тянь-Шаня, расположен к северо-востоку от Ташкента и включает популярную зону отдыха Чимган?","Гісарський хребет","A","The Chatkal Range","Które pasmo górskie, część szerszego systemu Tienszan, leży na północny wschód od Taszkentu i obejmuje popularny obszar wypoczynkowy Czimgan?","Гиссарский хребет","Pomir tizmasi","Уральские горы","Chotqol tizmasi","The Pamir Range","Pasmo Gissarskie","Góry Uralskie","Which mountain range, part of the wider Tian Shan system, lies northeast of Tashkent and includes the popular Chimgan resort area?","Памірський хребет","Tyan-Shan tizimining bir qismi bo'lib, Toshkentning shimoli-sharqida joylashgan va mashhur Chimyon dam olish maskanini o'z ichiga olgan tog' tizmasi qaysi?","Чаткальський хребет","The Gissar Range","Ural tog'lari","Чаткальский хребет","Памирский хребет","The Ural Mountains","Hisor tizmasi","Який гірський хребет, частина ширшої системи Тянь-Шаню, розташований на північний схід від Ташкента і включає популярну зону відпочинку Чимган?","Pasmo Pamirskie","Pasmo Czatkalskie","f1b82d7b5d9748f0b693e6ce","2026-08-30T12:00:00","2026-08-30T12:00:00","7b3f2e9a1c4d8067f3a2e9b1","quiz-generator@example.com","false"
"Зарафшанський хребет","Самая высокая вершина Узбекистана, Хазрет-Султан, расположена в каком горном хребте?","Чаткальський хребет","A","The Gissar Range","Najwyższy szczyt Uzbekistanu, Chazret-Sułtan, znajduje się w którym paśmie górskim?","Чаткальский хребет","Nurota tizmasi","Зарафшанский хребет","Hisor tizmasi","The Nurota Range","Pasmo Czatkalskie","Pasmo Zarafszańskie","Uzbekistan's highest peak, Khazret Sultan, is located in which mountain range?","Нуратинський хребет","O'zbekistonning eng baland cho'qqisi Xazrati Sulton qaysi tog' tizmasida joylashgan?","Гісарський хребет","The Chatkal Range","Zarafshon tizmasi","Гиссарский хребет","Нуратинский хребет","The Zarafshan Range","Chotqol tizmasi","Найвища вершина Узбекистану, Хазрет-Султан, розташована в якому гірському хребті?","Pasmo Nuratyńskie","Pasmo Gissarskie","10fffcfbcc7a466bbcc06fd3","2026-08-30T12:00:00","2026-08-30T12:00:00","7b3f2e9a1c4d8067f3a2e9b1","quiz-generator@example.com","false"
"Бухарський протекторат","Помимо 12 областей (вилоятов) и города Ташкента, какая ещё единица административного деления первого уровня существует в Узбекистане?","Ферганська федерація","A","The Republic of Karakalpakstan (autonomous republic)","Oprócz 12 regionów (wiloyatów) i miasta Taszkentu, jaka jest inna jednostka podziału administracyjnego pierwszego rzędu w Uzbekistanie?","Ферганская федерация","Xorazm ittifoqi","Бухарский протекторат","Qoraqalpog'iston Respublikasi (avtonom respublika)","The Khorezm Union","Federacja Fergańska","Protektorat Bucharski","Besides its 12 regions (viloyats) and the city of Tashkent, what is the other first-order administrative division of Uzbekistan?","Хорезмський союз","O'zbekistonning 12 viloyati va Toshkent shahridan tashqari yana qanday birinchi darajali ma'muriy bo'linish birligi mavjud?","Республіка Каракалпакстан (автономна республіка)","The Fergana Federation","Buxoro protektorati","Республика Каракалпакстан (автономная республика)","Хорезмский союз","The Bukhara Protectorate","Farg'ona federatsiyasi","Крім 12 областей (вілоятів) і міста Ташкента, яка ще одиниця адміністративного поділу першого рівня існує в Узбекистані?","Unia Chorezmska","Republika Karakałpakstanu (republika autonomiczna)","924b3fbb56e6499e8eb1ef64","2026-08-30T12:00:00","2026-08-30T12:00:00","7b3f2e9a1c4d8067f3a2e9b1","quiz-generator@example.com","false"
"Сурхандар'їнській долині","Наманган, крупный город, известный своими базарами и садами, находится в какой долине?","Зарафшанській долині","A","The Fergana Valley","Namangan, duże miasto znane z bazarów i sadów, znajduje się w której dolinie?","Зарафшанской долине","Qashqadaryo vodiysida","Сурхандарьинской долине","Farg'ona vodiysida","The Kashkadarya Valley","Dolinie Zarafszańskiej","Dolinie Surchandaryjskiej","Namangan, a major city known for its bazaars and orchards, is located in which valley?","Кашкадар'їнській долині","Bozorlari va bog'lari bilan mashhur bo'lgan yirik shahar Namangan qaysi vodiyda joylashgan?","Ферганській долині","The Zarafshan Valley","Surxondaryo vodiysida","Ферганской долине","Кашкадарьинской долине","The Surkhandarya Valley","Zarafshon vodiysida","Наманган, велике місто, відоме своїми базарами та садами, знаходиться в якій долині?","Dolinie Kaszkadaryjskiej","Dolinie Fergańskiej","af0c4288eabe4e4ea8910752","2026-08-30T12:00:00","2026-08-30T12:00:00","7b3f2e9a1c4d8067f3a2e9b1","quiz-generator@example.com","false"
"Ташкентська область","Какая из 12 областей (вилоятов) Узбекистана является самой большой по площади?","Андижанська область","A","Navoiy Region","Które z 12 regionów (wiloyatów) Uzbekistanu jest największe pod względem powierzchni?","Андижанская область","Sirdaryo viloyati","Ташкентская область","Navoiy viloyati","Sirdaryo Region","Region Andiżański","Region Taszkencki","Which of Uzbekistan's 12 regions (viloyats) is the largest by area?","Сирдар'їнська область","O'zbekistonning 12 viloyatidan qaysi biri hudud jihatidan eng kattasi hisoblanadi?","Навоїйська область","Andijan Region","Toshkent viloyati","Навоийская область","Сырдарьинская область","Tashkent Region","Andijon viloyati","Яка з 12 областей (вілоятів) Узбекистану є найбільшою за площею?","Region Syrdaryjski","Region Nawoi","c9b2e314d946478d802178c0","2026-08-30T12:00:00","2026-08-30T12:00:00","7b3f2e9a1c4d8067f3a2e9b1","quiz-generator@example.com","false"
"Двадцять","Сколько объектов Узбекистана в настоящее время включено в Список Всемирного наследия ЮНЕСКО?","Три","A","Seven","Ile obiektów Uzbekistanu jest obecnie wpisanych na Listę Światowego Dziedzictwa UNESCO?","Три","O'n ikki","Двадцать","Yetti","Twelve","Trzy","Dwadzieścia","How many properties does Uzbekistan currently have inscribed on the UNESCO World Heritage List?","Дванадцять","Hozirgi vaqtda O'zbekistonning nechta obyekti YuNESKO Butunjahon merosi ro'yxatiga kiritilgan?","Сім","Three","Yigirma","Семь","Двенадцать","Twenty","Uch","Скільки об'єктів Узбекистану наразі включено до Списку Всесвітньої спадщини ЮНЕСКО?","Dwanaście","Siedem","edeacab9ad65495a9d8a90bf","2026-08-30T12:00:00","2026-08-30T12:00:00","7b3f2e9a1c4d8067f3a2e9b1","quiz-generator@example.com","false"
"Китаєм та Монголією","Западный Тянь-Шань, природный объект Всемирного наследия ЮНЕСКО, разделён между Узбекистаном и какими ещё странами?","Таджикистаном і Афганістаном","A","Kazakhstan and Kyrgyzstan","Zachodni Tienszan, przyrodniczy obiekt Światowego Dziedzictwa UNESCO, jest dzielony między Uzbekistan a którymi innymi krajami?","Таджикистаном и Афганистаном","Turkmaniston va Eron","Китаем и Монголией","Qozog'iston va Qirg'iziston","Turkmenistan and Iran","Tadżykistanem i Afganistanem","Chinami i Mongolią","The Western Tien-Shan, a UNESCO natural World Heritage site, is shared between Uzbekistan and which other countries?","Туркменістаном та Іраном","YuNESKO Butunjahon tabiiy merosi obyekti bo'lgan G'arbiy Tyan-Shan O'zbekiston bilan yana qaysi davlatlar o'rtasida bo'lingan?","Казахстаном і Киргизстаном","Tajikistan and Afghanistan","Xitoy va Mongoliya","Казахстаном и Киргизией","Туркменистаном и Ираном","China and Mongolia","Tojikiston va Afg'oniston","Західний Тянь-Шань, природний об'єкт Всесвітньої спадщини ЮНЕСКО, поділений між Узбекистаном та якими ще країнами?","Turkmenistanem i Iranem","Kazachstanem i Kirgistanem","b69d8330eaae400b9da6492b","2026-08-30T12:00:00","2026-08-30T12:00:00","7b3f2e9a1c4d8067f3a2e9b1","quiz-generator@example.com","false"
"2015","Участок древнего Шёлкового пути «Зарафшан-Каракумский коридор» был включён в Список Всемирного наследия ЮНЕСКО в каком году?","2010","A","2023","Odcinek starożytnego Jedwabnego Szlaku ""Korytarz Zarafszan-Karakum"" został wpisany na Listę Światowego Dziedzictwa UNESCO w którym roku?","2010","2001-yil","2015","2023-yil","2001","2010","2015","The ""Zarafshan-Karakum Corridor"", a section of the ancient Silk Road, was added to the UNESCO World Heritage List in which year?","2001","Qadimiy Ipak yo'lining bir qismi bo'lgan ""Zarafshon-Qorako'm yo'lagi"" YuNESKO Butunjahon merosi ro'yxatiga qaysi yilda kiritilgan?","2023","2010","2015-yil","2023","2001","2015","2010-yil","Ділянка давнього Шовкового шляху «Зарафшан-Каракумський коридор» була включена до Списку Всесвітньої спадщини ЮНЕСКО у якому році?","2001","2023","d61980ad2c8c4df7a6669415","2026-08-30T12:00:00","2026-08-30T12:00:00","7b3f2e9a1c4d8067f3a2e9b1","quiz-generator@example.com","false"
"Афганістаном та Пакистаном","Ташкентская декларация января 1966 года, заключённая при посредничестве СССР, была мирным соглашением между какими двумя странами?","Китаєм та Індією","A","India and Pakistan","Deklaracja Taszkencka ze stycznia 1966 roku, zawarta przy mediacji ZSRR, była porozumieniem pokojowym między którymi dwoma krajami?","Китаем и Индией","Eron va Iroq","Афганистаном и Пакистаном","Hindiston va Pokiston","Iran and Iraq","Chinami a Indiami","Afganistanem a Pakistanem","The Tashkent Declaration of January 1966, mediated by the Soviet Union, was a peace agreement between which two countries?","Іраном та Іраком","1966-yil yanvar oyida SSSR vositachiligida imzolangan Toshkent Deklaratsiyasi qaysi ikki davlat o'rtasidagi tinchlik bitimi edi?","Індією та Пакистаном","China and India","Afg'oniston va Pokiston","Индией и Пакистаном","Ираном и Ираком","Afghanistan and Pakistan","Xitoy va Hindiston","Ташкентська декларація січня 1966 року, укладена за посередництва СРСР, була мирною угодою між якими двома країнами?","Iranem a Irakiem","Indiami a Pakistanem","5434075c60fb4b0f826ecfb0","2026-08-30T12:00:00","2026-08-30T12:00:00","7b3f2e9a1c4d8067f3a2e9b1","quiz-generator@example.com","false"
"АСЕАН","Узбекистан был одним из основателей какой региональной организации безопасности и экономики, учреждённой в Шанхае в 2001 году?","Європейського Союзу","A","The Shanghai Cooperation Organisation","Uzbekistan był jednym z założycieli jakiej regionalnej organizacji bezpieczeństwa i gospodarczej, utworzonej w Szanghaju w 2001 roku?","Европейского Союза","NATO","АСЕАН","Shanxay Hamkorlik Tashkiloti","NATO","Unii Europejskiej","ASEAN","Uzbekistan was one of the founding members of which regional security and economic organization, established in Shanghai in 2001?","НАТО","O'zbekiston 2001-yilda Shanxayda tashkil etilgan qaysi mintaqaviy xavfsizlik va iqtisodiy tashkilotning asoschilaridan biri bo'lgan?","Шанхайської організації співробітництва","The European Union","ASEAN","Шанхайской организации сотрудничества","НАТО","ASEAN","Yevropa Ittifoqi","Узбекистан був одним із засновників якої регіональної організації безпеки та економіки, заснованої в Шанхаї у 2001 році?","NATO","Szanghajskiej Organizacji Współpracy","f89362abac6e495389f225a8","2026-08-30T12:00:00","2026-08-30T12:00:00","7b3f2e9a1c4d8067f3a2e9b1","quiz-generator@example.com","false"
"Свято врожаю","Что такое «бешик-туй» в традиционной узбекской культуре?","Церемонія першого стрижки дитини","A","A ceremony celebrating a newborn being placed in the cradle","Czym jest ""beszik-toj"" w tradycyjnej kulturze uzbeckiej?","Церемония первой стрижки ребёнка","Dafn marosimi","Праздник урожая","Chaqaloqni beshikka solish marosimi","A funeral rite","Ceremonia pierwszego strzyżenia dziecka","Święto plonów","What is ""Beshik-to'yi"" in traditional Uzbek culture?","Похоронний обряд","An'anaviy o'zbek madaniyatida ""beshik to'yi"" nima?","Церемонія, присвячена укладанню новонародженого в колиску","A ceremony marking a child's first haircut","Hosil bayrami","Церемония, посвящённая укладыванию новорождённого в колыбель","Похоронный обряд","A harvest festival","Bolaning birinchi soch olish marosimi","Що таке «бешик-туй» у традиційній узбецькій культурі?","Obrzęd pogrzebowy","Ceremonia świętowania ułożenia noworodka w kołysce","06979f2244044d9ab2846d9c","2026-08-30T12:00:00","2026-08-30T12:00:00","7b3f2e9a1c4d8067f3a2e9b1","quiz-generator@example.com","false"
"Поминальний обряд","Что такое «суннат-туй» в традиционной узбекской культуре?","Свято заручин","A","A celebration marking a boy's circumcision","Czym jest ""sunnat-toj"" w tradycyjnej kulturze uzbeckiej?","Праздник помолвки","Yangi yil bayrami","Поминальный обряд","O'g'il bolaning sunnat qilinishi bayrami","A New Year celebration","Przyjęcie zaręczynowe","Obrzęd upamiętniający","What is ""Sunnat to'yi"" in traditional Uzbek culture?","Святкування Нового року","An'anaviy o'zbek madaniyatida ""sunnat to'yi"" nima?","Свято, присвячене обрізанню хлопчика","A wedding engagement party","Xotira marosimi","Праздник, посвящённый обрезанию мальчика","Празднование Нового года","A funeral commemoration","Fotiha to'yi","Що таке «суннат-туй» у традиційній узбецькій культурі?","Świętowanie Nowego Roku","Święto z okazji obrzezania chłopca","aeafa886022c481fae02b116","2026-08-30T12:00:00","2026-08-30T12:00:00","7b3f2e9a1c4d8067f3a2e9b1","quiz-generator@example.com","false"
"Сурхандар'єю","«Катта ашула» — традиционный вокальный стиль пения без сопровождения, особенно связанный с каким регионом Узбекистана?","Каракалпакстаном","A","The Fergana Valley","""Katta aszula"" to tradycyjny styl śpiewu wokalnego bez akompaniamentu, szczególnie związany z którym regionem Uzbekistanu?","Каракалпакстаном","Xorazm","Сурхандарьей","Farg'ona vodiysi","Khorezm","Karakałpakstanem","Surchandarią","""Katta ashula"" is a traditional unaccompanied vocal singing style especially associated with which region of Uzbekistan?","Хорезмом","Musiqasiz ijro etiladigan an'anaviy vokal uslubi ""Katta ashula"" ayniqsa O'zbekistonning qaysi mintaqasi bilan bog'liq?","Ферганською долиною","Karakalpakstan","Surxondaryo","Ферганской долиной","Хорезмом","Surkhandarya","Qoraqalpog'iston","«Катта ашула» — традиційний вокальний стиль співу без супроводу, особливо пов'язаний з яким регіоном Узбекистану?","Chorezmem","Doliną Fergańską","39b33229eeec4d03af3245c8","2026-08-30T12:00:00","2026-08-30T12:00:00","7b3f2e9a1c4d8067f3a2e9b1","quiz-generator@example.com","false"
"Форма каліграфії","Что означает «шашмаком», признанный ЮНЕСКО объектом нематериального культурного наследия?","Стиль керамічного декору","A","A classical musical genre shared by Uzbek and Tajik culture","Co oznacza ""Szaszmakom"", uznany przez UNESCO za niematerialne dziedzictwo kulturowe?","Стиль керамического декора","An'anaviy kurash usuli","Форма каллиграфии","O'zbek va tojik madaniyatiga xos klassik musiqa janri","A traditional wrestling technique","Styl dekoracji ceramicznej","Forma kaligrafii","""Shashmaqom"", recognized by UNESCO as intangible cultural heritage, refers to what?","Традиційний боротьбний прийом","YuNESKO tomonidan nomoddiy madaniy meros deb tan olingan ""Shashmaqom"" nimani anglatadi?","Класичний музичний жанр, спільний для узбецької та таджицької культури","A style of ceramic decoration","Xattotlik shakli","Классический музыкальный жанр, общий для узбекской и таджикской культуры","Традиционный борцовский приём","A form of calligraphy","Sopol bezash uslubi","Що означає «шашмаком», визнаний ЮНЕСКО об'єктом нематеріальної культурної спадщини?","Tradycyjna technika zapaśnicza","Klasyczny gatunek muzyczny wspólny dla kultury uzbeckiej i tadżyckiej","5600b039a916442da3ab9ac6","2026-08-30T12:00:00","2026-08-30T12:00:00","7b3f2e9a1c4d8067f3a2e9b1","quiz-generator@example.com","false"
"Шість","Сколько струн, судя по названию, имеет традиционный узбекский музыкальный инструмент «дутар»?","Чотири","A","Two","Ile strun, sądząc po nazwie, ma tradycyjny uzbecki instrument muzyczny ""dutar""?","Четыре","Bitta","Шесть","Ikkita","One","Cztery","Sześć","The ""dutar"" is a traditional Uzbek musical instrument with how many strings, as its name suggests?","Одна","Nomidan ko'rinib turibdiki, an'anaviy o'zbek musiqa asbobi ""dutor"" nechta torga ega?","Дві","Four","Oltita","Две","Одна","Six","To'rtta","Скільки струн, судячи з назви, має традиційний узбецький музичний інструмент «дутар»?","Jedna","Dwie","237a980076bd4dfbb57916b9","2026-08-30T12:00:00","2026-08-30T12:00:00","7b3f2e9a1c4d8067f3a2e9b1","quiz-generator@example.com","false"
"Вид ксилофона","Что такое «дойра» в традиционной узбекской музыке?","Духовий інструмент","A","A round frame drum","Czym jest ""doira"" w tradycyjnej muzyce uzbeckiej?","Духовой инструмент","Kamon bilan chalinadigan torli asbob","Вид ксилофона","Yumaloq romkali baraban","A stringed instrument played with a bow","Instrument dęty","Rodzaj ksylofonu","What is a ""doira"" in traditional Uzbek music?","Смичковий струнний інструмент","An'anaviy o'zbek musiqasida ""doira"" nima?","Круглий рамковий барабан","A wind instrument","Ksilofon turi","Круглый рамочный барабан","Смычковый струнный инструмент","A type of xylophone","Puflab chalinadigan asbob","Що таке «дойра» в традиційній узбецькій музиці?","Instrument strunowy smyczkowy","Okrągły bęben ramowy","a8f84cf73f0c4745afecdeba","2026-08-30T12:00:00","2026-08-30T12:00:00","7b3f2e9a1c4d8067f3a2e9b1","quiz-generator@example.com","false"
"Боротьба на льоду","«Купкари» (в соседних странах известна под похожим названием) — традиционный центральноазиатский вид спорта, включающий что?","Стрільба з лука по рухомих мішенях пішки","A","Horseback riders competing to carry a goat carcass to a goal","""Kupkari"" (w sąsiednich krajach znana pod podobną nazwą) to tradycyjny środkowoazjatycki sport polegający na czym?","Стрельба из лука по движущимся мишеням пешком","Daryo bo'ylab suzishda musobaqalashish","Борьба на льду","Ot ustida o'tirgan holda echki go'shtini maqsadga olib borish uchun raqobatlashish","Swimmers racing across a river","Łucznicy rywalizujący pieszo do ruchomych celów","Zapaśnicy rywalizujący na lodzie","""Ko'pkari"" (also known by a similar name in neighboring countries) is a traditional Central Asian sport involving what?","Плавання наввипередки через річку","Qo'shni davlatlarda shunga o'xshash nom bilan tanilgan ""ko'pkari"" nimani o'z ichiga olgan an'anaviy Markaziy Osiyo sport turi?","Верхи на конях доставити тушу козла до мети","Archers competing on foot at moving targets","Muzda kurashish","Отогнать тушу козла до цели верхом на лошади","Плавание наперегонки через реку","Wrestlers competing on ice","Piyoda harakatlanuvchi nishonlarga o'q otish","«Купкарі» (у сусідніх країнах відома під схожою назвою) — традиційний центральноазійський вид спорту, що включає що?","Pływacy ścigający się przez rzekę","Jeźdźcy rywalizujący o przeniesienie tuszy kozy do celu","479893c79d7c46f99f6bf69d","2026-08-30T12:00:00","2026-08-30T12:00:00","7b3f2e9a1c4d8067f3a2e9b1","quiz-generator@example.com","false"
"Садить дерево заради родючості","«Келин салом» — это церемония на традиционной узбекской свадьбе, во время которой невеста делает что?","Розбиває тарілку на удачу","A","Bows and greets the groom's relatives and guests","""Kelin salom"" to ceremonia na tradycyjnym uzbeckim weselu, podczas której panna młoda robi co?","Разбивает тарелку на удачу","Bezatilgan otda qishloq bo'ylab yuradi","Сажает дерево ради плодородия","Kuyov qarindoshlari va mehmonlariga ta'zim qilib salom beradi","Rides a decorated horse through the village","Rozbija talerz na szczęście","Sadzi drzewo dla płodności","""Kelin salom"" is a ceremony at traditional Uzbek weddings in which the new bride does what?","Проїжджає верхи на прикрашеному коні через село","An'anaviy o'zbek to'ylaridagi ""kelin salom"" marosimida yangi kelin nima qiladi?","Вклоняється і вітає родичів та гостей нареченого","Breaks a plate for good luck","Serpushtlik uchun daraxt ekadi","Кланяется и приветствует родственников и гостей жениха","Проезжает верхом на украшенной лошади через деревню","Plants a tree for fertility","Omad uchun tarelka sindiradi","«Келін салом» — це церемонія на традиційному узбецькому весіллі, під час якої наречена робить що?","Jedzie na ozdobionym koniu przez wieś","Kłania się i wita krewnych oraz gości pana młodego","cc22e10c968f43e6bb4ce407","2026-08-30T12:00:00","2026-08-30T12:00:00","7b3f2e9a1c4d8067f3a2e9b1","quiz-generator@example.com","false"
"Весільне застілля","Что такое «ифторлик» в узбекской исламской традиции?","Паломництво до Мекки","A","The meal that breaks the daily fast during Ramadan","Czym jest ""iftorlik"" w uzbeckiej tradycji islamskiej?","Паломничество в Мекку","Bomdod namozi","Свадебное застолье","Ramazon oyida kunlik ro'zani ochish taomi","A morning prayer","Pielgrzymka do Mekki","Uczta weselna","What is ""iftorlik"" in Uzbek Islamic tradition?","Ранкова молитва","O'zbek islom an'analarida ""iftorlik"" nima?","Трапеза, якою закінчують щоденний піст у Рамадан","A pilgrimage to Mecca","To'y ziyofati","Трапеза, которой заканчивают ежедневный пост в Рамадан","Утренняя молитва","A wedding feast","Makkaga haj safari","Що таке «ифторлик» в узбецькій ісламській традиції?","Poranna modlitwa","Posiłek kończący codzienny post podczas Ramadanu","9b53171ba37f4cc7bba825db","2026-08-30T12:00:00","2026-08-30T12:00:00","7b3f2e9a1c4d8067f3a2e9b1","quiz-generator@example.com","false"
"Мавлюд","Как называется по-узбекски исламский праздник, известный в других странах как Курбан-байрам («Праздник жертвоприношения»)?","Рузо хайіт","A","Qurbon hayit","Jak nazywa się po uzbecku islamskie święto, znane gdzie indziej jako Kurban-bajram (""Święto Ofiary"")?","Рузо хайит","Navro'z","Мавлюд","Qurbon hayit","Navruz","Roza hajit","Mawlid","What is the Uzbek name for the Islamic holiday known elsewhere as Eid al-Adha, the ""Festival of Sacrifice""?","Навруз","Boshqa mamlakatlarda Qurbon hayit (""Qurbonlik bayrami"") nomi bilan tanilgan islom bayramining o'zbekcha nomi qanday?","Курбон хайіт","Ro'za hayit","Mavlid","Курбон хайит","Навруз","Mavlud","Ro'za hayit","Як називається по-узбецьки ісламське свято, відоме в інших країнах як Курбан-байрам («Свято жертвопринесення»)?","Nowruz","Kurban hajit","bebedcf986754bb0ab42a202","2026-08-30T12:00:00","2026-08-30T12:00:00","7b3f2e9a1c4d8067f3a2e9b1","quiz-generator@example.com","false"
"Мавлюд","Как называется по-узбекски исламский праздник, знаменующий окончание поста в Рамадан, известный в других странах как Ид аль-Фитр?","Курбон хайіт","A","Ro'za hayit","Jak nazywa się po uzbecku islamskie święto oznaczające koniec postu Ramadanu, znane gdzie indziej jako Id al-Fitr?","Курбон хайит","Navro'z","Мавлюд","Ro'za hayit","Navruz","Kurban hajit","Mawlid","What is the Uzbek name for the Islamic holiday marking the end of the Ramadan fast, elsewhere known as Eid al-Fitr?","Навруз","Boshqa mamlakatlarda Iyd al-Fitr nomi bilan tanilgan, Ramazon ro'zasi tugashini bildiruvchi islom bayramining o'zbekcha nomi qanday?","Рузо хайіт","Qurbon hayit","Mavlid","Рузо хайит","Навруз","Mavlud","Qurbon hayit","Як називається по-узбецьки ісламське свято, що знаменує закінчення посту в Рамадан, відоме в інших країнах як Ід аль-Фітр?","Nowruz","Roza hajit","bd48ff81dbdb4d31affaf049","2026-08-30T12:00:00","2026-08-30T12:00:00","7b3f2e9a1c4d8067f3a2e9b1","quiz-generator@example.com","false"
"«Фольксваген» (Німеччина)","Компания «UzAuto Motors», крупный производитель автомобилей Узбекистана, начиналась как совместное предприятие с каким иностранным автопроизводителем?","«Тойота» (Японія)","A","Daewoo (South Korea)","UzAuto Motors, główny producent samochodów w Uzbekistanie, zaczynał jako wspólne przedsięwzięcie z jakim zagranicznym producentem samochodów?","«Тойота» (Япония)","Ford (AQSH)","«Фольксваген» (Германия)","Daewoo (Janubiy Koreya)","Ford (USA)","Toyota (Japonia)","Volkswagen (Niemcy)","UzAuto Motors, Uzbekistan's major automobile manufacturer, began as a joint venture with which foreign automaker?","«Форд» (США)","O'zbekistonning yirik avtomobil ishlab chiqaruvchisi ""UzAuto Motors"" qaysi xorijiy avtomobilsozlik kompaniyasi bilan qo'shma korxona sifatida boshlangan?","«Деу» (Південна Корея)","Toyota (Japan)","Volkswagen (Germaniya)","«Дэу» (Южная Корея)","«Форд» (США)","Volkswagen (Germany)","Toyota (Yaponiya)","Компанія «UzAuto Motors», великий виробник автомобілів Узбекистану, починалася як спільне підприємство з яким іноземним автовиробником?","Ford (USA)","Daewoo (Korea Południowa)","f8b2cd4f74254967bf79e2c1","2026-08-30T12:00:00","2026-08-30T12:00:00","7b3f2e9a1c4d8067f3a2e9b1","quiz-generator@example.com","false"
"Хорезмській області","Асака, центр автомобилестроительной промышленности Узбекистана, находится в каком регионе?","Самаркандській області","A","Andijan Region","Asaka, centrum przemysłu motoryzacyjnego Uzbekistanu, znajduje się w którym regionie?","Самаркандской области","Buxoro viloyatida","Хорезмской области","Andijon viloyatida","Bukhara Region","Regionie Samarkandzkim","Regionie Chorezmskim","Asaka, the hub of Uzbekistan's automobile manufacturing industry, is located in which region?","Бухарській області","O'zbekistonning avtomobilsozlik sanoati markazi bo'lgan Asaka qaysi viloyatda joylashgan?","Андижанській області","Samarkand Region","Xorazm viloyatida","Андижанской области","Бухарской области","Khorazm Region","Samarqand viloyatida","Асака, центр автомобілебудівної промисловості Узбекистану, знаходиться в якому регіоні?","Regionie Bucharskim","Regionie Andiżańskim","c7a1c76423794eb8b958517c","2026-08-30T12:00:00","2026-08-30T12:00:00","7b3f2e9a1c4d8067f3a2e9b1","quiz-generator@example.com","false"
"Улугбека","В честь какой исторической личности официально назван главный международный аэропорт Ташкента?","Аміра Темура","A","Islam Karimov","Imieniem której postaci historycznej oficjalnie nazwano główne międzynarodowe lotnisko Taszkentu?","Амира Темура","Alisher Navoiy","Улугбека","Islom Karimov","Alisher Navoiy","Amira Timura","Ulugbeka","Tashkent's main international airport is officially named after which historical figure?","Алішера Навої","Toshkentning bosh xalqaro aeroporti rasman qaysi tarixiy shaxs nomi bilan atalgan?","Іслама Карімова","Amir Temur","Ulug'bek","Ислама Каримова","Алишера Навои","Ulugbek","Amir Temur","На честь якої історичної особи офіційно названо головний міжнародний аеропорт Ташкента?","Alishera Nawoiego","Islama Karimowa","02c87b497b644ae9977b57c1","2026-08-30T12:00:00","2026-08-30T12:00:00","7b3f2e9a1c4d8067f3a2e9b1","quiz-generator@example.com","false"
"Чотири","Сколько часовых поясов используется на территории Узбекистана?","Два","A","One (UTC+5)","Ile stref czasowych obowiązuje na terytorium Uzbekistanu?","Два","Uchta","Четыре","Bitta (UTC+5)","Three","Dwie","Cztery","How many time zones does Uzbekistan use across its territory?","Три","O'zbekiston hududida nechta vaqt mintaqasi qo'llaniladi?","Один (UTC+5)","Two","To'rtta","Один (UTC+5)","Три","Four","Ikkita","Скільки часових поясів використовується на території Узбекистану?","Trzy","Jedna (UTC+5)","0e349169b3ec4a74b63d7d45","2026-08-30T12:00:00","2026-08-30T12:00:00","7b3f2e9a1c4d8067f3a2e9b1","quiz-generator@example.com","false"
"Не мати жодної постійної річки","Наряду с Лихтенштейном, Узбекистан является одной из всего двух стран мира, обладающих каким необычным географическим статусом?","Не мати офіційної столиці","A","Being ""doubly landlocked"" (surrounded only by landlocked countries)","Wraz z Liechtensteinem, Uzbekistan jest jednym z tylko dwóch krajów na świecie o jakim niezwykłym statusie geograficznym?","Не иметь официальной столицы","Bir vaqtning o'zida to'rtta vaqt mintaqasida joylashish","Не иметь ни одной постоянной реки","""Ikki marta quruqlikka o'ralgan"" bo'lish (faqat quruqlikka o'ralgan davlatlar bilan chegaradosh)","Straddling four different time zones","Brak oficjalnej stolicy","Brak stałych rzek","Along with Liechtenstein, Uzbekistan is one of only two countries in the world with what unusual geographic status?","Перебувати одразу в чотирьох часових поясах","Lixtenshteyn bilan bir qatorda, O'zbekiston dunyodagi qanday g'ayrioddiy geografik maqomga ega bo'lgan bor-yo'g'i ikkita davlatdan biri hisoblanadi?","Бути «двічі суходільним» (оточеним лише суходільними країнами)","Having no official capital city","Doimiy daryosi bo'lmaslik","Быть «дважды сухопутным» (окружённым только сухопутными странами)","Находиться сразу в четырёх часовых поясах","Having no permanent rivers","Rasmiy poytaxtga ega bo'lmaslik","Разом з Ліхтенштейном, Узбекистан є однією з лише двох країн світу, що мають який незвичний географічний статус?","Leżenie w czterech strefach czasowych jednocześnie","Bycie ""podwójnie śródlądowym"" (otoczonym wyłącznie krajami śródlądowymi)","b78a0519acea4cfea5615286","2026-08-30T12:00:00","2026-08-30T12:00:00","7b3f2e9a1c4d8067f3a2e9b1","quiz-generator@example.com","false"
"Волейболі","«Пахтакор Ташкент», один из самых именитых клубов Узбекистана, выступает в каком виде спорта?","Баскетболі","A","Football (soccer)","Pachtakor Taszkent, jeden z najbardziej utytułowanych klubów Uzbekistanu, rywalizuje w jakim sporcie?","Баскетболе","Muz xokkeyi","Волейболе","Futbol","Ice hockey","Koszykówce","Siatkówce","Pakhtakor Tashkent, one of Uzbekistan's most storied clubs, competes in which sport?","Хокеї на льоду","O'zbekistonning eng nufuzli klublaridan biri bo'lgan ""Paxtakor Toshkent"" qaysi sport turida o'ynaydi?","Футболі","Basketball","Voleybol","Футболе","Хоккее на льду","Volleyball","Basketbol","«Пахтакор Ташкент», один з найвідоміших клубів Узбекистану, виступає в якому виді спорту?","Hokeju na lodzie","Piłce nożnej","7ba1770e6bad4301bee834f7","2026-08-30T12:00:00","2026-08-30T12:00:00","7b3f2e9a1c4d8067f3a2e9b1","quiz-generator@example.com","false"
"Дім мудрості","Что буквально означает название «Регистан» — знаменитой площади в Самарканде?","Золоті ворота","A","Sandy place","Co dosłownie oznacza nazwa ""Registan"", słynnego placu w Samarkandzie?","Золотые ворота","Qirollik bog'i","Дом мудрости","Qumli joy","Royal garden","Złota brama","Dom mądrości","What does the name ""Registan"", the famous square in Samarkand, literally mean?","Королівський сад","Samarqanddagi mashhur ""Registon"" maydonining nomi so'zma-so'z nimani anglatadi?","Піщане місце","Golden gate","Donishmandlik uyi","Песчаное место","Королевский сад","House of wisdom","Oltin darvoza","Що буквально означає назва «Регістан» — знаменитої площі в Самарканді?","Ogród królewski","Piaszczyste miejsce","dcf7769fce114a38a05df03d","2026-08-30T12:00:00","2026-08-30T12:00:00","7b3f2e9a1c4d8067f3a2e9b1","quiz-generator@example.com","false"
"Суфійського святого","По легенде, в честь кого была построена грандиозная мечеть Биби-Ханым в Самарканде?","Матері Улугбека","A","One of Amir Temur's wives","Według legendy, ku czci kogo zbudowano wspaniały meczet Bibi-Chanym w Samarkandzie?","Матери Улугбека","Xitoy malikasi","Суфийского святого","Amir Temurning xotinlaridan biri","A Chinese princess","Matki Uługbeka","Świętego sufickiego","According to legend, the grand Bibi-Khanym Mosque in Samarkand was built in honor of whom?","Китайської принцеси","Rivoyatga ko'ra, Samarqanddagi ulkan Bibixonim masjidi kimning sharafiga qurilgan?","Однієї з дружин Аміра Темура","Ulugbek's mother","Tasavvuf avliyosi","Одной из жён Амира Темура","Китайской принцессы","A Sufi saint","Ulug'bekning onasi","За легендою, на честь кого була побудована грандіозна мечеть Бібі-Ханум у Самарканді?","Chińskiej księżniczki","Jednej z żon Amira Timura","f074f9aaf4f14ad6881a4d19","2026-08-30T12:00:00","2026-08-30T12:00:00","7b3f2e9a1c4d8067f3a2e9b1","quiz-generator@example.com","false"
"Ташкент","В каком городе находятся руины дворца Ак-Сарай («Белый дворец»), который Тимур задумывал как свою самую грандиозную резиденцию?","Самарканд","A","Shakhrisabz","W którym mieście znajdują się ruiny pałacu Ak-Saraj (""Biały Pałac""), który Timur zamierzał uczynić swoją najwspanialszą rezydencją?","Самарканд","Buxoro","Ташкент","Shahrisabz","Bukhara","Samarkanda","Taszkent","Ak-Saray, the ruined ""White Palace"" that Timur intended to be his grandest residence, is located in which city?","Бухара","Temur o'zining eng ulug'vor qarorgohi sifatida rejalashtirgan, xarobaga aylangan Oqsaroy (""Oq saroy"") qaysi shaharda joylashgan?","Шахрісабз","Samarkand","Toshkent","Шахрисабз","Бухара","Tashkent","Samarqand","У якому місті знаходяться руїни палацу Ак-Сарай («Білий палац»), який Тимур задумував як свою найграндіознішу резиденцію?","Buchara","Szachrisabz","24111c123da74b8aa61a2e55","2026-08-30T12:00:00","2026-08-30T12:00:00","7b3f2e9a1c4d8067f3a2e9b1","quiz-generator@example.com","false"
"Індуїзму","Древние руины Фаяз-Тепа возле Термеза, где некогда жили монахи и стояли ступы, относятся к памятникам какой религии?","Зороастризму","A","Buddhism","Starożytne ruiny Fajoz-Tepa koło Termezu, gdzie niegdyś mieszkali mnisi i stały stupy, są pozostałościami związanymi z jaką religią?","Зороастризма","Manixeylik","Индуизма","Buddizm","Manichaeism","Zoroastryzmu","Hinduizmu","Fayoz-Tepa, ancient ruins near Termez that once housed monks and stupas, are remains of a site connected to which religion?","Маніхейства","Termiz yaqinidagi qadimda rohiblar va stupalar joylashgan Fayoztepa xarobalari qaysi din bilan bog'liq yodgorlik hisoblanadi?","Буддизму","Zoroastrianism","Hinduizm","Буддизма","Манихейства","Hinduism","Zardushtiylik","Стародавні руїни Фаяз-Тепа біля Термеза, де колись жили ченці й стояли ступи, є пам'ятками якої релігії?","Manicheizmu","Buddyzmu","f368809f6b9b4342bf263831","2026-08-30T12:00:00","2026-08-30T12:00:00","7b3f2e9a1c4d8067f3a2e9b1","quiz-generator@example.com","false"
"Битви при Манцикерті","Согласно известному преданию, после какого сражения VIII века Самарканд стал одним из первых центров производства бумаги в исламском мире?","Битви при Бадрі","A","The Battle of Talas (751)","Według znanej tradycyjnej relacji, po której bitwie z VIII wieku Samarkanda stała się wczesnym centrum produkcji papieru w świecie islamskim?","Битвы при Бадре","Anqara jangi","Битвы при Манцикерте","Talas jangi (751-yil)","The Battle of Ankara","Bitwy pod Badr","Bitwy pod Manzikertem","According to a well-known traditional account, following which 8th-century battle did Samarkand become an early center of papermaking in the Islamic world?","Битви при Анкарі","Mashhur an'anaviy rivoyatga ko'ra, VIII asrdagi qaysi jangdan keyin Samarqand islom dunyosidagi qog'oz ishlab chiqarishning ilk markazlaridan biriga aylangan?","Битви при Таласі (751 р.)","The Battle of Badr","Manzikert jangi","Битвы при Таласе (751 г.)","Битвы при Анкаре","The Battle of Manzikert","Badr jangi","Згідно з відомим переказом, після якої битви VIII століття Самарканд став одним із перших центрів виробництва паперу в ісламському світі?","Bitwy pod Ankarą","Bitwy pod Talas (751 r.)","8888f817b3b54d04b0bb0c1c","2026-08-30T12:00:00","2026-08-30T12:00:00","7b3f2e9a1c4d8067f3a2e9b1","quiz-generator@example.com","false"
"Туркменська","Какой язык, помимо узбекского, имеет официальный региональный статус именно в Республике Каракалпакстан?","Таджицька","A","Karakalpak","Który język, oprócz uzbeckiego, ma oficjalny status regionalny konkretnie w Republice Karakałpakstanu?","Таджикский","Qozoq tili","Туркменский","Qoraqalpoq tili","Kazakh","Tadżycki","Turkmeński","Which language, besides Uzbek, holds official regional status specifically within the Republic of Karakalpakstan?","Казахська","O'zbek tilidan tashqari, aynan Qoraqalpog'iston Respublikasida qaysi til rasmiy mintaqaviy maqomga ega?","Каракалпацька","Tajik","Turkman tili","Каракалпакский","Казахский","Turkmen","Tojik tili","Яка мова, окрім узбецької, має офіційний регіональний статус саме в Республіці Каракалпакстан?","Kazachski","Karakałpacki","c9eed393d3bf43c58cddc52f","2026-08-30T12:00:00","2026-08-30T12:00:00","7b3f2e9a1c4d8067f3a2e9b1","quiz-generator@example.com","false"
"1900","В каком году Бухарский эмират стал протекторатом Российской империи?","1876","A","1868","W którym roku Emirat Bucharski stał się protektoratem Imperium Rosyjskiego?","1876","1855-yil","1900","1868-yil","1855","1876","1900","In what year did the Emirate of Bukhara become a protectorate of the Russian Empire?","1855","Buxoro amirligi qaysi yilda Rossiya imperiyasining protektoratiga aylangan?","1868","1876","1900-yil","1868","1855","1900","1876-yil","У якому році Бухарський емірат став протекторатом Російської імперії?","1855","1868","071406d9cd814184aeae44dc","2026-08-30T12:00:00","2026-08-30T12:00:00","7b3f2e9a1c4d8067f3a2e9b1","quiz-generator@example.com","false"
"1917","В каком году Хивинское ханство стало протекторатом Российской империи?","1865","A","1873","W którym roku Chanat Chiwy stał się protektoratem Imperium Rosyjskiego?","1865","1885-yil","1917","1873-yil","1885","1865","1917","In what year did the Khanate of Khiva become a protectorate of the Russian Empire?","1885","Xiva xonligi qaysi yilda Rossiya imperiyasining protektoratiga aylangan?","1873","1865","1917-yil","1873","1885","1917","1865-yil","У якому році Хивинське ханство стало протекторатом Російської імперії?","1885","1873","6a61c53cd2e34306a1383c66","2026-08-30T12:00:00","2026-08-30T12:00:00","7b3f2e9a1c4d8067f3a2e9b1","quiz-generator@example.com","false"
"Микола II","Кто был первым генерал-губернатором Русского Туркестана, назначенным в 1867 году и базировавшимся в Ташкенте?","Олексій Куропаткін","A","Konstantin von Kaufman","Kto był pierwszym Gubernatorem Generalnym Turkiestanu Rosyjskiego, mianowanym w 1867 roku i stacjonującym w Taszkencie?","Алексей Куропаткин","Mixail Skobelev","Николай II","Konstantin fon Kaufman","Mikhail Skobelev","Aleksiej Kuropatkin","Mikołaj II","Who was the first Governor-General of Russian Turkestan, appointed in 1867 and based in Tashkent?","Михайло Скобелєв","1867-yilda tayinlangan va Toshkentda joylashgan Rossiya Turkistonining birinchi general-gubernatori kim edi?","Костянтин фон Кауфман","Alexei Kuropatkin","Nikolay II","Константин фон Кауфман","Михаил Скобелев","Nicholas II","Aleksey Kuropatkin","Хто був першим генерал-губернатором Російського Туркестану, призначеним у 1867 році та базувався в Ташкенті?","Michaił Skobielew","Konstanty von Kaufman","f227c0f3e11f43849188d6da","2026-08-30T12:00:00","2026-08-30T12:00:00","7b3f2e9a1c4d8067f3a2e9b1","quiz-generator@example.com","false"
"Походам Тимура","Басмаческое движение 1920-х годов представляло собой вооружённое сопротивление против чего?","Завоюванню Російською імперією в 1860-х роках","A","The establishment of Soviet rule in Central Asia","Ruch basmaczy z lat 20. XX wieku był zbrojnym oporem przeciwko czemu?","Завоеванию Российской империей в 1860-х годах","Mo'g'ullar bosqini","Походам Тимура","Markaziy Osiyoda Sovet hokimiyatining o'rnatilishi","The Mongol invasion","Podbojowi przez Imperium Rosyjskie w latach 60. XIX wieku","Kampaniom Timura","The Basmachi movement of the 1920s was an armed resistance against what?","Монгольській навалі","1920-yillardagi bosmachilik harakati nimaga qarshi qurolli qarshilik edi?","Встановленню радянської влади в Центральній Азії","The Russian Empire's conquest in the 1860s","Temur yurishlari","Установлению советской власти в Центральной Азии","Монгольскому нашествию","Timur's campaigns","Rossiya imperiyasining 1860-yillardagi bosqinchiligi","Басмацький рух 1920-х років являв собою збройний опір проти чого?","Najazdowi mongolskiemu","Ustanowieniu władzy radzieckiej w Azji Środkowej","97d0c115ccdb40eb83719034","2026-08-30T12:00:00","2026-08-30T12:00:00","7b3f2e9a1c4d8067f3a2e9b1","quiz-generator@example.com","false"
"Кінорежисером","Шараф Рашидов, руководивший Советским Узбекистаном более двух десятилетий, был также известен какой другой профессией?","Композитором","A","Writer (novelist)","Szaraf Raszydow, który przez ponad dwie dekady kierował Radziecką Uzbekistanem, był znany również z jakiego innego zawodu?","Композитором","Arxitektor","Кинорежиссёром","Yozuvchi (romannavis)","Architect","Kompozytorem","Reżyserem filmowym","Sharof Rashidov, who led Soviet Uzbekistan for over two decades, was also known for what other profession?","Архітектором","Sovet O'zbekistonini yigirma yildan ortiq boshqargan Sharof Rashidov yana qaysi kasbi bilan tanilgan edi?","Письменником (романістом)","Composer","Kinorejissyor","Писателем (романистом)","Архитектором","Film director","Bastakor","Шараф Рашидов, який керував Радянським Узбекистаном понад два десятиліття, був також відомий якою іншою професією?","Architektem","Pisarzem (powieściopisarzem)","846424c1d40b4f769613e7d8","2026-08-30T12:00:00","2026-08-30T12:00:00","7b3f2e9a1c4d8067f3a2e9b1","quiz-generator@example.com","false"
"Туркменістаном","Сох, крупнейший территориальный эксклав Узбекистана, полностью окружён территорией какой соседней страны?","Таджикистаном","A","Kyrgyzstan","Sokh, największa eksklawa terytorialna Uzbekistanu, jest całkowicie otoczona przez które sąsiednie państwo?","Таджикистаном","Qozog'iston","Туркменистаном","Qirg'iziston","Kazakhstan","Tadżykistanem","Turkmenistanem","Sokh, the largest of Uzbekistan's territorial exclaves, is entirely surrounded by which neighboring country?","Казахстаном","O'zbekistonning eng katta hududiy eksklavi bo'lgan Sox to'liq qaysi qo'shni davlat hududi bilan o'ralgan?","Киргизстаном","Tajikistan","Turkmaniston","Киргизией","Казахстаном","Turkmenistan","Tojikiston","Сох, найбільший територіальний ексклав Узбекистану, повністю оточений територією якої сусідньої країни?","Kazachstanem","Kirgistanem","69979f72220a466893557df8","2026-08-30T12:00:00","2026-08-30T12:00:00","7b3f2e9a1c4d8067f3a2e9b1","quiz-generator@example.com","false"
"Не мати сухопутного кордону з жодною іншою центральноазійською країною","Узбекистан уникален в Центральной Азии тем, что является единственной страной региона, которая делает что?","Мати вихід до Каспійського моря","A","Border all four other Central Asian countries","Uzbekistan jest wyjątkowy w Azji Środkowej, będąc jedynym krajem w regionie, który robi co?","Иметь выход к Каспийскому морю","Barcha qo'shnilaridan farqli rasmiy alifbodan foydalanish","Не иметь сухопутной границы ни с одной другой центральноазиатской страной","Markaziy Osiyodagi boshqa to'rtta davlat bilan chegaradosh bo'lish","Use a different official alphabet from all its neighbors","Mieć dostęp do Morza Kaspijskiego","Nie mieć granicy lądowej z żadnym innym krajem Azji Środkowej","Uzbekistan is unique in Central Asia for being the only country in the region to do what?","Використовувати алфавіт, відмінний від усіх сусідів","O'zbekiston Markaziy Osiyoda o'ziga xos, chunki u mintaqadagi yagona davlat bo'lib, nima qiladi?","Межувати з усіма чотирма іншими країнами Центральної Азії","Have a coastline on the Caspian Sea","Boshqa hech qanday Markaziy Osiyo davlati bilan quruqlik chegarasiga ega bo'lmaslik","Граничить со всеми четырьмя другими странами Центральной Азии","Использовать алфавит, отличный от всех соседей","Share no land border with any other Central Asian country","Kaspiy dengiziga chiqish imkoniga ega bo'lish","Узбекистан унікальний в Центральній Азії тим, що є єдиною країною регіону, яка робить що?","Używać innego alfabetu urzędowego niż wszyscy sąsiedzi","Graniczyć ze wszystkimi czterema innymi krajami Azji Środkowej","7104c3c37c3943379889661b","2026-08-30T12:00:00","2026-08-30T12:00:00","7b3f2e9a1c4d8067f3a2e9b1","quiz-generator@example.com","false"
"Площа Революції","Как называлась площадь Мустакиллик (площадь Независимости), центральная площадь Ташкента, в советскую эпоху?","Площа Маркса","A","Lenin Square","Jak nazywał się Plac Mustakillik (Plac Niepodległości), centralny plac Taszkentu, w epoce radzieckiej?","Площадь Маркса","Qizil maydon","Площадь Революции","Lenin maydoni","Red Square","Plac Marksa","Plac Rewolucji","Mustaqillik Maydoni (Independence Square), the central square of Tashkent, was known by what name during the Soviet era?","Червона площа","Toshkentning markaziy maydoni bo'lgan Mustaqillik maydoni sovet davrida qanday nom bilan atalgan?","Площа Леніна","Marx Square","Inqilob maydoni","Площадь Ленина","Красная площадь","Revolution Square","Marks maydoni","Як називалася площа Мустакілік (площа Незалежності), центральна площа Ташкента, в радянську епоху?","Plac Czerwony","Plac Lenina","22ae0440053a450a881c4efd","2026-08-30T12:00:00","2026-08-30T12:00:00","7b3f2e9a1c4d8067f3a2e9b1","quiz-generator@example.com","false"
"Бухари","Музей, посвящённый наследию Амира Темура, с характерным голубым куполом, является достопримечательностью какого города?","Самарканда","A","Tashkent","Muzeum poświęcone dziedzictwu Amira Timura, z charakterystyczną niebieską kopułą, jest zabytkiem którego miasta?","Самарканда","Shahrisabz","Бухары","Toshkent","Shakhrisabz","Samarkandy","Buchary","The museum dedicated to Amir Temur's legacy, with its distinctive blue dome, is a landmark of which city?","Шахрісабза","O'ziga xos ko'k gumbazli, Amir Temur merosiga bag'ishlangan muzey qaysi shaharning diqqatga sazovor joyi hisoblanadi?","Ташкента","Samarkand","Buxoro","Ташкента","Шахрисабза","Bukhara","Samarqand","Музей, присвячений спадщині Аміра Темура, з характерним блакитним куполом, є пам'яткою якого міста?","Szachrisabzu","Taszkentu","0bda4bfa49444bd8b45b3dbe","2026-08-30T12:00:00","2026-08-30T12:00:00","7b3f2e9a1c4d8067f3a2e9b1","quiz-generator@example.com","false"
"Давньої Ферганы","Хорезмская область в низовьях Амударьи является исторической территорией какой древней цивилизации?","Давньої Согдіани","A","Ancient Khwarazm","Region Chorezmu, w dolnym biegu Amu-darii, jest historyczną ojczyzną jakiej starożytnej cywilizacji?","Древней Согдианы","Qadimgi Baqtriya","Древней Ферганы","Qadimgi Xorazm","Ancient Bactria","Starożytnej Sogdiany","Starożytnej Fergany","The Xorazm (Khorezm) Region, in the lower reaches of the Amu Darya, is the historic heartland of which ancient civilization?","Давньої Бактрії","Amudaryoning quyi oqimida joylashgan Xorazm viloyati qaysi qadimiy tsivilizatsiyaning tarixiy o'lkasi hisoblanadi?","Давнього Хорезму","Ancient Sogdiana","Qadimgi Farg'ona","Древнего Хорезма","Древней Бактрии","Ancient Fergana","Qadimgi Sug'diyona","Хорезмська область у нижній течії Амудар'ї є історичною територією якої давньої цивілізації?","Starożytnej Baktrii","Starożytnego Chorezmu","ec6d2ed601fb45c29d2191b4","2026-08-30T12:00:00","2026-08-30T12:00:00","7b3f2e9a1c4d8067f3a2e9b1","quiz-generator@example.com","false"
"Того, що назви станцій ніде не вказані","Ташкентское метро, первое в Центральной Азии, особенно примечательно какой особенностью многих своих станций?","Повної відсутності будь-якого оформлення","A","Elaborate Soviet-era decorative art and design","Metro w Taszkencie, pierwsze w Azji Środkowej, jest szczególnie znane z jakiej cechy wielu swoich stacji?","Полного отсутствия какого-либо оформления","Ularning barchasi yer usti qurilganligi","Того, что названия станций нигде не указаны","Sovet davri boy dekorativ san'ati va dizayni","Being built entirely above ground","Całkowitego braku jakiejkolwiek dekoracji","Tego, że nazwy stacji nigdzie nie są wyświetlane","The Tashkent Metro, Central Asia's first, is especially notable for what feature of many of its stations?","Того, що всі вони побудовані повністю над землею","Markaziy Osiyodagi birinchi Toshkent metrosi o'z stansiyalarining ayniqsa qaysi xususiyati bilan ajralib turadi?","Багатого декоративного оформлення радянської епохи","Complete lack of any decoration","Stansiya nomlari hech qayerda ko'rsatilmaganligi","Богатого декоративного оформления советской эпохи","Того, что все они построены полностью над землёй","Having no station names displayed","Har qanday bezakning butunlay yo'qligi","Ташкентське метро, перше в Центральній Азії, особливо примітне якою особливістю багатьох своїх станцій?","Tego, że wszystkie zbudowane są całkowicie nad ziemią","Bogatej dekoracyjnej sztuki i designu z epoki radzieckiej","a2d5543d3cd34ccc8a71052a","2026-08-30T12:00:00","2026-08-30T12:00:00","7b3f2e9a1c4d8067f3a2e9b1","quiz-generator@example.com","false"
"Чотирма","С каким количеством стран граничит Узбекистан по суше?","Трьома","A","Five","Z iloma krajami Uzbekistan graniczy lądowo?","Тремя","Yettita","Четырьмя","Beshta","Seven","Trzema","Czterema","How many countries does Uzbekistan share a land border with?","Сімома","O'zbekiston nechta davlat bilan quruqlik chegarasiga ega?","П'ятьма","Three","To'rtta","Пятью","Семью","Four","Uchta","З якою кількістю країн межує Узбекистан по суходолу?","Siedmioma","Pięcioma","60b46d112dd64390aba84d74","2026-08-30T12:00:00","2026-08-30T12:00:00","7b3f2e9a1c4d8067f3a2e9b1","quiz-generator@example.com","false"
"Занедбаним містом-привидом","Во время советско-афганской войны (1979–1989) город Термез служил советским войскам главным образом чем?","Табором для військовополонених","A","A key staging and supply base near the border","Podczas wojny radziecko-afgańskiej (1979-1989) miasto Termez służyło wojsku radzieckiemu głównie jako co?","Лагерем для военнопленных","Harbiy-dengiz kemasozlik zavodi","Заброшенным городом-призраком","Chegara yaqinidagi asosiy tayyorgarlik va ta'minot bazasi","A naval shipyard","Obozem jenieckim","Opuszczonym miastem widmo","During the Soviet-Afghan War (1979-1989), the city of Termez served the Soviet military primarily as what?","Військово-морською верф'ю","Sovet-Afg'on urushi (1979-1989) davomida Termiz shahri Sovet armiyasi uchun asosan nima vazifasini bajargan?","Ключовою перевалочною та постачальницькою базою біля кордону","A prisoner-of-war camp","Tashlab ketilgan arvohlar shahri","Ключевой перевалочной и снабженческой базой у границы","Военно-морской верфью","An abandoned ghost town","Harbiy asirlar lageri","Під час радянсько-афганської війни (1979–1989) місто Термез слугувало радянським військам головним чином чим?","Stocznią marynarki wojennej","Kluczową bazą przerzutową i zaopatrzeniową przy granicy","c2a4238a04d043809c364efd","2026-08-30T12:00:00","2026-08-30T12:00:00","7b3f2e9a1c4d8067f3a2e9b1","quiz-generator@example.com","false"
"«Захисник віри»","Как традиционно переводится почётный титул Амира Темура «Сахибкиран»?","«Цар царів»","A","Lord of the Auspicious Conjunction","Jak tradycyjnie tłumaczy się honorowy tytuł Amira Timura ""Sahibkiran""?","«Царь царей»","""Yer yuzidagi Xudo soyasi""","«Защитник веры»","""Baxtli yulduzlar birikuvi sohibi""","Shadow of God on Earth","""Król królów""","""Obrońca wiary""","""Sahibqiron"", the honorific title of Amir Temur, is traditionally translated as what?","«Тінь Бога на землі»","Amir Temurning ""Sohibqiron"" faxriy unvoni an'anaviy ravishda qanday tarjima qilinadi?","«Владика сприятливого поєднання зірок»","King of Kings","""Din himoyachisi""","«Владыка благоприятного сочетания звёзд»","«Тень Бога на земле»","Defender of the Faith","""Shohlar shohi""","Як традиційно перекладається почесний титул Аміра Темура «Сахібкиран»?","""Cień Boga na ziemi""","""Władca pomyślnej koniunkcji""","876e30349a3a44cd81023d62","2026-08-30T12:00:00","2026-08-30T12:00:00","7b3f2e9a1c4d8067f3a2e9b1","quiz-generator@example.com","false"
"Чотирьох","Из скольких палат состоит Олий Мажлис, парламент Узбекистана?","Однієї","A","Two (a Legislative Chamber and a Senate)","Ile izb liczy Olij Madżlis, parlament Uzbekistanu?","Одной","Uchta","Четырёх","Ikkita (Qonunchilik palatasi va Senat)","Three","Jednej","Czterech","The Oliy Majlis, the parliament of Uzbekistan, consists of how many chambers?","Трьох","O'zbekiston parlamenti bo'lgan Oliy Majlis nechta palatadan iborat?","Двох (Законодавчої палати та Сенату)","One","To'rtta","Двух (Законодательной палаты и Сената)","Трёх","Four","Bitta","Із скількох палат складається Олій Мажліс, парламент Узбекистану?","Trzech","Dwóch (Izby Ustawodawczej i Senatu)","e9694e9913f9477a81220028","2026-08-30T12:00:00","2026-08-30T12:00:00","7b3f2e9a1c4d8067f3a2e9b1","quiz-generator@example.com","false"
"Національна бібліотека імені Чолпана","Какая крупная библиотека Ташкента, названная в честь прославленного поэта, является одной из крупнейших в Центральной Азии?","Національна бібліотека імені Улугбека","A","The Alisher Navoiy National Library","Która duża biblioteka w Taszkencie, nazwana na cześć wybitnego poety, jest jedną z największych w Azji Środkowej?","Национальная библиотека имени Улугбека","Bobur nomidagi Milliy kutubxona","Национальная библиотека имени Чолпана","Alisher Navoiy nomidagi Milliy kutubxona","The Babur National Library","Narodowa Biblioteka im. Uługbeka","Narodowa Biblioteka im. Czolpana","Which major library in Tashkent, named after a celebrated poet, is one of the largest in Central Asia?","Національна бібліотека імені Бабура","Buyuk shoir nomi bilan atalgan Toshkentdagi qaysi yirik kutubxona Markaziy Osiyodagi eng kattalaridan biri hisoblanadi?","Національна бібліотека імені Алішера Навої","The Ulugbek National Library","Cho'lpon nomidagi Milliy kutubxona","Национальная библиотека имени Алишера Навои","Национальная библиотека имени Бабура","The Cho'lpon National Library","Ulug'bek nomidagi Milliy kutubxona","Яка велика бібліотека Ташкента, названа на честь прославленого поета, є однією з найбільших у Центральній Азії?","Narodowa Biblioteka im. Babura","Narodowa Biblioteka im. Alishera Nawoiego","754bd34813b64ccea55d5bd5","2026-08-30T12:00:00","2026-08-30T12:00:00","7b3f2e9a1c4d8067f3a2e9b1","quiz-generator@example.com","false"
"Наманган","Наряду с Бухарой, какой город считается одним из древнейших непрерывно населённых городов Центральной Азии, чья история насчитывает около 2700 лет?","Ташкент","A","Samarkand","Obok Buchary, które miasto jest uważane za jedno z najstarszych nieprzerwanie zamieszkałych miast Azji Środkowej, którego historia sięga około 2700 lat?","Ташкент","Andijon","Наманган","Samarqand","Andijan","Taszkent","Namangan","Along with Bukhara, which city is considered among the oldest continuously inhabited cities in Central Asia, with roots going back around 2,700 years?","Андижан","Buxoro bilan bir qatorda, tarixi taxminan 2700 yilga borib taqaladigan, Markaziy Osiyoning eng qadimiy uzluksiz aholi yashaydigan shaharlaridan biri qaysi?","Самарканд","Tashkent","Namangan","Самарканд","Андижан","Namangan","Toshkent","Разом з Бухарою, яке місто вважається одним із найдавніших безперервно заселених міст Центральної Азії, чия історія налічує близько 2700 років?","Andiżan","Samarkanda","921e188b57f84100926135f5","2026-08-30T12:00:00","2026-08-30T12:00:00","7b3f2e9a1c4d8067f3a2e9b1","quiz-generator@example.com","false"
"Мідних гравюр","Чем славится сегодня село Кониджил близ Самарканда, где было возрождено традиционное ручное изготовление чего?","Шовкових килимів","A","Traditional mulberry paper (Samarkand paper)","Wieś Konigil koło Samarkandy jest dziś znana z przywrócenia tradycyjnego rzemiosła ręcznego wyrobu czego?","Шёлковых ковров","Keramik plitkalar","Медных гравюр","An'anaviy tut qog'ozi (Samarqand qog'ozi)","Ceramic tiles","Jedwabnych dywanów","Rytów miedzianych","The village of Konigil near Samarkand is known today for reviving the traditional craft of making what by hand?","Керамічних кахлів","Samarqand yaqinidagi Konigil qishlog'i bugungi kunda qo'lda nima tayyorlashning an'anaviy hunarini tiklaganligi bilan mashhur?","Традиційного шовковичного паперу (самаркандського паперу)","Silk carpets","Mis o'ymakorligi","Традиционной тутовой бумаги (самаркандской бумаги)","Керамических изразцов","Copper engravings","Ipak gilamlar","Чим славиться сьогодні село Конігіл поблизу Самарканда, де було відроджено традиційне ручне виготовлення чого?","Płytek ceramicznych","Tradycyjnego papieru morwowego (papieru samarkandzkiego)","bbee740aee114e13bddfe307","2026-08-30T12:00:00","2026-08-30T12:00:00","7b3f2e9a1c4d8067f3a2e9b1","quiz-generator@example.com","false"
"Лише XVIII століття","Историки часто описывают Бухару как один из наиболее полно сохранившихся образцов средневекового города, поскольку её городская планировка какого периода сохранилась почти без изменений?","З XIX по XX століття","A","The 10th to 17th centuries","Historycy często opisują Bucharę jako jeden z najpełniej zachowanych przykładów średniowiecznego miasta, ponieważ jej układ urbanistyczny z których wieków przetrwał niemal niezmieniony?","С XIX по XX век","I-III asrlar","Только XVIII век","X-XVII asrlar","The 1st to 3rd centuries","Od XIX do XX wieku","Tylko XVIII wiek","Bukhara is often described by historians as one of the most complete surviving examples of a medieval city because its urban layout from which centuries has been preserved almost unchanged?","З I по III століття","Tarixchilar ko'pincha Buxoroni o'rta asr shaharining eng to'liq saqlanib qolgan namunalaridan biri deb ta'riflashadi, chunki uning qaysi asrlardagi shahar rejasi deyarli o'zgarishsiz saqlanib qolgan?","З X по XVII століття","The 19th to 20th centuries","Faqat XVIII asr","С X по XVII век","С I по III век","The 18th century alone","XIX-XX asrlar","Історики часто описують Бухару як один із найбільш повно збережених зразків середньовічного міста, оскільки її міське планування якого періоду збереглося майже без змін?","Od I do III wieku","Od X do XVII wieku","41be26b1a9084cbdb60f810f","2026-08-30T12:00:00","2026-08-30T12:00:00","7b3f2e9a1c4d8067f3a2e9b1","quiz-generator@example.com","false"
"Колишній зороастрійський храм вогню, що ніколи не був мечеттю","Мечеть Хазрати Хизр в Самарканде, построенная по приказу арабского полководца Кутейбы ибн Муслима, считается чем?","Найбільшу мечеть у світі","A","The first mosque built in Central Asia","Meczet Chazrat Chizr w Samarkandzie, zbudowany na rozkaz arabskiego wodza Kutajby ibn Muslima, jest uważany za co?","Крупнейшую мечеть в мире","Sobiq buddaviy ibodatxona","Бывший зороастрийский храм огня, никогда не бывший мечетью","Markaziy Osiyoda qurilgan birinchi masjid","A former Buddhist temple","Największy meczet na świecie","Była świątynia ognia zoroastryjska, nigdy nie będąca meczetem","Hazrat Khizr Mosque in Samarkand, built on the order of the Arab general Qutayba ibn Muslim, is considered what?","Колишній буддійський храм","Arab sarkardasi Qutayba ibn Muslim buyrug'i bilan qurilgan Samarqanddagi Hazrati Xizr masjidi nima hisoblanadi?","Першу мечеть, побудовану в Центральній Азії","The largest mosque in the world","Hech qachon masjid bo'lmagan sobiq zardushtiylik olov ibodatxonasi","Первую мечеть, построенную в Центральной Азии","Бывший буддийский храм","A former Zoroastrian fire temple only, never a mosque","Dunyodagi eng katta masjid","Мечеть Хазраті Хизр у Самарканді, побудована за наказом арабського полководця Кутейби ібн Мусліма, вважається чим?","Była świątynia buddyjska","Pierwszy meczet zbudowany w Azji Środkowej","d89bf93446bf43f7abebde79","2026-08-30T12:00:00","2026-08-30T12:00:00","7b3f2e9a1c4d8067f3a2e9b1","quiz-generator@example.com","false"
"Ташкента","Афрасиаб, городище которого находится к северу от современного центра города, является археологическим предшественником какого города?","Бухари","A","Samarkand","Afrasjab, starożytne stanowisko osadnicze, którego ruiny leżą tuż na północ od nowoczesnego centrum miasta, jest archeologicznym poprzednikiem którego miasta?","Бухары","Xiva","Ташкента","Samarqand","Khiva","Buchary","Taszkentu","Afrasiyab, an ancient settlement site whose ruins lie just north of the modern city center, is the archaeological predecessor of which city?","Хіви","Xarobalari zamonaviy shahar markazidan shimolda joylashgan qadimiy Afrosiyob shahri qaysi shaharning arxeologik salafi hisoblanadi?","Самарканда","Bukhara","Toshkent","Самарканда","Хивы","Tashkent","Buxoro","Афросіаб, городище якого знаходиться на північ від сучасного центру міста, є археологічним попередником якого міста?","Chiwy","Samarkandy","5f0eb6c335394d6cacb9b19e","2026-08-30T12:00:00","2026-08-30T12:00:00","7b3f2e9a1c4d8067f3a2e9b1","quiz-generator@example.com","false"
"Кримське ханство","Какое ханство было одним из последних, полностью присоединённых к Российской империи в 1876 году, после правления его последнего хана Худаяр-хана?","Хивинське ханство","A","The Khanate of Kokand","Który chanat był jednym z ostatnich w pełni zaanektowanych przez Imperium Rosyjskie w 1876 roku, po panowaniu jego ostatniego chana, Chudajar-chana?","Хивинское ханство","Buxoro amirligi","Крымское ханство","Qo'qon xonligi","The Emirate of Bukhara","Chanat Chiwy","Chanat Krymski","Which khanate was among the last to be fully annexed by the Russian Empire, in 1876, after the reign of its final khan, Khudayar Khan?","Бухарський емірат","Oxirgi xoni Xudoyorxon hukmronligidan so'ng 1876-yilda Rossiya imperiyasi tarkibiga to'liq qo'shib olingan so'nggi xonliklardan biri qaysi edi?","Кокандське ханство","The Khanate of Khiva","Qrim xonligi","Кокандское ханство","Бухарский эмират","The Khanate of Crimea","Xiva xonligi","Яке ханство було одним із останніх, повністю приєднаних до Російської імперії у 1876 році, після правління його останнього хана Худаяр-хана?","Emirat Bucharski","Chanat Kokandu","f3548a94812b435795d54bce","2026-08-30T12:00:00","2026-08-30T12:00:00","7b3f2e9a1c4d8067f3a2e9b1","quiz-generator@example.com","false"
"«Земля вільних людей»","Что буквально означает название «Узбекистон» (Узбекистан)?","«Земля тисячі річок»","A","Land of the Uzbeks","Co dosłownie oznacza nazwa ""Uzbekiston"" (Uzbekistan)?","«Земля тысячи рек»","""Ikki daryo oralig'idagi yurt""","«Земля свободных людей»","""O'zbeklar yurti""","Land between two rivers","""Kraina tysiąca rzek""","""Kraina wolnych ludzi""","What does the name ""Uzbekiston"" (Uzbekistan) literally mean?","«Земля між двома річками»","""O'zbekiston"" nomi so'zma-so'z nimani anglatadi?","«Земля узбеків»","Land of a thousand rivers","""Erkin xalqlar yurti""","«Земля узбеков»","«Земля между двух рек»","Land of the free people","""Ming daryolar yurti""","Що буквально означає назва «Узбекистон» (Узбекистан)?","""Kraina między dwiema rzekami""","""Kraina Uzbeków""","d752903fdf4b448bb0b2a95e","2026-08-30T12:00:00","2026-08-30T12:00:00","7b3f2e9a1c4d8067f3a2e9b1","quiz-generator@example.com","false"
"Кашкадар'їнська область","Какая из 12 областей (вилоятов) Узбекистана является самой маленькой по площади, при этом одной из самых густонаселённых?","Навоїйська область","A","Andijan Region","Które z 12 regionów (wiloyatów) Uzbekistanu jest najmniejsze pod względem powierzchni, mimo że jest jednym z najgęściej zaludnionych?","Навоийская область","Buxoro viloyati","Кашкадарьинская область","Andijon viloyati","Bukhara Region","Region Nawoi","Region Kaszkadaryjski","Which of Uzbekistan's 12 regions (viloyats) is the smallest by area, despite being one of the most densely populated?","Бухарська область","O'zbekistonning 12 viloyatidan qaysi biri, eng zich aholi joylashgan hududlaridan biri bo'lishiga qaramay, maydon jihatidan eng kichigi hisoblanadi?","Андижанська область","Navoiy Region","Qashqadaryo viloyati","Андижанская область","Бухарская область","Kashkadarya Region","Navoiy viloyati","Яка з 12 областей (вілоятів) Узбекистану є найменшою за площею, при цьому однією з найгустіше заселених?","Region Bucharski","Region Andiżański","50197591701147239140390f","2026-08-30T12:00:00","2026-08-30T12:00:00","7b3f2e9a1c4d8067f3a2e9b1","quiz-generator@example.com","false"
